"Path","BlobHash","SizeBytes","FileName","DuplicateFileNameCount","Classification","ProposedAction"
"Accounts/Reports/IGroup/BarcodePharmacyOkZebra.rpt","5c556871ce93fbdd558a5ed50cd4f9fd04e30aef","15872","BarcodePharmacyOkZebra.rpt","1","Unused: no project, source/config, or Report-table reference","QuarantineUnused"
"Accounts/Reports/IGroup/BarcodePharmacyx.rpt","a6bc6ca0499f6c06301caf45bd49a360d82f48e8","15872","BarcodePharmacyx.rpt","1","Unused: no project, source/config, or Report-table reference","QuarantineUnused"
"Accounts/Reports/IGroup/Cash Income Summary Per Month Per Service Per Doctor Per Cash Company Test.rpt","45d026ba3b98c2066ce37b9b7793bf820ba24a09","61440","Cash Income Summary Per Month Per Service Per Doctor Per Cash Company Test.rpt","1","Unused: no project, source/config, or Report-table reference","QuarantineUnused"
"Accounts/Reports/IGroup/Cash Income Summary Per Month Per Service Per Doctor Per Cash Company.rpt","4b488f318ac1509ca9d41140ff68718128f9ad45","59392","Cash Income Summary Per Month Per Service Per Doctor Per Cash Company.rpt","1","Unused: no project, source/config, or Report-table reference","QuarantineUnused"
"Accounts/Reports/IGroup/Cash Income Summary Per Month Per Service Per Doctor Per Month.rpt","71d181cc33cb96a299f2b39e0328c96651282720","58880","Cash Income Summary Per Month Per Service Per Doctor Per Month.rpt","1","Unused: no project, source/config, or Report-table reference","QuarantineUnused"
"Accounts/Reports/IGroup/Cash Income Summary Per Month Per Service Per Selected Doctor Per Month.rpt","9c73e2861ab123078dd7ba1ddab045dd248df8db","58880","Cash Income Summary Per Month Per Service Per Selected Doctor Per Month.rpt","1","Unused: no project, source/config, or Report-table reference","QuarantineUnused"
"Accounts/Reports/IGroup/Cash Income Summary Per Month Per Service Per Selected Doctor Per Year.rpt","8375f9873c7f2d34ee5a6922e19a2f03d1a40cdc","58880","Cash Income Summary Per Month Per Service Per Selected Doctor Per Year.rpt","1","Unused: no project, source/config, or Report-table reference","QuarantineUnused"
"Accounts/Reports/IGroup/Cash Income Summary Per Supplies Consumption Per Service Per Doctor.rpt","a0adf97b663fd4eb022d8896740675831439dd43","60928","Cash Income Summary Per Supplies Consumption Per Service Per Doctor.rpt","1","Unused: no project, source/config, or Report-table reference","QuarantineUnused"
"Accounts/Reports/IGroup/Cash Income Summary Per Supplies Consumpton Per Service Per Doctor.rpt","6b48f4e3d300a734a523cde131916d318e5247c0","60928","Cash Income Summary Per Supplies Consumpton Per Service Per Doctor.rpt","1","Unused: no project, source/config, or Report-table reference","QuarantineUnused"
"Accounts/Reports/IGroup/Cash Revenue Sale Vat and Revenue Posting Summary.rpt","b7203c397b11ba47bcf5b5c4e0b21fac959d72ec","97280","Cash Revenue Sale Vat and Revenue Posting Summary.rpt","1","Unused: no project, source/config, or Report-table reference","QuarantineUnused"
"Accounts/Reports/IGroup/CBCReportDyMind.rpt","f50ee3b9a5b3d3a4f72a1c70717344b9c3465c70","61952","CBCReportDyMind.rpt","1","Unused: no project, source/config, or Report-table reference","QuarantineUnused"
"Accounts/Reports/IGroup/CBCReportDyMindBySampleID.rpt","97d888e89c26f74ced3c4f94b0fad9c018e12312","61440","CBCReportDyMindBySampleID.rpt","1","Unused: no project, source/config, or Report-table reference","QuarantineUnused"
"Accounts/Reports/IGroup/CBCReportDyMindOK.rpt","02036956576da8abf36e3cf33ba2f3164fd3a607","61440","CBCReportDyMindOK.rpt","1","Unused: no project, source/config, or Report-table reference","QuarantineUnused"
"Accounts/Reports/IGroup/CBCReportDyMindTest.rpt","c3e34f867baed5e3ed36690b51f2442cbe15282e","59392","CBCReportDyMindTest.rpt","1","Unused: no project, source/config, or Report-table reference","QuarantineUnused"
"Accounts/Reports/IGroup/ClinicBillPrint.rpt","13270bbc592a443cb274329fc13a0dde6319371c","12831744","ClinicBillPrint.rpt","6","Unused: no project, source/config, or Report-table reference","QuarantineUnused"
"Accounts/Reports/IGroup/ClinicBillPrintTrial.rpt","66fd8df00b5536a12fa5723841b03562a083db29","12811264","ClinicBillPrintTrial.rpt","1","Unused: no project, source/config, or Report-table reference","QuarantineUnused"
"Accounts/Reports/IGroup/ClinicBillPrintTrial2.rpt","7ac9e041de0fdc59834635e1fb77a91cf537db4a","12813312","ClinicBillPrintTrial2.rpt","1","Unused: no project, source/config, or Report-table reference","QuarantineUnused"
"Accounts/Reports/IGroup/CompanyCreditInvoiceSummaryListBackupOld.rpt","ab2509e2c0f3a16ac50814cb801f34c82b1934ba","55808","CompanyCreditInvoiceSummaryListBackupOld.rpt","1","Unused: no project, source/config, or Report-table reference","QuarantineUnused"
"Accounts/Reports/IGroup/CompanyMonthlyInvoice Cash Company.rpt","5ec7c023ff1f66d2f7496c1adbf4b6e91a8624de","12448768","CompanyMonthlyInvoice Cash Company.rpt","1","Unused: no project, source/config, or Report-table reference","QuarantineUnused"
"Accounts/Reports/IGroup/Credit Revenue Sale Vat Report Summary Per Company Per Month Per Doctor .rpt","499b47ec0ed5db65f41a01ccbbb3260868e9b3d0","12272640","Credit Revenue Sale Vat Report Summary Per Company Per Month Per Doctor .rpt","1","Unused: no project, source/config, or Report-table reference","QuarantineUnused"
"Accounts/Reports/IGroup/Diagnostic Result Iqama.rpt","42a5745c3b0d5f00fea1504509ddc1bac174bb0c","51200","Diagnostic Result Iqama.rpt","1","Unused: no project, source/config, or Report-table reference","QuarantineUnused"
"Accounts/Reports/IGroup/Diagnostic Result Report Iqama-Baladiya (2-Old DB).rpt","6cf2015841d70704200de232f52d855e393cf045","55296","Diagnostic Result Report Iqama-Baladiya (2-Old DB).rpt","1","Unused: no project, source/config, or Report-table reference","QuarantineUnused"
"Accounts/Reports/IGroup/DosageLabe2.rpt","1fba8d5448cf7064a8d7f7f2609c5749b61739ee","12274688","DosageLabe2.rpt","1","Unused: no project, source/config, or Report-table reference","QuarantineUnused"
"Accounts/Reports/IGroup/DosageLabelIg.rpt","c656716aa3f37c7d8e2d4c6684a99d6ccf88095e","12276736","DosageLabelIg.rpt","1","Unused: no project, source/config, or Report-table reference","QuarantineUnused"
"Accounts/Reports/IGroup/DosageLabelOld.rpt","9cdf6bfdf0c302cc915c4734bcfa233e9a4a3c59","12275200","DosageLabelOld.rpt","1","Unused: no project, source/config, or Report-table reference","QuarantineUnused"
"Accounts/Reports/IGroup/ExpiryList Clinic.rpt","0280ec78c004d6868f34ff6ae178cacebe05cc44","51200","ExpiryList Clinic.rpt","1","Unused: no project, source/config, or Report-table reference","QuarantineUnused"
"Accounts/Reports/IGroup/IB Iqama Summary.rpt","e150fb9da1f352b4a908d71db2bea95e7b9ceacf","48128","IB Iqama Summary.rpt","1","Unused: no project, source/config, or Report-table reference","QuarantineUnused"
"Accounts/Reports/IGroup/IB Lab Sample Daily Report LandScape.rpt","e58a41fb377d57f3058ba7335f768458023ea585","50176","IB Lab Sample Daily Report LandScape.rpt","1","Unused: no project, source/config, or Report-table reference","QuarantineUnused"
"Accounts/Reports/IGroup/IB Lab Sample Daily Report Portrait.rpt","c93fca31a54cf0f2f5c21220970bfec4f6971ab1","47104","IB Lab Sample Daily Report Portrait.rpt","1","Unused: no project, source/config, or Report-table reference","QuarantineUnused"
"Accounts/Reports/IGroup/IBLabSampleDailyReport.rpt","4e7abb078ff4a58edb6dd959a745def6eee91cf4","48640","IBLabSampleDailyReport.rpt","1","Unused: no project, source/config, or Report-table reference","QuarantineUnused"
"Accounts/Reports/IGroup/Invoice List Per Company New2.rpt","27751b459262fbcf5cea15aec8e68bb59ee1f9cb","12816896","Invoice List Per Company New2.rpt","1","Unused: no project, source/config, or Report-table reference","QuarantineUnused"
"Accounts/Reports/IGroup/Invoice List Per Company3.rpt","052a98403eadcc426f25631d5f8a7ad2f9b8da46","12815360","Invoice List Per Company3.rpt","1","Unused: no project, source/config, or Report-table reference","QuarantineUnused"
"Accounts/Reports/IGroup/Iqama-Baladiya Diagnostic Result Report Original.rpt","74db5a49da6ba5f20e823105532b8d402c7bf51f","54784","Iqama-Baladiya Diagnostic Result Report Original.rpt","1","Unused: no project, source/config, or Report-table reference","QuarantineUnused"
"Accounts/Reports/IGroup/Lab Barcode/IBLabSamplePrintingOriginal.rpt","1056ae4a64f87fea5bfd40b6609cf945876059ae","18432","IBLabSamplePrintingOriginal.rpt","1","Unused: no project, source/config, or Report-table reference","QuarantineUnused"
"Accounts/Reports/IGroup/Lab Barcode/IBLabSamplePrintingOriginalTest.rpt","2dcf8c9b6dcc89c9e8fd418cf04f9f6efa6e5d8c","16384","IBLabSamplePrintingOriginalTest.rpt","1","Unused: no project, source/config, or Report-table reference","QuarantineUnused"
"Accounts/Reports/IGroup/Lab Sample Daily Repor 2t.rpt","d2d96f7fae46507c8b6aa299e8fdc0da30f4faf2","50688","Lab Sample Daily Repor 2t.rpt","1","Unused: no project, source/config, or Report-table reference","QuarantineUnused"
"Accounts/Reports/IGroup/Lab Sample Daily Report Final.rpt","b77e616605b9dc7144b4c99a4e0255ff516dae40","48640","Lab Sample Daily Report Final.rpt","1","Unused: no project, source/config, or Report-table reference","QuarantineUnused"
"Accounts/Reports/IGroup/Lab Sample Daily Report Orig.rpt","404da57742fadb7cbec184bfde62e11b18510cf8","51712","Lab Sample Daily Report Orig.rpt","1","Unused: no project, source/config, or Report-table reference","QuarantineUnused"
"Accounts/Reports/IGroup/Lab Sample Daily Report.rpt","fcfb93a64c9b33a8f1a95268d181c4f8e867d3f5","49664","Lab Sample Daily Report.rpt","1","Unused: no project, source/config, or Report-table reference","QuarantineUnused"
"Accounts/Reports/IGroup/Lab Sample Daily Report2.rpt","b6461c44a4457b80de31ceb09d51fd93ac971d5b","49152","Lab Sample Daily Report2.rpt","1","Unused: no project, source/config, or Report-table reference","QuarantineUnused"
"Accounts/Reports/IGroup/Lab Sample Taken List Report.rpt","63e1b0901160273724bf44ee898b2aecaecd43aa","51712","Lab Sample Taken List Report.rpt","1","Unused: no project, source/config, or Report-table reference","QuarantineUnused"
"Accounts/Reports/IGroup/MOH Clinic Repor By Clinict.rpt","5469a5ebbdeb52a4a4951dc1fcaefe5a98446e8b","134656","MOH Clinic Repor By Clinict.rpt","1","Unused: no project, source/config, or Report-table reference","QuarantineUnused"
"Accounts/Reports/IGroup/MOH Clinic Repor By Doctor.rpt","9f367a01272adab0d0ca774a846b9d96249a9065","91136","MOH Clinic Repor By Doctor.rpt","1","Unused: no project, source/config, or Report-table reference","QuarantineUnused"
"Accounts/Reports/IGroup/MOH Clinic Report By Doctor.rpt","75bb82a67067c0c311ea66793959f5b9a5d7b078","92160","MOH Clinic Report By Doctor.rpt","1","Unused: no project, source/config, or Report-table reference","QuarantineUnused"
"Accounts/Reports/IGroup/MOH IB Report.rpt","083c40abae8261791f80049955af7fa3f5cd7108","101376","MOH IB Report.rpt","3","Unused: no project, source/config, or Report-table reference","QuarantineUnused"
"Accounts/Reports/IGroup/MOH Laboratory Patients per Period.rpt","0b4cd0fe0c84c454dcacd3ba6dd3fa4eb3dfcf17","385024","MOH Laboratory Patients per Period.rpt","1","Unused: no project, source/config, or Report-table reference","QuarantineUnused"
"Accounts/Reports/IGroup/MOH Laboratory Tests Per Period.rpt","e8724fe0b3756919d63f39ddf3156c64c0dc879f","377856","MOH Laboratory Tests Per Period.rpt","1","Unused: no project, source/config, or Report-table reference","QuarantineUnused"
"Accounts/Reports/IGroup/Number  of Patients and Revenue per Doctor per Month.rpt","ad67be2045ecbcff6cbe7e16a0211e5f6ac01344","127488","Number  of Patients and Revenue per Doctor per Month.rpt","1","Unused: no project, source/config, or Report-table reference","QuarantineUnused"
"Accounts/Reports/IGroup/PMR Doctors Form 2.rpt","57d951ded9a1548f40b8289d88d587c976681647","143872","PMR Doctors Form 2.rpt","1","Unused: no project, source/config, or Report-table reference","QuarantineUnused"
"Accounts/Reports/IGroup/PMR Doctors Form Non-Pre Printed.rpt","4e75e19e2d649b71d8e70a63970eb94721764309","20992","PMR Doctors Form Non-Pre Printed.rpt","1","Unused: no project, source/config, or Report-table reference","QuarantineUnused"
"Accounts/Reports/IGroup/PMR Doctors Form Pre Printed.rpt","4e75e19e2d649b71d8e70a63970eb94721764309","20992","PMR Doctors Form Pre Printed.rpt","1","Unused: no project, source/config, or Report-table reference","QuarantineUnused"
"Accounts/Reports/IGroup/PMR Doctors Form With Graphics.rpt","7b4434de82ad6d958f31c9541352ba6d9343242d","143872","PMR Doctors Form With Graphics.rpt","1","Unused: no project, source/config, or Report-table reference","QuarantineUnused"
"Accounts/Reports/IGroup/PMR Doctors Form With Printed Details.rpt","eb3395b0b65593eeac51d6926730e41897a35203","143872","PMR Doctors Form With Printed Details.rpt","1","Unused: no project, source/config, or Report-table reference","QuarantineUnused"
"Accounts/Reports/IGroup/PMR Doctors Form2.rpt","89e24e7e825ffd04d3820a03a2e0f7f0000a422b","143872","PMR Doctors Form2.rpt","1","Unused: no project, source/config, or Report-table reference","QuarantineUnused"
"Accounts/Reports/IGroup/Posting Company Credit Revenue Sale.rpt","b09de318f11865fba38b557d88c7b9cbb1e5d538","12272640","Posting Company Credit Revenue Sale.rpt","1","Unused: no project, source/config, or Report-table reference","QuarantineUnused"
"Accounts/Reports/IGroup/Report1.rpt","7771a6d8847a4b8fd5bec83b90632ab89f8f6a0c","84480","Report1.rpt","4","Unused: no project, source/config, or Report-table reference","QuarantineUnused"
"Accounts/Reports/IGroup/Reports/09-Clinic Total Purchases Report (AP) New Arabic.rpt","01f2380f4aae28ae3551a19980c6065bc969d72c","834560","09-Clinic Total Purchases Report (AP) New Arabic.rpt","2","Unused: no project, source/config, or Report-table reference","QuarantineUnused"
"Accounts/Reports/IGroup/Reports/1. MOH IB Report.rpt","ccd7c178d187216573ea5bd7d23ccb717be30fcb","72192","1. MOH IB Report.rpt","1","Unused: no project, source/config, or Report-table reference","QuarantineUnused"
"Accounts/Reports/IGroup/Reports/2. MOH Clinic Report.rpt","09a76d8290e7a35b43d93c5f45e9eed38c9a879b","93184","2. MOH Clinic Report.rpt","1","Unused: no project, source/config, or Report-table reference","QuarantineUnused"
"Accounts/Reports/IGroup/Reports/3. MOH Laboratory Tests Per Period.rpt","e8724fe0b3756919d63f39ddf3156c64c0dc879f","377856","3. MOH Laboratory Tests Per Period.rpt","1","Unused: no project, source/config, or Report-table reference","QuarantineUnused"
"Accounts/Reports/IGroup/Reports/4. MOH Laboratory Patients per Period.rpt","0b4cd0fe0c84c454dcacd3ba6dd3fa4eb3dfcf17","385024","4. MOH Laboratory Patients per Period.rpt","1","Unused: no project, source/config, or Report-table reference","QuarantineUnused"
"Accounts/Reports/IGroup/Reports/4thQtrPurchase.rpt","2bb6b864d170be4d37e631bcd5706e96a6899fb9","833536","4thQtrPurchase.rpt","1","Unused: no project, source/config, or Report-table reference","QuarantineUnused"
"Accounts/Reports/IGroup/Reports/Accounts/Balance Sheet Arabic Monthly 2.rpt","f96d3c59b8ed1f3b74fe05ad2230763c333fca1e","1287680","Balance Sheet Arabic Monthly 2.rpt","1","Unused: no project, source/config, or Report-table reference","QuarantineUnused"
"Accounts/Reports/IGroup/Reports/Accounts/Balance Sheet Arabic Monthly.rpt","eebd7575ab20af76a93604724330c03cef92dc5b","1288192","Balance Sheet Arabic Monthly.rpt","2","Unused: no project, source/config, or Report-table reference","QuarantineUnused"
"Accounts/Reports/IGroup/Reports/Accounts/Balance Sheet Arabic Yearly.rpt","2833b3b154d2dcc8fb975423c3116f8f79328748","1373696","Balance Sheet Arabic Yearly.rpt","2","Unused: no project, source/config, or Report-table reference","QuarantineUnused"
"Accounts/Reports/IGroup/Reports/Accounts/Balance Sheet Arabic Yearly2.rpt","bc3056b355e598935aa419a4a549c10ff2a2753f","1062400","Balance Sheet Arabic Yearly2.rpt","2","Unused: no project, source/config, or Report-table reference","QuarantineUnused"
"Accounts/Reports/IGroup/Reports/Accounts/Cash Disbursement Journal2.rpt","b54ee2ac284d92991658b24d7faf58d9cd8af85e","824832","Cash Disbursement Journal2.rpt","1","Unused: no project, source/config, or Report-table reference","QuarantineUnused"
"Accounts/Reports/IGroup/Reports/Accounts/Final Reports/Balance Sheet Arabic Monthly.rpt","80115350a9226e11e832fc3122c42f73bd301bab","1198592","Balance Sheet Arabic Monthly.rpt","2","Unused: no project, source/config, or Report-table reference","QuarantineUnused"
"Accounts/Reports/IGroup/Reports/Accounts/Final Reports/Balance Sheet Arabic Yearly Old.rpt","93e4861ddf3c02a8a57b0874089d8da99c90a2a4","1153024","Balance Sheet Arabic Yearly Old.rpt","1","Unused: no project, source/config, or Report-table reference","QuarantineUnused"
"Accounts/Reports/IGroup/Reports/Accounts/Final Reports/Balance Sheet Arabic Yearly.rpt","087620f6fe2c3a61b43121d9c33f0536cff9674e","1222144","Balance Sheet Arabic Yearly.rpt","2","Unused: no project, source/config, or Report-table reference","QuarantineUnused"
"Accounts/Reports/IGroup/Reports/Accounts/Final Reports/Balance Sheet Arabic Yearly2.rpt","bac5ec328799b9ba91e4819ec9eb8ca74a2cbf5e","1039360","Balance Sheet Arabic Yearly2.rpt","2","Unused: no project, source/config, or Report-table reference","QuarantineUnused"
"Accounts/Reports/IGroup/Reports/Accounts/Final Reports/Custom Functions.rpt","4968d109f70a254bba91d6457c0840a46dbda689","45056","Custom Functions.rpt","1","Unused: no project, source/config, or Report-table reference","QuarantineUnused"
"Accounts/Reports/IGroup/Reports/Accounts/Final Reports/Income Statement Arabic Monthly.rpt","12a442adb0fa78a2160c3c344c1e117db0c77b23","861184","Income Statement Arabic Monthly.rpt","2","Unused: no project, source/config, or Report-table reference","QuarantineUnused"
"Accounts/Reports/IGroup/Reports/Accounts/Final Reports/Income Statement Arabic Yearly.rpt","4bf2fe62da978381ba553242c1c9b0e4fe1f0cf0","1016832","Income Statement Arabic Yearly.rpt","2","Unused: no project, source/config, or Report-table reference","QuarantineUnused"
"Accounts/Reports/IGroup/Reports/Accounts/Final Reports/Summary of Accounts Payables Arabic.rpt","45f1d002465077bf00bf68e515042d22e68cd274","990208","Summary of Accounts Payables Arabic.rpt","1","Unused: no project, source/config, or Report-table reference","QuarantineUnused"
"Accounts/Reports/IGroup/Reports/Accounts/Final Reports/Summary of Accounts Receivables Arabic.rpt","d0390a0d4ab7fc50bfbf4947580a390f415d21ef","936960","Summary of Accounts Receivables Arabic.rpt","1","Unused: no project, source/config, or Report-table reference","QuarantineUnused"
"Accounts/Reports/IGroup/Reports/Accounts/Final Reports/Trial Balance Arabic Monthly.rpt","2774c5e87419d00a67ff0ba5a40d47727fd5e2a8","1226240","Trial Balance Arabic Monthly.rpt","2","Unused: no project, source/config, or Report-table reference","QuarantineUnused"
"Accounts/Reports/IGroup/Reports/Accounts/Final Reports/Trial Balance Arabic Yearly.rpt","3135f3b9b4a978a33d9ede2454d8af3f2f09a1ee","1301504","Trial Balance Arabic Yearly.rpt","2","Unused: no project, source/config, or Report-table reference","QuarantineUnused"
"Accounts/Reports/IGroup/Reports/Accounts/Final Reports/xxxxStatement of Accounts Payables Arabic.rpt","410395388056bc45c63ed197461bd6268d49827e","823808","xxxxStatement of Accounts Payables Arabic.rpt","1","Unused: no project, source/config, or Report-table reference","QuarantineUnused"
"Accounts/Reports/IGroup/Reports/Accounts/Income Statement Arabic Final (Revised).rpt","3f0affc35c21bdff3c0fa17544d7f158cdd8b431","1031168","Income Statement Arabic Final (Revised).rpt","1","Unused: no project, source/config, or Report-table reference","QuarantineUnused"
"Accounts/Reports/IGroup/Reports/Accounts/Income Statement Arabic Final (Revised2).rpt","8dcdb6e8e9ad56878a8128eeb4772ac7a87b5055","1015808","Income Statement Arabic Final (Revised2).rpt","1","Unused: no project, source/config, or Report-table reference","QuarantineUnused"
"Accounts/Reports/IGroup/Reports/Accounts/Income Statement Arabic Final (Revised2)2.rpt","419747923d0a0c392571ae8660db82aaa6fa69e7","1015296","Income Statement Arabic Final (Revised2)2.rpt","1","Unused: no project, source/config, or Report-table reference","QuarantineUnused"
"Accounts/Reports/IGroup/Reports/Accounts/Income Statement Arabic Final 2.rpt","a6eb3a26d3696829aa0b82238ea6fcbb00c44230","1031168","Income Statement Arabic Final 2.rpt","1","Unused: no project, source/config, or Report-table reference","QuarantineUnused"
"Accounts/Reports/IGroup/Reports/Accounts/Income Statement Arabic Final New.rpt","e58c72d14667641b95174c037543ae4ca556d3cd","836096","Income Statement Arabic Final New.rpt","1","Unused: no project, source/config, or Report-table reference","QuarantineUnused"
"Accounts/Reports/IGroup/Reports/Accounts/Income Statement Arabic Final Newa.rpt","64ca6c0738cc0d771767a211f5b76cf25c45e34f","1005056","Income Statement Arabic Final Newa.rpt","1","Unused: no project, source/config, or Report-table reference","QuarantineUnused"
"Accounts/Reports/IGroup/Reports/Accounts/Income Statement Arabic Final Trial2.rpt","72d536c2b0afc795fb2395b6a580c9db2d029241","1031168","Income Statement Arabic Final Trial2.rpt","1","Unused: no project, source/config, or Report-table reference","QuarantineUnused"
"Accounts/Reports/IGroup/Reports/Accounts/Income Statement Arabic Final.rpt","769c36b65fc6ade1c2fa63ca54dc0f77c49f5d29","1030656","Income Statement Arabic Final.rpt","1","Unused: no project, source/config, or Report-table reference","QuarantineUnused"
"Accounts/Reports/IGroup/Reports/Accounts/Income Statement Arabic Final2.rpt","8fc637589749d7a429c12ab09ca9d1ae32b2adec","1009152","Income Statement Arabic Final2.rpt","1","Unused: no project, source/config, or Report-table reference","QuarantineUnused"
"Accounts/Reports/IGroup/Reports/Accounts/Income Statement Arabic Final3.rpt","0cd1cbf22052ba06529aceacc436104141f980a1","6280704","Income Statement Arabic Final3.rpt","1","Unused: no project, source/config, or Report-table reference","QuarantineUnused"
"Accounts/Reports/IGroup/Reports/Accounts/Income Statement Arabic Monthly.rpt","8e065b171366ccb23e28e179a8bf7c458480a610","861184","Income Statement Arabic Monthly.rpt","2","Unused: no project, source/config, or Report-table reference","QuarantineUnused"
"Accounts/Reports/IGroup/Reports/Accounts/Income Statement Arabic Test.rpt","80324c677542f4ecf055d9e97e8ba2c4f2a3030d","835584","Income Statement Arabic Test.rpt","1","Unused: no project, source/config, or Report-table reference","QuarantineUnused"
"Accounts/Reports/IGroup/Reports/Accounts/Income Statement Arabic Testa.rpt","aee350da7645cacad89689e1c4fa05fa09dbab78","835072","Income Statement Arabic Testa.rpt","1","Unused: no project, source/config, or Report-table reference","QuarantineUnused"
"Accounts/Reports/IGroup/Reports/Accounts/Income Statement Arabic Testb.rpt","094ecaa6603c732f0e333c850eec3e9f157a4fc4","835072","Income Statement Arabic Testb.rpt","1","Unused: no project, source/config, or Report-table reference","QuarantineUnused"
"Accounts/Reports/IGroup/Reports/Accounts/Income Statement Arabic Testba.rpt","49e2ec5547ba43c52d71b149da7e047d8542fd24","835584","Income Statement Arabic Testba.rpt","1","Unused: no project, source/config, or Report-table reference","QuarantineUnused"
"Accounts/Reports/IGroup/Reports/Accounts/Income Statement Arabic Trial 10.rpt","257933fa7ae3bdf0f79a0a7899825bf23eceb943","987648","Income Statement Arabic Trial 10.rpt","1","Unused: no project, source/config, or Report-table reference","QuarantineUnused"
"Accounts/Reports/IGroup/Reports/Accounts/Income Statement Arabic Trial 11.rpt","ffd51e7dfc37d4315a5704b621fc53171b27d9f1","1044480","Income Statement Arabic Trial 11.rpt","1","Unused: no project, source/config, or Report-table reference","QuarantineUnused"
"Accounts/Reports/IGroup/Reports/Accounts/Income Statement Arabic Trial 11a.rpt","c1d42c2122ac0cbfa6e59de73fbdf8d88817f930","1044480","Income Statement Arabic Trial 11a.rpt","1","Unused: no project, source/config, or Report-table reference","QuarantineUnused"
"Accounts/Reports/IGroup/Reports/Accounts/Income Statement Arabic Trial 11b.rpt","fa49c722f50b4cf5c8baa63f9b58d90065f2883c","1048576","Income Statement Arabic Trial 11b.rpt","1","Unused: no project, source/config, or Report-table reference","QuarantineUnused"
"Accounts/Reports/IGroup/Reports/Accounts/Income Statement Arabic Trial 11bA.rpt","55598907d50872784d4dfe567a57e75c78f8c668","955904","Income Statement Arabic Trial 11bA.rpt","1","Unused: no project, source/config, or Report-table reference","QuarantineUnused"
"Accounts/Reports/IGroup/Reports/Accounts/Income Statement Arabic Trial 11bAb.rpt","94342965a9bfbbcfe6ed9dc1f3fb44f11336e237","956928","Income Statement Arabic Trial 11bAb.rpt","1","Unused: no project, source/config, or Report-table reference","QuarantineUnused"
"Accounts/Reports/IGroup/Reports/Accounts/Income Statement Arabic Trial 11bAc.rpt","23e33552ce2897f1ce83eebaaa7338711bd78140","958976","Income Statement Arabic Trial 11bAc.rpt","1","Unused: no project, source/config, or Report-table reference","QuarantineUnused"
"Accounts/Reports/IGroup/Reports/Accounts/Income Statement Arabic Trial 11bAca.rpt","9a5da67c28b19633a087c61dc85f98467f96ef9f","958976","Income Statement Arabic Trial 11bAca.rpt","1","Unused: no project, source/config, or Report-table reference","QuarantineUnused"
"Accounts/Reports/IGroup/Reports/Accounts/Income Statement Arabic Trial 2.rpt","642ee5a587e3c699928e8bc7076fd5fcfe8780e0","1042944","Income Statement Arabic Trial 2.rpt","1","Unused: no project, source/config, or Report-table reference","QuarantineUnused"
"Accounts/Reports/IGroup/Reports/Accounts/Income Statement Arabic Trial 3.rpt","ad497a062650af88089cc03fb8a38698841d75c2","1042944","Income Statement Arabic Trial 3.rpt","1","Unused: no project, source/config, or Report-table reference","QuarantineUnused"
"Accounts/Reports/IGroup/Reports/Accounts/Income Statement Arabic Trial 4.rpt","938da2c56f9d056edd3bd06465b2298bd7564294","1042432","Income Statement Arabic Trial 4.rpt","1","Unused: no project, source/config, or Report-table reference","QuarantineUnused"
"Accounts/Reports/IGroup/Reports/Accounts/Income Statement Arabic Trial 5.rpt","924c532bfeaf3081b6f86513fd5861fccae20cb1","1042432","Income Statement Arabic Trial 5.rpt","1","Unused: no project, source/config, or Report-table reference","QuarantineUnused"
"Accounts/Reports/IGroup/Reports/Accounts/Income Statement Arabic Trial 6.rpt","b07515a1ee1f0cfded0d0f3ea06193d8be594814","1043456","Income Statement Arabic Trial 6.rpt","1","Unused: no project, source/config, or Report-table reference","QuarantineUnused"
"Accounts/Reports/IGroup/Reports/Accounts/Income Statement Arabic Trial 7.rpt","7cf5803d318237fe890c9ae7c6c864b4723ff86c","1042944","Income Statement Arabic Trial 7.rpt","1","Unused: no project, source/config, or Report-table reference","QuarantineUnused"
"Accounts/Reports/IGroup/Reports/Accounts/Income Statement Arabic Trial 7a.rpt","5e4615146a4f48a4269a6f4164d2f64d9f8a0840","1043456","Income Statement Arabic Trial 7a.rpt","1","Unused: no project, source/config, or Report-table reference","QuarantineUnused"
"Accounts/Reports/IGroup/Reports/Accounts/Income Statement Arabic Trial 7b.rpt","1508b42beddba426320027a7857a38d793f645bb","840192","Income Statement Arabic Trial 7b.rpt","1","Unused: no project, source/config, or Report-table reference","QuarantineUnused"
"Accounts/Reports/IGroup/Reports/Accounts/Income Statement Arabic Trial 8.rpt","667f385b4a607e81ec96a4b9ce39e8cb72400af0","1042944","Income Statement Arabic Trial 8.rpt","1","Unused: no project, source/config, or Report-table reference","QuarantineUnused"
"Accounts/Reports/IGroup/Reports/Accounts/Income Statement Arabic Trial 9.rpt","bc216f87528120e49f04f13600cd1997e54fd589","1043456","Income Statement Arabic Trial 9.rpt","1","Unused: no project, source/config, or Report-table reference","QuarantineUnused"
"Accounts/Reports/IGroup/Reports/Accounts/Income Statement Arabic Trial New.rpt","8457309350d851072b5aaa6a332fc835cd83965b","934912","Income Statement Arabic Trial New.rpt","1","Unused: no project, source/config, or Report-table reference","QuarantineUnused"
"Accounts/Reports/IGroup/Reports/Accounts/Income Statement Arabic Trial.rpt","6731a0fa2f9cc0ef0e22d2febb356e1e6da18a7d","1038336","Income Statement Arabic Trial.rpt","1","Unused: no project, source/config, or Report-table reference","QuarantineUnused"
"Accounts/Reports/IGroup/Reports/Accounts/Income Statement Arabic Triala.rpt","d7b6a3d1f45e65b8748ec883d9cc6e36cdde92fb","1024000","Income Statement Arabic Triala.rpt","1","Unused: no project, source/config, or Report-table reference","QuarantineUnused"
"Accounts/Reports/IGroup/Reports/Accounts/Income Statement Arabic Trialb.rpt","ea010fa0da0fa89b6bddd4a073be9858c9b50508","1023488","Income Statement Arabic Trialb.rpt","1","Unused: no project, source/config, or Report-table reference","QuarantineUnused"
"Accounts/Reports/IGroup/Reports/Accounts/Income Statement Arabic TrialC.rpt","547e61399511362d8ec751d992a087c010bdaaa2","833536","Income Statement Arabic TrialC.rpt","1","Unused: no project, source/config, or Report-table reference","QuarantineUnused"
"Accounts/Reports/IGroup/Reports/Accounts/Income Statement Arabic Yearly.rpt","2b1f4a14008524b99a28cec0e67cc3871084d4f0","1015808","Income Statement Arabic Yearly.rpt","2","Unused: no project, source/config, or Report-table reference","QuarantineUnused"
"Accounts/Reports/IGroup/Reports/Accounts/Income Statement Arabic.rpt","0432d026bafdfa413ee9c866c68e9cb42907fb12","1031680","Income Statement Arabic.rpt","1","Unused: no project, source/config, or Report-table reference","QuarantineUnused"
"Accounts/Reports/IGroup/Reports/Accounts/Report1.rpt","bc0bd362fef0e02f993112fbdc94757d7e197b57","481280","Report1.rpt","4","Unused: no project, source/config, or Report-table reference","QuarantineUnused"
"Accounts/Reports/IGroup/Reports/Accounts/Statement of Accounts Payable 3.rpt","659ac6520bf9a78f32ad127a658b1dd2c6b639ba","49152","Statement of Accounts Payable 3.rpt","1","Unused: no project, source/config, or Report-table reference","QuarantineUnused"
"Accounts/Reports/IGroup/Reports/Accounts/Statement of Accounts Payable 4.rpt","134b45f1f5defb2ce4275e08334a8cdb863630d0","838656","Statement of Accounts Payable 4.rpt","1","Unused: no project, source/config, or Report-table reference","QuarantineUnused"
"Accounts/Reports/IGroup/Reports/Accounts/Summary of Accounts Payables.rpt","b0cc6f8684dd88b65b633d7da5c645a459422c8a","974336","Summary of Accounts Payables.rpt","1","Unused: no project, source/config, or Report-table reference","QuarantineUnused"
"Accounts/Reports/IGroup/Reports/Accounts/Trial Balance Arabic Monthly.rpt","4194c1db27ffaa0b3c19d12c9968da544486295a","1303040","Trial Balance Arabic Monthly.rpt","2","Unused: no project, source/config, or Report-table reference","QuarantineUnused"
"Accounts/Reports/IGroup/Reports/Accounts/Trial Balance Arabic Yearly 2.rpt","ac84a792db3a7513617b4d4bcee7f8b8ba2d399c","1286144","Trial Balance Arabic Yearly 2.rpt","1","Unused: no project, source/config, or Report-table reference","QuarantineUnused"
"Accounts/Reports/IGroup/Reports/Accounts/Trial Balance Arabic Yearly.rpt","d454d80be9368abf657c4772104977e8cce6bb87","1302528","Trial Balance Arabic Yearly.rpt","2","Unused: no project, source/config, or Report-table reference","QuarantineUnused"
"Accounts/Reports/IGroup/Reports/Accounts/Trial Balance Arabic.rpt","38eaebc36262d58333937719968cd4b985255d5d","1266688","Trial Balance Arabic.rpt","1","Unused: no project, source/config, or Report-table reference","QuarantineUnused"
"Accounts/Reports/IGroup/Reports/AccountsLedgerSummary.rpt","8ca6d3d7c392f4bad56df42d194f20509207fa02","1162240","AccountsLedgerSummary.rpt","1","Unused: no project, source/config, or Report-table reference","QuarantineUnused"
"Accounts/Reports/IGroup/Reports/AccountsOpeningBalance.rpt","be70947add48649cf9c13d97ba4b722dc5880b3a","48128","AccountsOpeningBalance.rpt","2","Unused: no project, source/config, or Report-table reference","QuarantineUnused"
"Accounts/Reports/IGroup/Reports/AccountsVoucherType.rpt","f6ed868bbd67746f96e7b6b4533d2ad23e3a100e","47616","AccountsVoucherType.rpt","2","Unused: no project, source/config, or Report-table reference","QuarantineUnused"
"Accounts/Reports/IGroup/Reports/Backup/CombinedReportDateWise.rpt.orig.rpt","eb055ed78bb7587a345b9b5158e868aed84fa74c","52224","CombinedReportDateWise.rpt.orig.rpt","1","Unused: no project, source/config, or Report-table reference","QuarantineUnused"
"Accounts/Reports/IGroup/Reports/Backup/DCMedicalReportForm.rpt","6677876562ae4de725b806de6becb4e1a3c25e4e","46592","DCMedicalReportForm.rpt","3","Unused: no project, source/config, or Report-table reference","QuarantineUnused"
"Accounts/Reports/IGroup/Reports/Backup/LabInvp001.rpt","50ed80af1fb867f5aec6a016624f426e9501336d","50688","LabInvp001.rpt","5","Unused: no project, source/config, or Report-table reference","QuarantineUnused"
"Accounts/Reports/IGroup/Reports/BarcodeLabSamplePrinting.rpt","7449983bd04af0c65721a338b4e6a56fc086c5b8","17408","BarcodeLabSamplePrinting.rpt","1","Unused: no project, source/config, or Report-table reference","QuarantineUnused"
"Accounts/Reports/IGroup/Reports/BarcodeLabSamplePrinting2.rpt","43804cb06c6e658e520261b34902a6e12ee5e661","19456","BarcodeLabSamplePrinting2.rpt","1","Unused: no project, source/config, or Report-table reference","QuarantineUnused"
"Accounts/Reports/IGroup/Reports/BarcodeLabSamplePrintingBackup.rpt","d486c07e1ca3262d7a44daa2afc723152ca85761","17408","BarcodeLabSamplePrintingBackup.rpt","1","Unused: no project, source/config, or Report-table reference","QuarantineUnused"
"Accounts/Reports/IGroup/Reports/BarcodeLabSamplePrintingCode128.rpt","8ecf66c99eee21798421b67f938fd872556085a7","17920","BarcodeLabSamplePrintingCode128.rpt","1","Unused: no project, source/config, or Report-table reference","QuarantineUnused"
"Accounts/Reports/IGroup/Reports/BarcodeLabSamplePrintingOld (2).rpt","9bd6dd5e007dfc47034dfc4a33c4c0c102fe4e58","19456","BarcodeLabSamplePrintingOld (2).rpt","1","Unused: no project, source/config, or Report-table reference","QuarantineUnused"
"Accounts/Reports/IGroup/Reports/BarcodeLabSamplePrintingOld.rpt","90d2694833aa8332fcc784c9483e5a010164f6c5","17408","BarcodeLabSamplePrintingOld.rpt","1","Unused: no project, source/config, or Report-table reference","QuarantineUnused"
"Accounts/Reports/IGroup/Reports/BarcodeLabSamplePrintingTest.rpt","da31ef250978106bac91e97a15da2b4bbe7a6934","17920","BarcodeLabSamplePrintingTest.rpt","1","Unused: no project, source/config, or Report-table reference","QuarantineUnused"
"Accounts/Reports/IGroup/Reports/BarcodeLabSamplePrintingxxxx.rpt","56ffef7053dac27e455f0a569a73a3e4e009a59e","17408","BarcodeLabSamplePrintingxxxx.rpt","1","Unused: no project, source/config, or Report-table reference","QuarantineUnused"
"Accounts/Reports/IGroup/Reports/Cash Income Summary per Cost Center Clinic Only.rpt","4f688318dd5f1bcf35ed5c50744b60c1eb20ed9a","226816","Cash Income Summary per Cost Center Clinic Only.rpt","1","Unused: no project, source/config, or Report-table reference","QuarantineUnused"
"Accounts/Reports/IGroup/Reports/Clinic Inventory Report for a given date.rpt","fec57a9d7432698885e8dea0e4015f039955a303","110080","Clinic Inventory Report for a given date.rpt","1","Unused: no project, source/config, or Report-table reference","QuarantineUnused"
"Accounts/Reports/IGroup/Reports/ClinicBillPrint - Orig.rpt","13482fe3afd8387c33c1deb55e2d22aae9fdb36b","14848","ClinicBillPrint - Orig.rpt","3","Unused: no project, source/config, or Report-table reference","QuarantineUnused"
"Accounts/Reports/IGroup/Reports/ClinicBillPrint (2).rpt","d557139c8a441b30fdc41997019c1216007e7e81","16384","ClinicBillPrint (2).rpt","1","Unused: no project, source/config, or Report-table reference","QuarantineUnused"
"Accounts/Reports/IGroup/Reports/ClinicBillPrint.rpt","b40aa7220c27bf994abf460fb8e00c6169de9515","226816","ClinicBillPrint.rpt","6","Unused: no project, source/config, or Report-table reference","QuarantineUnused"
"Accounts/Reports/IGroup/Reports/ClinicBillPrint1.rpt","78939beae2a49372eda970867d6fe53abd949b7c","14336","ClinicBillPrint1.rpt","3","Unused: no project, source/config, or Report-table reference","QuarantineUnused"
"Accounts/Reports/IGroup/Reports/ClinicBillPrint2.rpt","344314192f86627f48974a37b288795a30712419","223744","ClinicBillPrint2.rpt","2","Unused: no project, source/config, or Report-table reference","QuarantineUnused"
"Accounts/Reports/IGroup/Reports/ClinicBillPrint22222.rpt","0492a0fcaef810d388559b7981a749b4f7dab37f","16384","ClinicBillPrint22222.rpt","1","Unused: no project, source/config, or Report-table reference","QuarantineUnused"
"Accounts/Reports/IGroup/Reports/ClinicBillPrint4.rpt","bcc8be23da80b56b705d3b453ac184f4647160b0","14848","ClinicBillPrint4.rpt","1","Unused: no project, source/config, or Report-table reference","QuarantineUnused"
"Accounts/Reports/IGroup/Reports/ClinicBillPrintArabic.rpt","b5e11018b69dfc7ff659db3e94ccc7b7a261ab95","188928","ClinicBillPrintArabic.rpt","1","Unused: no project, source/config, or Report-table reference","QuarantineUnused"
"Accounts/Reports/IGroup/Reports/ClinicBillPrintArabicMontlyTotal.rpt","f65a3f9d9d1df834d15b2f5738b965357b260b1b","186880","ClinicBillPrintArabicMontlyTotal.rpt","1","Unused: no project, source/config, or Report-table reference","QuarantineUnused"
"Accounts/Reports/IGroup/Reports/ClinicBillPrintHorizontalVersionTotal.rpt","3a3fe2bdd4b61766b5945114721e6ae420d358d9","223744","ClinicBillPrintHorizontalVersionTotal.rpt","1","Unused: no project, source/config, or Report-table reference","QuarantineUnused"
"Accounts/Reports/IGroup/Reports/ClinicBillPrintHorizontalVersionTotal1.rpt","6ea0687e36f3a20e12e9c3780af0cf9553c1ebce","223744","ClinicBillPrintHorizontalVersionTotal1.rpt","1","Unused: no project, source/config, or Report-table reference","QuarantineUnused"
"Accounts/Reports/IGroup/Reports/ClinicBillPrintLastTestingOk.rpt","89787852e40f111a96359b3195b9215ce92d778c","226816","ClinicBillPrintLastTestingOk.rpt","1","Unused: no project, source/config, or Report-table reference","QuarantineUnused"
"Accounts/Reports/IGroup/Reports/ClinicBillPrintNew.rpt","3d36e52e004df381ee3d7600575d1ea977831a94","223744","ClinicBillPrintNew.rpt","1","Unused: no project, source/config, or Report-table reference","QuarantineUnused"
"Accounts/Reports/IGroup/Reports/ClinicBillPrintNewCopy.rpt","05dd3849525b0101f842cb36eaf0fcf417cc9712","16896","ClinicBillPrintNewCopy.rpt","1","Unused: no project, source/config, or Report-table reference","QuarantineUnused"
"Accounts/Reports/IGroup/Reports/ClinicBillPrintNewer.rpt","766d9d8f4df9ad87cb300a07f517b63b9855144b","16384","ClinicBillPrintNewer.rpt","1","Unused: no project, source/config, or Report-table reference","QuarantineUnused"
"Accounts/Reports/IGroup/Reports/ClinicBillPrintOk.rpt","0492a0fcaef810d388559b7981a749b4f7dab37f","16384","ClinicBillPrintOk.rpt","1","Unused: no project, source/config, or Report-table reference","QuarantineUnused"
"Accounts/Reports/IGroup/Reports/ClinicBillPrintoK3.rpt","3c355b6abb931b669e7170f219e213b4cbc27b5e","16384","ClinicBillPrintoK3.rpt","1","Unused: no project, source/config, or Report-table reference","QuarantineUnused"
"Accounts/Reports/IGroup/Reports/ClinicBillPrintOLDFORMAT.rpt","19cedf3a60a4b56d986dacf58ec6192b4163e6ab","16896","ClinicBillPrintOLDFORMAT.rpt","1","Unused: no project, source/config, or Report-table reference","QuarantineUnused"
"Accounts/Reports/IGroup/Reports/ClinicBillPrintOldInvoice.rpt","3d49b76efd68bd5e36794e32f480d989a9f3c1bc","16896","ClinicBillPrintOldInvoice.rpt","1","Unused: no project, source/config, or Report-table reference","QuarantineUnused"
"Accounts/Reports/IGroup/Reports/ClinicBillPrintx.rpt","91c7077b92980bd5d4bbd3438bff4042ed1b8f37","14848","ClinicBillPrintx.rpt","3","Unused: no project, source/config, or Report-table reference","QuarantineUnused"
"Accounts/Reports/IGroup/Reports/ClinicBillPrintxxxx.rpt","0e262cb2b0083f61c15b793ab89d6caa2557c63e","16384","ClinicBillPrintxxxx.rpt","1","Unused: no project, source/config, or Report-table reference","QuarantineUnused"
"Accounts/Reports/IGroup/Reports/ClinicBillPrintZebra.rpt","8577750778eee4070c87c78d43a7be7451ac1ff3","18432","ClinicBillPrintZebra.rpt","1","Unused: no project, source/config, or Report-table reference","QuarantineUnused"
"Accounts/Reports/IGroup/Reports/ClinicCreditStatementOrig.rpt","f8a0d5bb1cf5937cf3a92bfb06157c3b9b0808c6","50176","ClinicCreditStatementOrig.rpt","1","Unused: no project, source/config, or Report-table reference","QuarantineUnused"
"Accounts/Reports/IGroup/Reports/ClinicDailyInvoiceSummaryDoctorWise.rpt","0174425d7d13c25c7e890c69d0e53bf8fc3155d1","16896","ClinicDailyInvoiceSummaryDoctorWise.rpt","2","Unused: no project, source/config, or Report-table reference","QuarantineUnused"
"Accounts/Reports/IGroup/Reports/ClinicDailyReceptionDoctorWise.rpt","e65a7cf009ca7be8ee9f105f15875477c1ccc8fb","51200","ClinicDailyReceptionDoctorWise.rpt","3","Unused: no project, source/config, or Report-table reference","QuarantineUnused"
"Accounts/Reports/IGroup/Reports/ClinicDailyReceptionInvoice1.rpt","03ea9d65864db9da0422bee447616d4bfd7e35c8","57344","ClinicDailyReceptionInvoice1.rpt","1","Unused: no project, source/config, or Report-table reference","QuarantineUnused"
"Accounts/Reports/IGroup/Reports/ClinicDailyReceptionInvoice3.rpt","006f4370e1b9b20d3a1b8f13653e10d0e149c17d","57344","ClinicDailyReceptionInvoice3.rpt","1","Unused: no project, source/config, or Report-table reference","QuarantineUnused"
"Accounts/Reports/IGroup/Reports/ClinicDailyReceptionInvoiceIQAMA.rpt","05c7de88d51adad7644b19563e94ff251fe32078","19456","ClinicDailyReceptionInvoiceIQAMA.rpt","2","Unused: no project, source/config, or Report-table reference","QuarantineUnused"
"Accounts/Reports/IGroup/Reports/ClinicDailyReceptionInvoiceNew.rpt","e13bccbb64781e4c1fef496d5cc8f6e061113afa","55808","ClinicDailyReceptionInvoiceNew.rpt","1","Unused: no project, source/config, or Report-table reference","QuarantineUnused"
"Accounts/Reports/IGroup/Reports/ClinicDailyReceptionInvoicePerDay.rpt","70c2d1e527f307e2eff7a0617cdd6b9d8835a483","53760","ClinicDailyReceptionInvoicePerDay.rpt","2","Unused: no project, source/config, or Report-table reference","QuarantineUnused"
"Accounts/Reports/IGroup/Reports/ClinicDailyReceptionUserWise111.rpt","8d849ace9ccc803278721c17e7893dd951237b97","51712","ClinicDailyReceptionUserWise111.rpt","2","Unused: no project, source/config, or Report-table reference","QuarantineUnused"
"Accounts/Reports/IGroup/Reports/ClinicDailyReceptionUserWise3.rpt","94c6292fcbea32fda99ad37401ebcf9ed7350c1e","54784","ClinicDailyReceptionUserWise3.rpt","2","Unused: no project, source/config, or Report-table reference","QuarantineUnused"
"Accounts/Reports/IGroup/Reports/ClinicDailyReceptionUserWiseNew.rpt","dc390381632b268fa60e4331b87775df10257fa3","51200","ClinicDailyReceptionUserWiseNew.rpt","2","Unused: no project, source/config, or Report-table reference","QuarantineUnused"
"Accounts/Reports/IGroup/Reports/ClinicDateWiseSummaryStatement.rpt","e3dfaba698f48c70a3913ef889d4325b233fc10e","49664","ClinicDateWiseSummaryStatement.rpt","3","Unused: no project, source/config, or Report-table reference","QuarantineUnused"
"Accounts/Reports/IGroup/Reports/ClinicDoctorWise Per Service.rpt","b281551a5acdf96621a40444ea72b176118e2b1b","51200","ClinicDoctorWise Per Service.rpt","1","Unused: no project, source/config, or Report-table reference","QuarantineUnused"
"Accounts/Reports/IGroup/Reports/ClinicDoctorWiseTimeFrame2.rpt","b5fe86b0c42600af0675e430df6fd75631a421f1","54272","ClinicDoctorWiseTimeFrame2.rpt","1","Unused: no project, source/config, or Report-table reference","QuarantineUnused"
"Accounts/Reports/IGroup/Reports/ClinicDoctorWiseTimeFrameOrig.rpt","d0b2e767ec0127c473587df166bf7562828e557b","54272","ClinicDoctorWiseTimeFrameOrig.rpt","1","Unused: no project, source/config, or Report-table reference","QuarantineUnused"
"Accounts/Reports/IGroup/Reports/ClinicIBCombinedUserWiseSummary.rpt","3058756bd91b3c69673bb1c63b00df0248dc3d2a","52224","ClinicIBCombinedUserWiseSummary.rpt","1","Unused: no project, source/config, or Report-table reference","QuarantineUnused"
"Accounts/Reports/IGroup/Reports/ClinicInvoiceWiseVATSummaryStatementNew.rpt","258a299c3f23e12ac32a874f3d820443622b7f32","53760","ClinicInvoiceWiseVATSummaryStatementNew.rpt","1","Unused: no project, source/config, or Report-table reference","QuarantineUnused"
"Accounts/Reports/IGroup/Reports/ClinicPatientProfile.rpt","447184ffcf01ea733c730163a80ddfefaf855f6a","52224","ClinicPatientProfile.rpt","2","Unused: no project, source/config, or Report-table reference","QuarantineUnused"
"Accounts/Reports/IGroup/Reports/ClinicReceptionCollection.rpt","8d6a00486004acfdfdb3d2857ee2426094f24ed7","53760","ClinicReceptionCollection.rpt","3","Unused: no project, source/config, or Report-table reference","QuarantineUnused"
"Accounts/Reports/IGroup/Reports/ClinicServiceWiseSummary.rpt","3d91d078858fb3aecf4a5104b18f0c3f9234063f","15360","ClinicServiceWiseSummary.rpt","2","Unused: no project, source/config, or Report-table reference","QuarantineUnused"
"Accounts/Reports/IGroup/Reports/Combined Income Report.rpt","5d1ea86c08ebb2433d395bde7d1feaddf99409f0","91136","Combined Income Report.rpt","1","Unused: no project, source/config, or Report-table reference","QuarantineUnused"
"Accounts/Reports/IGroup/Reports/Combined Income Summary per Cost Center (No Pharmacy) New.rpt","4b46cdc91a0b879ccc8ad4125daa34d39cdf1479","55808","Combined Income Summary per Cost Center (No Pharmacy) New.rpt","1","Unused: no project, source/config, or Report-table reference","QuarantineUnused"
"Accounts/Reports/IGroup/Reports/Combined Income Summary per Cost Center (No Pharmacy) Newl.rpt","d5612d206dd9d57d22dbf43945aafae6aed7a742","55808","Combined Income Summary per Cost Center (No Pharmacy) Newl.rpt","1","Unused: no project, source/config, or Report-table reference","QuarantineUnused"
"Accounts/Reports/IGroup/Reports/Combined Income Summary per Cost Center (No Pharmacy) Test.rpt","2f1871c6e56fed195be27e7da7082bd3b9a42fda","54272","Combined Income Summary per Cost Center (No Pharmacy) Test.rpt","1","Unused: no project, source/config, or Report-table reference","QuarantineUnused"
"Accounts/Reports/IGroup/Reports/Combined Income Summary per Cost Center (No Pharmacy) Trial Test.rpt","22c30772bd69a5af8e3d5952e2c2aca8f34e7be2","54272","Combined Income Summary per Cost Center (No Pharmacy) Trial Test.rpt","1","Unused: no project, source/config, or Report-table reference","QuarantineUnused"
"Accounts/Reports/IGroup/Reports/Combined Income Summary per Cost Center (No Pharmacy) Trial.rpt","5bd564ef66893d2ec1d015b5df3bac611dc6aead","53760","Combined Income Summary per Cost Center (No Pharmacy) Trial.rpt","1","Unused: no project, source/config, or Report-table reference","QuarantineUnused"
"Accounts/Reports/IGroup/Reports/Combined Income Summary per Cost Center (No Pharmacy).rpt","137513f7c8c268c8645ec2068cbffb179694d1df","53760","Combined Income Summary per Cost Center (No Pharmacy).rpt","1","Unused: no project, source/config, or Report-table reference","QuarantineUnused"
"Accounts/Reports/IGroup/Reports/Combined Income Summary per Cost Center (Pharmacy).rpt","f124a694858bc952eef783d356c3151281204e87","55808","Combined Income Summary per Cost Center (Pharmacy).rpt","1","Unused: no project, source/config, or Report-table reference","QuarantineUnused"
"Accounts/Reports/IGroup/Reports/Combined Income Summary per Cost Center Clinic Only.rpt","c580d786fb6b194f4c18fd23a7383355b10a267c","53760","Combined Income Summary per Cost Center Clinic Only.rpt","1","Unused: no project, source/config, or Report-table reference","QuarantineUnused"
"Accounts/Reports/IGroup/Reports/Combined Income Summary per Cost Center New withot Pharmacy.rpt","e048acd1be30e907311d94c8f7ffcd230eb7aa4b","54784","Combined Income Summary per Cost Center New withot Pharmacy.rpt","1","Unused: no project, source/config, or Report-table reference","QuarantineUnused"
"Accounts/Reports/IGroup/Reports/Combined Income Summary per Cost Center.rpt","19d0482488862b44d8430635f7b6a2fa6906524a","54784","Combined Income Summary per Cost Center.rpt","1","Unused: no project, source/config, or Report-table reference","QuarantineUnused"
"Accounts/Reports/IGroup/Reports/Combined Vat Summary Report Small Font per month Cash Only.rpt","df5eda50676cab724c00c3c9d299761954a855fa","53760","Combined Vat Summary Report Small Font per month Cash Only.rpt","1","Unused: no project, source/config, or Report-table reference","QuarantineUnused"
"Accounts/Reports/IGroup/Reports/Combined Vat Summary Report Small Font per month.rpt","85aecf20a3a8f33e58e4bfa1b8e005881a255776","51712","Combined Vat Summary Report Small Font per month.rpt","1","Unused: no project, source/config, or Report-table reference","QuarantineUnused"
"Accounts/Reports/IGroup/Reports/Combined Vat Summary Report Small Font.rpt","deeb116d0760abf770eb86e19680c9b3f5513cf6","51200","Combined Vat Summary Report Small Font.rpt","1","Unused: no project, source/config, or Report-table reference","QuarantineUnused"
"Accounts/Reports/IGroup/Reports/Combined Vat Summary Report.rpt","69f8f34113ee56aea1fe7a18279b539f66683348","51200","Combined Vat Summary Report.rpt","1","Unused: no project, source/config, or Report-table reference","QuarantineUnused"
"Accounts/Reports/IGroup/Reports/CombinedISByDoctor.rpt","90431d5b7343ff7a21dd740745a6c47ee2f5e3fb","87552","CombinedISByDoctor.rpt","2","Unused: no project, source/config, or Report-table reference","QuarantineUnused"
"Accounts/Reports/IGroup/Reports/CombinedSummaryStatementDateWise New.rpt","3ed2f8711a87aff355a58c50be368dbbbde4e192","56320","CombinedSummaryStatementDateWise New.rpt","1","Unused: no project, source/config, or Report-table reference","QuarantineUnused"
"Accounts/Reports/IGroup/Reports/CombinedSummaryStatementDateWise Newer.rpt","a1e171bbcc74b0fd204c08c9c6538a23f92c6327","57856","CombinedSummaryStatementDateWise Newer.rpt","1","Unused: no project, source/config, or Report-table reference","QuarantineUnused"
"Accounts/Reports/IGroup/Reports/CombinedSummaryStatementDateWise Orig.rpt","c109bcf753a960c240aee326286be322fd600977","51200","CombinedSummaryStatementDateWise Orig.rpt","1","Unused: no project, source/config, or Report-table reference","QuarantineUnused"
"Accounts/Reports/IGroup/Reports/CombinedSummaryStatementDateWise WITH ADJUSTMENT.rpt","cb2cf34f5dc584737d1f41147d5bd6f172f4be0b","49664","CombinedSummaryStatementDateWise WITH ADJUSTMENT.rpt","1","Unused: no project, source/config, or Report-table reference","QuarantineUnused"
"Accounts/Reports/IGroup/Reports/CombinedSummaryStatementDateWiseAdjusted.rpt","6f18e7bfc063d1801c5c11086d2b706d0f239902","50688","CombinedSummaryStatementDateWiseAdjusted.rpt","1","Unused: no project, source/config, or Report-table reference","QuarantineUnused"
"Accounts/Reports/IGroup/Reports/CompanyStatement Orig.rpt","2dec893616858cb12b4dc6ddca6d570c410d9ce7","55296","CompanyStatement Orig.rpt","1","Unused: no project, source/config, or Report-table reference","QuarantineUnused"
"Accounts/Reports/IGroup/Reports/CompanyStatement2.rpt","43838f7ce44db97debdef0dd65932a5ae8760a96","21504","CompanyStatement2.rpt","1","Unused: no project, source/config, or Report-table reference","QuarantineUnused"
"Accounts/Reports/IGroup/Reports/CompanyStatementOrig.rpt","6f1de245812576d28e1ac702905552969c9b8191","55296","CompanyStatementOrig.rpt","1","Unused: no project, source/config, or Report-table reference","QuarantineUnused"
"Accounts/Reports/IGroup/Reports/ConsumptionView.rpt","492787bcda21584a10a349136e02afdd9868842d","2199552","ConsumptionView.rpt","1","Unused: no project, source/config, or Report-table reference","QuarantineUnused"
"Accounts/Reports/IGroup/Reports/Copy of ClinicBillPrint.rpt","c5b50b539c4bc22961c22a8e97cbe45fe576a8f9","14336","Copy of ClinicBillPrint.rpt","2","Unused: no project, source/config, or Report-table reference","QuarantineUnused"
"Accounts/Reports/IGroup/Reports/Credit Income Summary per Cost Center Clinic Only Comparative Monthly.rpt","bb2eecb5790261bc259732948cb01f498ecc0069","64512","Credit Income Summary per Cost Center Clinic Only Comparative Monthly.rpt","1","Unused: no project, source/config, or Report-table reference","QuarantineUnused"
"Accounts/Reports/IGroup/Reports/Credit Income Summary per Cost Center Clinic Only.rpt","a9ac2d1531ee26d68d4a725cf7617e59c4a65ed2","226816","Credit Income Summary per Cost Center Clinic Only.rpt","1","Unused: no project, source/config, or Report-table reference","QuarantineUnused"
"Accounts/Reports/IGroup/Reports/Credit Income Summary per Cost Center per Department Total.rpt","cb1546285c5d1d6004a9eab06819278ce8fbdadf","70144","Credit Income Summary per Cost Center per Department Total.rpt","1","Unused: no project, source/config, or Report-table reference","QuarantineUnused"
"Accounts/Reports/IGroup/Reports/Credit Income Summary per Cost Center per Department.rpt","edc6a34ff4c272856dfc9f7aa6a20e9011848714","73216","Credit Income Summary per Cost Center per Department.rpt","1","Unused: no project, source/config, or Report-table reference","QuarantineUnused"
"Accounts/Reports/IGroup/Reports/CreditCoMonthlySubmission New.rpt","05e57d178e5b24c2770954da57ca82121c174e7f","55296","CreditCoMonthlySubmission New.rpt","1","Unused: no project, source/config, or Report-table reference","QuarantineUnused"
"Accounts/Reports/IGroup/Reports/CreditCoMonthlySubmission Orig.rpt","5d30f6f110eaabc96e8a16659082bb1099f27021","54784","CreditCoMonthlySubmission Orig.rpt","1","Unused: no project, source/config, or Report-table reference","QuarantineUnused"
"Accounts/Reports/IGroup/Reports/CreditCoMonthlySubmission(Manual).rpt","f109e66e814313cb7187a2b7811f19caffcfa602","55808","CreditCoMonthlySubmission(Manual).rpt","1","Unused: no project, source/config, or Report-table reference","QuarantineUnused"
"Accounts/Reports/IGroup/Reports/CreditCoMonthlySubmission(Orig).rpt","9b72930aaf946e46dc67f475d2a1a881fd5fea0f","55808","CreditCoMonthlySubmission(Orig).rpt","1","Unused: no project, source/config, or Report-table reference","QuarantineUnused"
"Accounts/Reports/IGroup/Reports/CreditCoMonthlySubmission2.rpt","51c997dcf54b1d5a0e48f85268e061d4d9a3cad9","53248","CreditCoMonthlySubmission2.rpt","1","Unused: no project, source/config, or Report-table reference","QuarantineUnused"
"Accounts/Reports/IGroup/Reports/CreditCoMonthlySubmission4.rpt","a9686e8dfe3c1c6266272bee212f0491195f3128","53248","CreditCoMonthlySubmission4.rpt","1","Unused: no project, source/config, or Report-table reference","QuarantineUnused"
"Accounts/Reports/IGroup/Reports/CreditCoMonthlySubmissionOk.rpt","134e7d623a31beac094fdf49eb61a5ff915138a3","57344","CreditCoMonthlySubmissionOk.rpt","1","Unused: no project, source/config, or Report-table reference","QuarantineUnused"
"Accounts/Reports/IGroup/Reports/CreditCoMonthlySubmissionOrig.rpt","103d2fb2f57dbd7352c99c8fa62dc6158c9a84b1","52736","CreditCoMonthlySubmissionOrig.rpt","1","Unused: no project, source/config, or Report-table reference","QuarantineUnused"
"Accounts/Reports/IGroup/Reports/CreditCoMonthlySubmissionSummaryOrig2.rpt","8e8e1c41b276b95c735a51e8adc3a6c149cdaf79","52736","CreditCoMonthlySubmissionSummaryOrig2.rpt","1","Unused: no project, source/config, or Report-table reference","QuarantineUnused"
"Accounts/Reports/IGroup/Reports/CreditCoMonthlySubmissionSummarywithoutvat.rpt","c64820410bdf93518b2db25e679ce412a007c551","54784","CreditCoMonthlySubmissionSummarywithoutvat.rpt","1","Unused: no project, source/config, or Report-table reference","QuarantineUnused"
"Accounts/Reports/IGroup/Reports/CreditCoMonthlySubmissionTest.rpt","ad0e0c400f0276a52222029f9fdb9b580322bafe","53248","CreditCoMonthlySubmissionTest.rpt","1","Unused: no project, source/config, or Report-table reference","QuarantineUnused"
"Accounts/Reports/IGroup/Reports/CreditCoMonthlySubmissionwithvat.rpt","d12742debb5d3ec0052e8a74b19fc22f4e0beb93","52736","CreditCoMonthlySubmissionwithvat.rpt","1","Unused: no project, source/config, or Report-table reference","QuarantineUnused"
"Accounts/Reports/IGroup/Reports/CreditCoMonthlySubmissionwovat.rpt","a69924d4c39643442fd82e57ebf79813e8b28cbf","54784","CreditCoMonthlySubmissionwovat.rpt","1","Unused: no project, source/config, or Report-table reference","QuarantineUnused"
"Accounts/Reports/IGroup/Reports/CreditDailyStatementReport.rpt","ccdcce2e744567f9ff396bbfcc0b43bc57527ec5","54272","CreditDailyStatementReport.rpt","1","Unused: no project, source/config, or Report-table reference","QuarantineUnused"
"Accounts/Reports/IGroup/Reports/Daily Income Report.rpt","aa258953d4720e89a4dabe235fe3d46cfac863db","53248","Daily Income Report.rpt","1","Unused: no project, source/config, or Report-table reference","QuarantineUnused"
"Accounts/Reports/IGroup/Reports/DailyReportDoctorWisePatients.rpt","fcdf86e64fe55240f9fab26419391abdc45374ed","51712","DailyReportDoctorWisePatients.rpt","2","Unused: no project, source/config, or Report-table reference","QuarantineUnused"
"Accounts/Reports/IGroup/Reports/DateWiseDutyDone1.rpt","2682118585eef82c7d52f8c6b67f4d5f5ebb70b0","17920","DateWiseDutyDone1.rpt","2","Unused: no project, source/config, or Report-table reference","QuarantineUnused"
"Accounts/Reports/IGroup/Reports/DCBillPrint - Copy (2).rpt","e9b88b5e4b68b46aa6fdbab6fdef9bc3c9d5f24f","19968","DCBillPrint - Copy (2).rpt","1","Unused: no project, source/config, or Report-table reference","QuarantineUnused"
"Accounts/Reports/IGroup/Reports/DCBillPrint - Copy.rpt","4450b08c34d2015a7d16c2d50059589c50ce017c","17408","DCBillPrint - Copy.rpt","1","Unused: no project, source/config, or Report-table reference","QuarantineUnused"
"Accounts/Reports/IGroup/Reports/DCBillPrint2.rpt","7ad89b5fb7f756399d5da36b740b3166c9702e2e","15360","DCBillPrint2.rpt","1","Unused: no project, source/config, or Report-table reference","QuarantineUnused"
"Accounts/Reports/IGroup/Reports/DCBillPrintNew.rpt","b9dbcab9023bf71f6a754f1adb173358b9a47b92","222720","DCBillPrintNew.rpt","1","Unused: no project, source/config, or Report-table reference","QuarantineUnused"
"Accounts/Reports/IGroup/Reports/DCBillPrintOK.rpt","dbcf2b3c253f7a26cb0945b6e0f6ddc78d81d0ff","18432","DCBillPrintOK.rpt","1","Unused: no project, source/config, or Report-table reference","QuarantineUnused"
"Accounts/Reports/IGroup/Reports/DCBillPrintOK2.rpt","0c5c28a1d73479ed8aaff3097b6f507c8980527d","18432","DCBillPrintOK2.rpt","1","Unused: no project, source/config, or Report-table reference","QuarantineUnused"
"Accounts/Reports/IGroup/Reports/DCBillPrintoK3.rpt","56640329625dccd29f92e87d96b2589e9cbc15a6","16384","DCBillPrintoK3.rpt","1","Unused: no project, source/config, or Report-table reference","QuarantineUnused"
"Accounts/Reports/IGroup/Reports/DCBillPrintOld.rpt","ca426dc27e79412d60802ad35c7dd03a2aafa860","221696","DCBillPrintOld.rpt","1","Unused: no project, source/config, or Report-table reference","QuarantineUnused"
"Accounts/Reports/IGroup/Reports/DCBillPrintOLDFORMAT.rpt","738d50ef9b46a7b41c8ea04ef68cb7e8d85544ec","19456","DCBillPrintOLDFORMAT.rpt","1","Unused: no project, source/config, or Report-table reference","QuarantineUnused"
"Accounts/Reports/IGroup/Reports/DCBillPrintOldInvoice.rpt","5343aac3f65aaa3143b8da0ac5c9315f41673dc5","17920","DCBillPrintOldInvoice.rpt","1","Unused: no project, source/config, or Report-table reference","QuarantineUnused"
"Accounts/Reports/IGroup/Reports/DCBillPrintOrig.rpt","061b5153fac9a1c5446585486c86b0d00713e6d0","15872","DCBillPrintOrig.rpt","1","Unused: no project, source/config, or Report-table reference","QuarantineUnused"
"Accounts/Reports/IGroup/Reports/DCBillPrintORIGINAL.rpt","625abb433a43d9bc5009c6bcf065ca16c2d7eb18","17408","DCBillPrintORIGINAL.rpt","1","Unused: no project, source/config, or Report-table reference","QuarantineUnused"
"Accounts/Reports/IGroup/Reports/DCBillPrintOriginalHalfLetterSize.rpt","738d50ef9b46a7b41c8ea04ef68cb7e8d85544ec","19456","DCBillPrintOriginalHalfLetterSize.rpt","1","Unused: no project, source/config, or Report-table reference","QuarantineUnused"
"Accounts/Reports/IGroup/Reports/DCBillPrintQR.rpt","f83a9d766e45d1cf5ba06197051cbcf67ef8554a","220672","DCBillPrintQR.rpt","1","Unused: no project, source/config, or Report-table reference","QuarantineUnused"
"Accounts/Reports/IGroup/Reports/DCBillPrintTest.rpt","eaa68c5fe1f208b2516d9bcfe1a3b5af2a1c0c3e","18432","DCBillPrintTest.rpt","1","Unused: no project, source/config, or Report-table reference","QuarantineUnused"
"Accounts/Reports/IGroup/Reports/DCDriverLicenseForm.rpt","5748bcce8fff7afbff358cafb28946176fe76caf","16896","DCDriverLicenseForm.rpt","2","Unused: no project, source/config, or Report-table reference","QuarantineUnused"
"Accounts/Reports/IGroup/Reports/DCHealthCardForm.rpt","2ec304d068f8d7fbd15d2e44d1126d37bc08cece","15872","DCHealthCardForm.rpt","2","Unused: no project, source/config, or Report-table reference","QuarantineUnused"
"Accounts/Reports/IGroup/Reports/DCIqamaForm.rpt","f0b2238ae18e0d0b35eba15b9fb23742fa11de61","14848","DCIqamaForm.rpt","2","Unused: no project, source/config, or Report-table reference","QuarantineUnused"
"Accounts/Reports/IGroup/Reports/DCMedicalReportForm.rpt","1a9d9229cb24a4af77dab4ff104de384b2f0c0e7","14336","DCMedicalReportForm.rpt","3","Unused: no project, source/config, or Report-table reference","QuarantineUnused"
"Accounts/Reports/IGroup/Reports/DCOtherServices.rpt","8ff252b106091e8545de949dfbd32879a875e979","14336","DCOtherServices.rpt","1","Unused: no project, source/config, or Report-table reference","QuarantineUnused"
"Accounts/Reports/IGroup/Reports/DiagnosisCenter.rpt","f58cd5ab490f913cc6fbfcb941c54b2cf56ea442","11776","DiagnosisCenter.rpt","3","Unused: no project, source/config, or Report-table reference","QuarantineUnused"
"Accounts/Reports/IGroup/Reports/DiagnosisTests Done for a given Period.rpt","691ba343eb2f608fdcab7531bd72f691251ae585","144384","DiagnosisTests Done for a given Period.rpt","1","Unused: no project, source/config, or Report-table reference","QuarantineUnused"
"Accounts/Reports/IGroup/Reports/DisplayChartOfAccount1.rpt","c3bf2bdae6c275fdcdbff1ecb77f26ebade7dfe7","13824","DisplayChartOfAccount1.rpt","1","Unused: no project, source/config, or Report-table reference","QuarantineUnused"
"Accounts/Reports/IGroup/Reports/DisplayChartOfAccount2.rpt","9536899c93e2307579fb8f1af2e446f7169b55e8","14848","DisplayChartOfAccount2.rpt","1","Unused: no project, source/config, or Report-table reference","QuarantineUnused"
"Accounts/Reports/IGroup/Reports/DisplayChartOfAccount3.rpt","d596bd6b44ec4ea46eda874d686e90d0c2a4373d","48128","DisplayChartOfAccount3.rpt","1","Unused: no project, source/config, or Report-table reference","QuarantineUnused"
"Accounts/Reports/IGroup/Reports/DoctorMonthlyInvoice.rpt","a9e2a406b1130b4c3634c1770aaea95dec43a44d","76800","DoctorMonthlyInvoice.rpt","1","Unused: no project, source/config, or Report-table reference","QuarantineUnused"
"Accounts/Reports/IGroup/Reports/Doctor's Comparative Income Per Month Cash Only.rpt","85372f52bdbd776bfebd51b401dc6644f2ac4b40","54272","Doctor's Comparative Income Per Month Cash Only.rpt","1","Unused: no project, source/config, or Report-table reference","QuarantineUnused"
"Accounts/Reports/IGroup/Reports/Doctor's Comparative Income Per Month Cash Only2.rpt","a8b95f14fe1d075d0bdb4b3cea22be442add4a10","54272","Doctor's Comparative Income Per Month Cash Only2.rpt","1","Unused: no project, source/config, or Report-table reference","QuarantineUnused"
"Accounts/Reports/IGroup/Reports/Doctor's Comparative Income Per Month Per Service Cash Only.rpt","8bc4d4fa8249fcce27ac2eb110951df5b97e0065","54272","Doctor's Comparative Income Per Month Per Service Cash Only.rpt","1","Unused: no project, source/config, or Report-table reference","QuarantineUnused"
"Accounts/Reports/IGroup/Reports/Doctor's Comparative Income Per Month.rpt","b73dfeb9de6e3218cb325a8e7115e4307726c9a6","55808","Doctor's Comparative Income Per Month.rpt","1","Unused: no project, source/config, or Report-table reference","QuarantineUnused"
"Accounts/Reports/IGroup/Reports/Doctor's Income Per Service New.rpt","d9f34f92478152b2092be7e09b26c8e2005f896c","53248","Doctor's Income Per Service New.rpt","1","Unused: no project, source/config, or Report-table reference","QuarantineUnused"
"Accounts/Reports/IGroup/Reports/Doctor's Income Per Service.rpt","d09eafe83c6af6efeaa8d478ddafda0ab648b688","55808","Doctor's Income Per Service.rpt","1","Unused: no project, source/config, or Report-table reference","QuarantineUnused"
"Accounts/Reports/IGroup/Reports/estInventoryReport.rpt","9f69a07609460ea4a6cbf638b5602f64d353a566","14336","estInventoryReport.rpt","2","Unused: no project, source/config, or Report-table reference","QuarantineUnused"
"Accounts/Reports/IGroup/Reports/GraphicalPharmacyDailySalesInvoice.rpt","1c43c098dff63c3ff876d6706942eb0b08af7afa","1360896","GraphicalPharmacyDailySalesInvoice.rpt","2","Unused: no project, source/config, or Report-table reference","QuarantineUnused"
"Accounts/Reports/IGroup/Reports/HR IDCCard Size Back.rpt","e762821438be88ee40e92d53380dfa81572c61ec","3047936","HR IDCCard Size Back.rpt","1","Unused: no project, source/config, or Report-table reference","QuarantineUnused"
"Accounts/Reports/IGroup/Reports/HR_ID List Final with lamination space.rpt","4c498646a1456dc15cf39db6e310827e5d763375","6890496","HR_ID List Final with lamination space.rpt","1","Unused: no project, source/config, or Report-table reference","QuarantineUnused"
"Accounts/Reports/IGroup/Reports/HR_ID New Database List Final with lamination space New.rpt","1b7aea6a626b3212a2086a5efa56c8492faedef2","6918144","HR_ID New Database List Final with lamination space New.rpt","1","Unused: no project, source/config, or Report-table reference","QuarantineUnused"
"Accounts/Reports/IGroup/Reports/HR_ID New Database List Final with lamination space.rpt","a5cd6b66a14dcaa35e7c90b9f7ce5bf7e103dcb9","6892032","HR_ID New Database List Final with lamination space.rpt","1","Unused: no project, source/config, or Report-table reference","QuarantineUnused"
"Accounts/Reports/IGroup/Reports/HR_IDList CCard Size Front.rpt","da092050c59e757163903c1a3506635082becdb8","6892544","HR_IDList CCard Size Front.rpt","1","Unused: no project, source/config, or Report-table reference","QuarantineUnused"
"Accounts/Reports/IGroup/Reports/HR_IDList CCard Size.rpt","cf74f69044d2e7893817008a95bd14dd38645dc5","6889472","HR_IDList CCard Size.rpt","1","Unused: no project, source/config, or Report-table reference","QuarantineUnused"
"Accounts/Reports/IGroup/Reports/HR_IDList Final Back Only.rpt","0709114fa6084e9cc1f4f97265732be94f7f72d0","3050496","HR_IDList Final Back Only.rpt","1","Unused: no project, source/config, or Report-table reference","QuarantineUnused"
"Accounts/Reports/IGroup/Reports/HR_IDList Final Back Only1.rpt","5777630fbd13372453899d06985a14a9437a67cb","3050496","HR_IDList Final Back Only1.rpt","1","Unused: no project, source/config, or Report-table reference","QuarantineUnused"
"Accounts/Reports/IGroup/Reports/HR_IDList Final Back.rpt","fb4725c08a87507debce00cb4eb8185c1d1e1d2f","3048448","HR_IDList Final Back.rpt","1","Unused: no project, source/config, or Report-table reference","QuarantineUnused"
"Accounts/Reports/IGroup/Reports/HR_IDList Final Front.rpt","49efed887fa982882e73414fa5d4d9ff806e5159","6894080","HR_IDList Final Front.rpt","1","Unused: no project, source/config, or Report-table reference","QuarantineUnused"
"Accounts/Reports/IGroup/Reports/HR_IDList Final with lamination space.rpt","e28ed37d9146ca1a580c7ecaab03e50386d004f2","6892032","HR_IDList Final with lamination space.rpt","1","Unused: no project, source/config, or Report-table reference","QuarantineUnused"
"Accounts/Reports/IGroup/Reports/HR_IDList Final.rpt","2461428d241ca305ee21ef432dbf253d32408338","6892032","HR_IDList Final.rpt","1","Unused: no project, source/config, or Report-table reference","QuarantineUnused"
"Accounts/Reports/IGroup/Reports/HR_IDList Final3.rpt","7ea8e33ed4602471c906b3a5831782685f3c0dfd","6892032","HR_IDList Final3.rpt","1","Unused: no project, source/config, or Report-table reference","QuarantineUnused"
"Accounts/Reports/IGroup/Reports/HR_IDList.rpt","15d83de6a2ad4a2f9f8a12166b86495e09fc4d9d","821760","HR_IDList.rpt","1","Unused: no project, source/config, or Report-table reference","QuarantineUnused"
"Accounts/Reports/IGroup/Reports/HR_IDList2.rpt","f3b81329ec3128abfc572527db35d7a5400a08f2","3853824","HR_IDList2.rpt","1","Unused: no project, source/config, or Report-table reference","QuarantineUnused"
"Accounts/Reports/IGroup/Reports/HR_IDListOrig.rpt","c8b2fa5ecf3356b1c8a451f0a2034b7dd4473743","785408","HR_IDListOrig.rpt","1","Unused: no project, source/config, or Report-table reference","QuarantineUnused"
"Accounts/Reports/IGroup/Reports/HR_IDListOrig2.rpt","b38f85a2d2cbf62e66ec3880de011a0a0cc07e30","823808","HR_IDListOrig2.rpt","1","Unused: no project, source/config, or Report-table reference","QuarantineUnused"
"Accounts/Reports/IGroup/Reports/HREmployeeList.rpt","a75935e0c046ebd7a467ef8f3427c1e09a87c234","48128","HREmployeeList.rpt","2","Unused: no project, source/config, or Report-table reference","QuarantineUnused"
"Accounts/Reports/IGroup/Reports/HREmployeeSalaryDescription.rpt","2031291dc74f732f773f48a6e2d0cb2816d7ede1","15360","HREmployeeSalaryDescription.rpt","2","Unused: no project, source/config, or Report-table reference","QuarantineUnused"
"Accounts/Reports/IGroup/Reports/HREmployeeShiftDetails.rpt","e07b32a3ef560a319c6d8835ba20bfac4b75e99c","14848","HREmployeeShiftDetails.rpt","2","Unused: no project, source/config, or Report-table reference","QuarantineUnused"
"Accounts/Reports/IGroup/Reports/HRMonthlyAttendence.rpt","741247c44d2ce6143bcc5cb81777b3ce386f4818","17408","HRMonthlyAttendence.rpt","2","Unused: no project, source/config, or Report-table reference","QuarantineUnused"
"Accounts/Reports/IGroup/Reports/IBCombined Date Wise (Monthly) Cash Only.rpt","8869ed34281d1e0adf4fe479ec7af3ef81937356","49664","IBCombined Date Wise (Monthly) Cash Only.rpt","1","Unused: no project, source/config, or Report-table reference","QuarantineUnused"
"Accounts/Reports/IGroup/Reports/IBCombinedDoctorWiseSummaryStatement2.rpt","bbcb0310bd52d527fc9b75e44555ff369f96b1d0","51712","IBCombinedDoctorWiseSummaryStatement2.rpt","1","Unused: no project, source/config, or Report-table reference","QuarantineUnused"
"Accounts/Reports/IGroup/Reports/IBDailyReceptionInvoiceNew.rpt","850fd86caefd5347962900a3046974874654e48e","55808","IBDailyReceptionInvoiceNew.rpt","1","Unused: no project, source/config, or Report-table reference","QuarantineUnused"
"Accounts/Reports/IGroup/Reports/IBLabSamplePrinting2.rpt","c46bec13f20770af184ba9adff8b41b9d87956cc","18432","IBLabSamplePrinting2.rpt","1","Unused: no project, source/config, or Report-table reference","QuarantineUnused"
"Accounts/Reports/IGroup/Reports/IBLabSamplePrintingOrig.rpt","33af3b080cc1a264b2cf70ee2e2a98f12a540d55","18432","IBLabSamplePrintingOrig.rpt","1","Unused: no project, source/config, or Report-table reference","QuarantineUnused"
"Accounts/Reports/IGroup/Reports/IBSalesManSummary Manual.rpt","16c4cf8e7e4f2873c1197b04d652cbdaac1b827f","52224","IBSalesManSummary Manual.rpt","1","Unused: no project, source/config, or Report-table reference","QuarantineUnused"
"Accounts/Reports/IGroup/Reports/IBSalesManSummaryX.rpt","9c4fb8d121d90fdc87988fa4ea680a2592b7faec","50688","IBSalesManSummaryX.rpt","1","Unused: no project, source/config, or Report-table reference","QuarantineUnused"
"Accounts/Reports/IGroup/Reports/IGroup Payroll Report.rpt","31420db27c1f67e87ce54e1891e47a201e85183a","94720","IGroup Payroll Report.rpt","1","Unused: no project, source/config, or Report-table reference","QuarantineUnused"
"Accounts/Reports/IGroup/Reports/Income Summary Pharmacy.rpt","98203d98a703b63cb5e87a375eeb2b00ca6ff31e","56832","Income Summary Pharmacy.rpt","1","Unused: no project, source/config, or Report-table reference","QuarantineUnused"
"Accounts/Reports/IGroup/Reports/Injection Consumption (based on invoice items) (detailed).rpt","efad5a24bf2d03b3183c7411ffcda98980d83d61","76288","Injection Consumption (based on invoice items) (detailed).rpt","1","Unused: no project, source/config, or Report-table reference","QuarantineUnused"
"Accounts/Reports/IGroup/Reports/Injection Consumption (based on invoice items) Summarized.rpt","1681633f8eb9cca1cbeba885cd4c701487764525","108032","Injection Consumption (based on invoice items) Summarized.rpt","1","Unused: no project, source/config, or Report-table reference","QuarantineUnused"
"Accounts/Reports/IGroup/Reports/Injection Consumption (based on invoice items).rpt","e8ee62402c7a82e697632ac00eae73d0df30c453","63488","Injection Consumption (based on invoice items).rpt","1","Unused: no project, source/config, or Report-table reference","QuarantineUnused"
"Accounts/Reports/IGroup/Reports/Injection Consumption based on Item Used.rpt","6df53565f11b4afca7d2de12a3aadc5ba1a9634f","66048","Injection Consumption based on Item Used.rpt","1","Unused: no project, source/config, or Report-table reference","QuarantineUnused"
"Accounts/Reports/IGroup/Reports/Injection Consumption based on sales.rpt","e736309a6add3ac22f3a863cdf0b1d1dc3ee003d","59392","Injection Consumption based on sales.rpt","1","Unused: no project, source/config, or Report-table reference","QuarantineUnused"
"Accounts/Reports/IGroup/Reports/Injection Consumption.rpt","a3e8338d6c67e32e132d018ab53bde662e433d4d","107520","Injection Consumption.rpt","1","Unused: no project, source/config, or Report-table reference","QuarantineUnused"
"Accounts/Reports/IGroup/Reports/Injection Cost Consumption.rpt","87a84f45f608ce7d9570dce6b8b8ee14f7973629","166912","Injection Cost Consumption.rpt","1","Unused: no project, source/config, or Report-table reference","QuarantineUnused"
"Accounts/Reports/IGroup/Reports/Injection Qty. Consumption.rpt","f8898695a838b4d514485ab4c118843771cb92e5","108544","Injection Qty. Consumption.rpt","1","Unused: no project, source/config, or Report-table reference","QuarantineUnused"
"Accounts/Reports/IGroup/Reports/Injections Consumed for a given period  Items (itemized).rpt","a6bc13fb4105bca66fe683b07f909bddfaa95f28","331776","Injections Consumed for a given period  Items (itemized).rpt","1","Unused: no project, source/config, or Report-table reference","QuarantineUnused"
"Accounts/Reports/IGroup/Reports/Injections Consumed for a given period (itemized).rpt","0fa83bc0b5564eb8bb0633fcaf2475928d88ccf3","332800","Injections Consumed for a given period (itemized).rpt","1","Unused: no project, source/config, or Report-table reference","QuarantineUnused"
"Accounts/Reports/IGroup/Reports/Injections Transfered to ER for a given period  Items (itemized).rpt","2330f96067201ea33cf3ea80be41cae23c0929c4","61952","Injections Transfered to ER for a given period  Items (itemized).rpt","1","Unused: no project, source/config, or Report-table reference","QuarantineUnused"
"Accounts/Reports/IGroup/Reports/Injections Transfered to ER for a given period  Items (summarized).rpt","c376c38dc5b2a42635b505b7439d3f19ec9354b5","62976","Injections Transfered to ER for a given period  Items (summarized).rpt","1","Unused: no project, source/config, or Report-table reference","QuarantineUnused"
"Accounts/Reports/IGroup/Reports/Injections Transferred to ER 2.rpt","7025e0edf50e4a1a4d543b9bafd6c78769e7ece1","62464","Injections Transferred to ER 2.rpt","1","Unused: no project, source/config, or Report-table reference","QuarantineUnused"
"Accounts/Reports/IGroup/Reports/Injections Transferred to ER for a given period  Items (itemized).rpt","9d736a132355bf553f7ca79492140ff81e30b6d3","60928","Injections Transferred to ER for a given period  Items (itemized).rpt","1","Unused: no project, source/config, or Report-table reference","QuarantineUnused"
"Accounts/Reports/IGroup/Reports/Injections Transferred to ER.rpt","2aaae6ee2efa771b19809961baebdd9155068e26","61952","Injections Transferred to ER.rpt","1","Unused: no project, source/config, or Report-table reference","QuarantineUnused"
"Accounts/Reports/IGroup/Reports/InsClinicBillPrint.rpt","c5b50b539c4bc22961c22a8e97cbe45fe576a8f9","14336","InsClinicBillPrint.rpt","2","Unused: no project, source/config, or Report-table reference","QuarantineUnused"
"Accounts/Reports/IGroup/Reports/InsClinicBillPrint1.rpt","1ed2d0240e36e9f41870e36d8d419f23189fb6b0","13312","InsClinicBillPrint1.rpt","2","Unused: no project, source/config, or Report-table reference","QuarantineUnused"
"Accounts/Reports/IGroup/Reports/InsPharmacyInvoicePrint.rpt","680f8aa1ab6edc14d3af5c3b8c4a23de558a340b","12288","InsPharmacyInvoicePrint.rpt","2","Unused: no project, source/config, or Report-table reference","QuarantineUnused"
"Accounts/Reports/IGroup/Reports/InsPharmacyInvoicePrint1.rpt","7347246662ff9df8419c455b6db91491f7dafd6d","11776","InsPharmacyInvoicePrint1.rpt","2","Unused: no project, source/config, or Report-table reference","QuarantineUnused"
"Accounts/Reports/IGroup/Reports/InsuranceBupaEclaim.rpt","03c5e912fb65ef30e175db3ab64304e2e269ab90","17408","InsuranceBupaEclaim.rpt","2","Unused: no project, source/config, or Report-table reference","QuarantineUnused"
"Accounts/Reports/IGroup/Reports/InsuranceCompanyReport.rpt","87c12a510762a0177767776bc841e97fb2e61471","32768","InsuranceCompanyReport.rpt","2","Unused: no project, source/config, or Report-table reference","QuarantineUnused"
"Accounts/Reports/IGroup/Reports/InsuranceMonthlySubmission.rpt","88f64e03f348af26a7e738c2583a465cf2d4bc3a","18432","InsuranceMonthlySubmission.rpt","2","Unused: no project, source/config, or Report-table reference","QuarantineUnused"
"Accounts/Reports/IGroup/Reports/Inventory Report at Clinic for a given date (summarized).rpt","249eb31e52861ac0337df12985e09e0856617d1a","209920","Inventory Report at Clinic for a given date (summarized).rpt","1","Unused: no project, source/config, or Report-table reference","QuarantineUnused"
"Accounts/Reports/IGroup/Reports/Inventory Report at Pharmacy for a given date (summarized).rpt","660406859fd3197797dd9a9cfe76802e11c057b5","206848","Inventory Report at Pharmacy for a given date (summarized).rpt","1","Unused: no project, source/config, or Report-table reference","QuarantineUnused"
"Accounts/Reports/IGroup/Reports/Inventory Report at Stock Room for a given date (summarized).rpt","73e885811222b26effe8cccc19af5b543f3e4aad","169472","Inventory Report at Stock Room for a given date (summarized).rpt","1","Unused: no project, source/config, or Report-table reference","QuarantineUnused"
"Accounts/Reports/IGroup/Reports/Inventory Report for a given date.rpt","19653e486e7583590a47e9f93a63f7f354b5218c","109056","Inventory Report for a given date.rpt","1","Unused: no project, source/config, or Report-table reference","QuarantineUnused"
"Accounts/Reports/IGroup/Reports/Inventory Report for a specified Ending Date Clinic New.rpt","4ea52ea2d8113e03531e49e56b9d6f7fd900e1e8","91648","Inventory Report for a specified Ending Date Clinic New.rpt","1","Unused: no project, source/config, or Report-table reference","QuarantineUnused"
"Accounts/Reports/IGroup/Reports/Inventory Report for a specified Ending Date Clinic New2.rpt","0d3a8eff3fda39982e2127a083363bf85f0c9bf8","148992","Inventory Report for a specified Ending Date Clinic New2.rpt","1","Unused: no project, source/config, or Report-table reference","QuarantineUnused"
"Accounts/Reports/IGroup/Reports/Inventory Report for a specified Ending Date Clinic.rpt","1f05c900f6c0f9fe62604a0ecdb4855d5047ce30","90112","Inventory Report for a specified Ending Date Clinic.rpt","1","Unused: no project, source/config, or Report-table reference","QuarantineUnused"
"Accounts/Reports/IGroup/Reports/Inventory Report for a specified Ending Date Pharmacy.rpt","ab116b543521eeb8cfadbd783eb98e97874c8184","145920","Inventory Report for a specified Ending Date Pharmacy.rpt","1","Unused: no project, source/config, or Report-table reference","QuarantineUnused"
"Accounts/Reports/IGroup/Reports/Inventory Report for a specified Ending Date.rpt","04023819bcec92605e12e1a75de08cb0b2c194d1","88576","Inventory Report for a specified Ending Date.rpt","1","Unused: no project, source/config, or Report-table reference","QuarantineUnused"
"Accounts/Reports/IGroup/Reports/Inventory Report for ER except Cleaning Materials for a given date (summarized).rpt","d00df2b790bb2f157ac65843258d5fd0439445eb","67072","Inventory Report for ER except Cleaning Materials for a given date (summarized).rpt","1","Unused: no project, source/config, or Report-table reference","QuarantineUnused"
"Accounts/Reports/IGroup/Reports/Inventory Report for except Cleaning Materials for a given date (summarized).rpt","8bf70930236b283531d31489998da1ad6935bc67","55808","Inventory Report for except Cleaning Materials for a given date (summarized).rpt","1","Unused: no project, source/config, or Report-table reference","QuarantineUnused"
"Accounts/Reports/IGroup/Reports/Inventory Report for Injection for a given date (detailed).rpt","f0548ace0b5e63cb669edf18e368df84b2ec763b","60416","Inventory Report for Injection for a given date (detailed).rpt","1","Unused: no project, source/config, or Report-table reference","QuarantineUnused"
"Accounts/Reports/IGroup/Reports/Inventory Report for Injection for a given date (summarized).rpt","e60e5db25866f50a492c23810127e31ddf022b55","60416","Inventory Report for Injection for a given date (summarized).rpt","1","Unused: no project, source/config, or Report-table reference","QuarantineUnused"
"Accounts/Reports/IGroup/Reports/Inventory Report for Injection for a given date.rpt","f62d2bf0ee7509f647197368326524f31299d1e4","59392","Inventory Report for Injection for a given date.rpt","1","Unused: no project, source/config, or Report-table reference","QuarantineUnused"
"Accounts/Reports/IGroup/Reports/Inventory Report for Injections at ER for a given date (summarized).rpt","89f0a3b10205fa5623a9f89b7ce7b95467b5abcf","67072","Inventory Report for Injections at ER for a given date (summarized).rpt","1","Unused: no project, source/config, or Report-table reference","QuarantineUnused"
"Accounts/Reports/IGroup/Reports/Inventory Report for testing.rpt","c2b682693335eecaf5f0f8691d29d3ede04512d4","65024","Inventory Report for testing.rpt","1","Unused: no project, source/config, or Report-table reference","QuarantineUnused"
"Accounts/Reports/IGroup/Reports/Iqama-Baladiya-DriversLicenseTests Done for a given Period.rpt","a533befff6bc157c6adbd9341de82cb276a3fc13","295936","Iqama-Baladiya-DriversLicenseTests Done for a given Period.rpt","1","Unused: no project, source/config, or Report-table reference","QuarantineUnused"
"Accounts/Reports/IGroup/Reports/ISP/ATM-Cash Income Summary Per Month Per Service Per Doctor Multple.rpt","a212ba02138217ba474cdb17abdbc601808d513a","57856","ATM-Cash Income Summary Per Month Per Service Per Doctor Multple.rpt","1","Unused: no project, source/config, or Report-table reference","QuarantineUnused"
"Accounts/Reports/IGroup/Reports/ISP/ATM-Cash Income Summary Per Month Per Service Per Doctor.rpt","831a7a3c85c3d1f66d79227c230fbf61d52cc6d4","57856","ATM-Cash Income Summary Per Month Per Service Per Doctor.rpt","1","Unused: no project, source/config, or Report-table reference","QuarantineUnused"
"Accounts/Reports/IGroup/Reports/ISP/ATM-Cash Income Summary Per Month Per Service.rpt","6101ff98f65a37759de3a33c60f6cd87cc753853","57856","ATM-Cash Income Summary Per Month Per Service.rpt","1","Unused: no project, source/config, or Report-table reference","QuarantineUnused"
"Accounts/Reports/IGroup/Reports/ISP/ATM-Cash Income Summary Per Month Summary Per Department per Service.rpt","56a261e6d4e0b35c7a6263886c877a8442090df3","59904","ATM-Cash Income Summary Per Month Summary Per Department per Service.rpt","1","Unused: no project, source/config, or Report-table reference","QuarantineUnused"
"Accounts/Reports/IGroup/Reports/ISP/ATM-Cash Income Summary Per Month Summary Per Month Per Service Per Doctor.rpt","957657477d16de928197beb634422b63d84eefb4","59904","ATM-Cash Income Summary Per Month Summary Per Month Per Service Per Doctor.rpt","1","Unused: no project, source/config, or Report-table reference","QuarantineUnused"
"Accounts/Reports/IGroup/Reports/ISP/ATM-Cash Income Summary Per Month Summary Per Month Per Service.rpt","e290f9c18eb1170237beb9b2e9c1f5349c124ba9","57856","ATM-Cash Income Summary Per Month Summary Per Month Per Service.rpt","1","Unused: no project, source/config, or Report-table reference","QuarantineUnused"
"Accounts/Reports/IGroup/Reports/ISP/ATM-Cash Income Summary Statement Per Month Post Final Summary Per Department per Service.rpt","97db664c372f79b61a4855c4c0f6f7bc2392b0f8","56832","ATM-Cash Income Summary Statement Per Month Post Final Summary Per Department per Service.rpt","1","Unused: no project, source/config, or Report-table reference","QuarantineUnused"
"Accounts/Reports/IGroup/Reports/ISP/ATM-Cash Income Summary Statement Per Month Post Final Summary Per Department per Service2.rpt","227441544b0078d4b9ec773fb849bac688383ed6","59904","ATM-Cash Income Summary Statement Per Month Post Final Summary Per Department per Service2.rpt","1","Unused: no project, source/config, or Report-table reference","QuarantineUnused"
"Accounts/Reports/IGroup/Reports/ISP/ATM-Cash Income Summary Statement Per Month Post Final Summary Per Department per Service3.rpt","1b1af2c761c08404f64ca0416604724cb8d23f96","59904","ATM-Cash Income Summary Statement Per Month Post Final Summary Per Department per Service3.rpt","1","Unused: no project, source/config, or Report-table reference","QuarantineUnused"
"Accounts/Reports/IGroup/Reports/ISP/ATM-Cash Income Summary Statement Per Month Post Final Summary Per Hour per Doctor with VAT.rpt","13a74198dc46d13c9bdf7c63f8795e3f2e98d908","57856","ATM-Cash Income Summary Statement Per Month Post Final Summary Per Hour per Doctor with VAT.rpt","1","Unused: no project, source/config, or Report-table reference","QuarantineUnused"
"Accounts/Reports/IGroup/Reports/ISP/ATM-Cash Income Summary Statement Per Month Post Final Summary Per Hour per Doctor without VAT.rpt","8ad5509bc857b494002df238ca68f0b35c4c1107","59904","ATM-Cash Income Summary Statement Per Month Post Final Summary Per Hour per Doctor without VAT.rpt","1","Unused: no project, source/config, or Report-table reference","QuarantineUnused"
"Accounts/Reports/IGroup/Reports/ISP/ATM-Cash Income Summary Statement Per Month Post Final Summary Per Hour per Doctor.rpt","d133f586be461dcc733635cad7ce30b48c00b179","57856","ATM-Cash Income Summary Statement Per Month Post Final Summary Per Hour per Doctor.rpt","1","Unused: no project, source/config, or Report-table reference","QuarantineUnused"
"Accounts/Reports/IGroup/Reports/ISP/ATM-Cash Income Summary Statement Per Month Post Final Summary Per Hour per Service.rpt","2a5ae35558896cc96457b2e6fea44f7f90ef58b8","57856","ATM-Cash Income Summary Statement Per Month Post Final Summary Per Hour per Service.rpt","1","Unused: no project, source/config, or Report-table reference","QuarantineUnused"
"Accounts/Reports/IGroup/Reports/ISP/ATM-Cash Income Summary Statement Per Month Post Final Summary Per Hour per Service2.rpt","7c296f603585ada9a2b67ccb4eb5064e988b103d","59904","ATM-Cash Income Summary Statement Per Month Post Final Summary Per Hour per Service2.rpt","1","Unused: no project, source/config, or Report-table reference","QuarantineUnused"
"Accounts/Reports/IGroup/Reports/ISP/ATM-Cash Income Summary Statement Per Month Post Final Summary.rpt","54b93e242a890b5db34416c9a5c91481b1c476ad","60416","ATM-Cash Income Summary Statement Per Month Post Final Summary.rpt","1","Unused: no project, source/config, or Report-table reference","QuarantineUnused"
"Accounts/Reports/IGroup/Reports/ISP/ATM-Cash Summary Statement Per Month Post Final Summary 2.rpt","17641ba73dc98b730f10b6391290f3e9d7ba42a2","60416","ATM-Cash Summary Statement Per Month Post Final Summary 2.rpt","1","Unused: no project, source/config, or Report-table reference","QuarantineUnused"
"Accounts/Reports/IGroup/Reports/ISP/ATM-Cash Summary Statement Per Month Post Final Summary Without Pharmacy.rpt","74136a5d7f99dfdbcbabcc38dfba75460b78159e","58368","ATM-Cash Summary Statement Per Month Post Final Summary Without Pharmacy.rpt","1","Unused: no project, source/config, or Report-table reference","QuarantineUnused"
"Accounts/Reports/IGroup/Reports/ISP/ATM-Cash Summary Statement Per Month Post Final Summary.rpt","bc0d13fe7118924c6e4b3b83144db3b163be513e","58368","ATM-Cash Summary Statement Per Month Post Final Summary.rpt","1","Unused: no project, source/config, or Report-table reference","QuarantineUnused"
"Accounts/Reports/IGroup/Reports/ISP/ATM-CashIncomePerDepartmentPostSummary.rpt","3c4f4bd47f1c954a181465924b32a0ad615bbb88","52736","ATM-CashIncomePerDepartmentPostSummary.rpt","1","Unused: no project, source/config, or Report-table reference","QuarantineUnused"
"Accounts/Reports/IGroup/Reports/ISP/ATM-CashIncomePostSummary.rpt","9b15aad1da0e68f215a7e87fbbf9b1dee90e7566","51712","ATM-CashIncomePostSummary.rpt","1","Unused: no project, source/config, or Report-table reference","QuarantineUnused"
"Accounts/Reports/IGroup/Reports/ISP/ATM-CashIncomePostSummaryClinic.rpt","b60729c2c3f210416ed893203f4c23d909e0d1e4","52224","ATM-CashIncomePostSummaryClinic.rpt","1","Unused: no project, source/config, or Report-table reference","QuarantineUnused"
"Accounts/Reports/IGroup/Reports/ISP/ATM-CashIncomePostSummaryPharmacy.rpt","566def92efb24e468be286c6f1d6ec1d2b5b3105","52224","ATM-CashIncomePostSummaryPharmacy.rpt","1","Unused: no project, source/config, or Report-table reference","QuarantineUnused"
"Accounts/Reports/IGroup/Reports/ISP/ATM-CashIncomePostSummaryPharmacyDetailed.rpt","ec7fd3d80aef65a97717a239ce2fdbc037daeef7","52224","ATM-CashIncomePostSummaryPharmacyDetailed.rpt","1","Unused: no project, source/config, or Report-table reference","QuarantineUnused"
"Accounts/Reports/IGroup/Reports/ISP/ATM-CashIncomeSummaryPerDayBasedOnInvDetails.rpt","8d4e5be33d2457404b42c8fec22d0120790e2f96","52736","ATM-CashIncomeSummaryPerDayBasedOnInvDetails.rpt","1","Unused: no project, source/config, or Report-table reference","QuarantineUnused"
"Accounts/Reports/IGroup/Reports/ISP/ATM-CashIncomeSummaryPerDoctorBasedOnInvDetails.rpt","bd4a611bac56a988bba5369f2485c6ba9eb5b569","51200","ATM-CashIncomeSummaryPerDoctorBasedOnInvDetails.rpt","1","Unused: no project, source/config, or Report-table reference","QuarantineUnused"
"Accounts/Reports/IGroup/Reports/ISP/ATM-CashIncomeSummaryPerDoctorBasedOnInvDetails_summary.rpt","a64eb034585a0ac741706ba50ac3b404cc30fc3b","51200","ATM-CashIncomeSummaryPerDoctorBasedOnInvDetails_summary.rpt","1","Unused: no project, source/config, or Report-table reference","QuarantineUnused"
"Accounts/Reports/IGroup/Reports/ISP/ATM-CashIncomeSummaryPerDoctorBasedOnInvDetails_summaryPerService for a given period range..rpt","bea6dbff69e09d1bf5aad217af78bdd216715d71","59392","ATM-CashIncomeSummaryPerDoctorBasedOnInvDetails_summaryPerService for a given period range..rpt","1","Unused: no project, source/config, or Report-table reference","QuarantineUnused"
"Accounts/Reports/IGroup/Reports/ISP/ATM-CashIncomeSummaryPerDoctorBasedOnInvDetails_summaryPerService landscape mode.rpt","9a6589185cb4f2d4f8d7bfcad5dac15f050de8bd","52736","ATM-CashIncomeSummaryPerDoctorBasedOnInvDetails_summaryPerService landscape mode.rpt","1","Unused: no project, source/config, or Report-table reference","QuarantineUnused"
"Accounts/Reports/IGroup/Reports/ISP/ATM-CashIncomeSummaryPerDoctorBasedOnInvDetails_summaryPerService.rpt","c09f4023b0c010b7104244a9f64ab1b0c49fb9df","52736","ATM-CashIncomeSummaryPerDoctorBasedOnInvDetails_summaryPerService.rpt","1","Unused: no project, source/config, or Report-table reference","QuarantineUnused"
"Accounts/Reports/IGroup/Reports/ISP/ATM-CashIncomeSummaryStatementPerDay.rpt","4048785ea83843c80e790f0d874dc2ba8a2a7464","50688","ATM-CashIncomeSummaryStatementPerDay.rpt","1","Unused: no project, source/config, or Report-table reference","QuarantineUnused"
"Accounts/Reports/IGroup/Reports/ISP/ATM-CashIncomeSummaryStatementPerDayPerDoctor.rpt","39af43788c11ce1ba0253418f3257b9cbdede1d5","52736","ATM-CashIncomeSummaryStatementPerDayPerDoctor.rpt","1","Unused: no project, source/config, or Report-table reference","QuarantineUnused"
"Accounts/Reports/IGroup/Reports/ISP/ATM-ClinicDailyReceptionUserWise111.rpt","8d849ace9ccc803278721c17e7893dd951237b97","51712","ATM-ClinicDailyReceptionUserWise111.rpt","1","Unused: no project, source/config, or Report-table reference","QuarantineUnused"
"Accounts/Reports/IGroup/Reports/ISP/ATM-ClinicDailyReceptionUserWise3.rpt","94c6292fcbea32fda99ad37401ebcf9ed7350c1e","54784","ATM-ClinicDailyReceptionUserWise3.rpt","1","Unused: no project, source/config, or Report-table reference","QuarantineUnused"
"Accounts/Reports/IGroup/Reports/ISP/ATM-ClinicDailyReceptionUserWiseNew.rpt","59f1fe625f2def1031bef1d906bcc5de3f0af9e3","51200","ATM-ClinicDailyReceptionUserWiseNew.rpt","1","Unused: no project, source/config, or Report-table reference","QuarantineUnused"
"Accounts/Reports/IGroup/Reports/ISP/ATM-Company Summary Statement Per Month Post Final Summary Except Self Sale.rpt","5ad7cc114573c1830a9e3eaa5d5e5743dd4cf510","58880","ATM-Company Summary Statement Per Month Post Final Summary Except Self Sale.rpt","1","Unused: no project, source/config, or Report-table reference","QuarantineUnused"
"Accounts/Reports/IGroup/Reports/ISP/ATM-Company Summary Statement Per Month Post Final Summary.rpt","a8a596884ea863af9793a22e2582a16641443fa8","58368","ATM-Company Summary Statement Per Month Post Final Summary.rpt","1","Unused: no project, source/config, or Report-table reference","QuarantineUnused"
"Accounts/Reports/IGroup/Reports/ISP/ATM-Company Summary Statement Per Month Post Summary.rpt","1856ce084086d67c825ead8097127188e5986eac","60928","ATM-Company Summary Statement Per Month Post Summary.rpt","1","Unused: no project, source/config, or Report-table reference","QuarantineUnused"
"Accounts/Reports/IGroup/Reports/ISP/ATM-Company Summary StatementPer Month Post Summary.rpt","0edfc5be15080af3f75960379143d4a472991aa9","58880","ATM-Company Summary StatementPer Month Post Summary.rpt","1","Unused: no project, source/config, or Report-table reference","QuarantineUnused"
"Accounts/Reports/IGroup/Reports/ISP/ATM-CompanySummaryStatement per Month.rpt","82f181f312fef5fdb50b372358bb2ff86501a6ed","55296","ATM-CompanySummaryStatement per Month.rpt","1","Unused: no project, source/config, or Report-table reference","QuarantineUnused"
"Accounts/Reports/IGroup/Reports/ISP/ATM-CompanySummaryStatementPerMonthlyPostSummary Format 2.rpt","cea2fcf3e652d8e296184bd0cc8d28fc5ba69345","53248","ATM-CompanySummaryStatementPerMonthlyPostSummary Format 2.rpt","1","Unused: no project, source/config, or Report-table reference","QuarantineUnused"
"Accounts/Reports/IGroup/Reports/ISP/ATM-CompanySummaryStatementPerMonthlyPostSummary Format 2b.rpt","5a642e19231aa02db594fe8eaafc46d2c5a8f6d0","52224","ATM-CompanySummaryStatementPerMonthlyPostSummary Format 2b.rpt","1","Unused: no project, source/config, or Report-table reference","QuarantineUnused"
"Accounts/Reports/IGroup/Reports/ISP/ATM-CompanySummaryStatementPerMonthlyPostSummary Format 2BA.rpt","aaa22de3f67217d887b490787092f45bef96321a","59392","ATM-CompanySummaryStatementPerMonthlyPostSummary Format 2BA.rpt","1","Unused: no project, source/config, or Report-table reference","QuarantineUnused"
"Accounts/Reports/IGroup/Reports/ISP/ATM-CompanySummaryStatementPerMonthlyPostSummary Summarized New per invoice.rpt","c2ceabe471929cfb9309f5f87b542127cf3b8191","58880","ATM-CompanySummaryStatementPerMonthlyPostSummary Summarized New per invoice.rpt","1","Unused: no project, source/config, or Report-table reference","QuarantineUnused"
"Accounts/Reports/IGroup/Reports/ISP/ATM-CompanySummaryStatementPerMonthlyPostSummary Summarized New.rpt","2b40a584ae6a3847b1717335a587c9d0f2c40d08","58880","ATM-CompanySummaryStatementPerMonthlyPostSummary Summarized New.rpt","1","Unused: no project, source/config, or Report-table reference","QuarantineUnused"
"Accounts/Reports/IGroup/Reports/ISP/ATM-CompanySummaryStatementPerMonthlyPostSummary Summarized per Invoice New.rpt","d3c334a1bfd39246133451ef965e65b1097ed11f","58368","ATM-CompanySummaryStatementPerMonthlyPostSummary Summarized per Invoice New.rpt","1","Unused: no project, source/config, or Report-table reference","QuarantineUnused"
"Accounts/Reports/IGroup/Reports/ISP/ATM-CompanySummaryStatementPerMonthlyPostSummary Summarized per Invoice.rpt","ba3a8097e7fbb6a4fc447aa5b4e826e04a76dc62","58880","ATM-CompanySummaryStatementPerMonthlyPostSummary Summarized per Invoice.rpt","1","Unused: no project, source/config, or Report-table reference","QuarantineUnused"
"Accounts/Reports/IGroup/Reports/ISP/ATM-CompanySummaryStatementPerMonthlyPostSummary.rpt","eb215a0875a578ed2f818b553a07896de115c61d","54272","ATM-CompanySummaryStatementPerMonthlyPostSummary.rpt","1","Unused: no project, source/config, or Report-table reference","QuarantineUnused"
"Accounts/Reports/IGroup/Reports/ISP/ATM-CompanySummaryStatementPerMonthlyPostSummary2.rpt","72f706a0327e50b41ac74fe27df840604ca633b6","52224","ATM-CompanySummaryStatementPerMonthlyPostSummary2.rpt","1","Unused: no project, source/config, or Report-table reference","QuarantineUnused"
"Accounts/Reports/IGroup/Reports/ISP/ATM-CompanySummaryStatementPerMonthlyPostSummaryByTransNo.rpt","d581acf57b8db72fbaffa2933a316e081953e5fa","52736","ATM-CompanySummaryStatementPerMonthlyPostSummaryByTransNo.rpt","1","Unused: no project, source/config, or Report-table reference","QuarantineUnused"
"Accounts/Reports/IGroup/Reports/ISP/ATM-CompanySummaryStatementPerMonthlyPostSummaryNew.rpt","6e14844439e722b985c31d82657b311d0a5d6c29","54272","ATM-CompanySummaryStatementPerMonthlyPostSummaryNew.rpt","1","Unused: no project, source/config, or Report-table reference","QuarantineUnused"
"Accounts/Reports/IGroup/Reports/ISP/ATM-CompanySummaryStatementPerMonthSingleCompany(onNewTable).rpt","390f591fd5c41d18e41e1eb077034257d31924c6","54784","ATM-CompanySummaryStatementPerMonthSingleCompany(onNewTable).rpt","1","Unused: no project, source/config, or Report-table reference","QuarantineUnused"
"Accounts/Reports/IGroup/Reports/ISP/ATM-CompanySummaryStatementPerMonthSingleCompany(onNewTable)Detailed.rpt","6b26eea869e2ec4b64d92541ad5f29de29a19e6a","55296","ATM-CompanySummaryStatementPerMonthSingleCompany(onNewTable)Detailed.rpt","1","Unused: no project, source/config, or Report-table reference","QuarantineUnused"
"Accounts/Reports/IGroup/Reports/ISP/ATM-CompanySummaryStatementPerMonthSingleCompany.rpt","eb97b7bce9b2bcbb88732533cd6476e8619ab122","55296","ATM-CompanySummaryStatementPerMonthSingleCompany.rpt","1","Unused: no project, source/config, or Report-table reference","QuarantineUnused"
"Accounts/Reports/IGroup/Reports/ISP/ATM-Credit Income Summary per Company N Pharma.rpt","40996e8f008a9033e59ae6e79fba602faf8cf5dc","53248","ATM-Credit Income Summary per Company N Pharma.rpt","1","Unused: no project, source/config, or Report-table reference","QuarantineUnused"
"Accounts/Reports/IGroup/Reports/ISP/ATM-CreditIncomePostSummaryClinicNPharma.rpt","3a63eb0d15eef2c0d18ad81a97da126a5a1e976b","52224","ATM-CreditIncomePostSummaryClinicNPharma.rpt","1","Unused: no project, source/config, or Report-table reference","QuarantineUnused"
"Accounts/Reports/IGroup/Reports/ISP/ATM-Pharmacy Summary Statement Per Month Post Final Summary.rpt","a71af2e6c900a1a854c7ff1423087172a3e7cf34","58368","ATM-Pharmacy Summary Statement Per Month Post Final Summary.rpt","1","Unused: no project, source/config, or Report-table reference","QuarantineUnused"
"Accounts/Reports/IGroup/Reports/ISP/ATM-Summary Statement Per Month Post Final Summary.rpt","25286480533f0a1a6dcecff883cc52aed0312c6d","58368","ATM-Summary Statement Per Month Post Final Summary.rpt","1","Unused: no project, source/config, or Report-table reference","QuarantineUnused"
"Accounts/Reports/IGroup/Reports/ISP/CashCompanySummaryStatementDetailed.rpt","7af07223f45363b92ec3bcfbeba11d442bfd77ea","51712","CashCompanySummaryStatementDetailed.rpt","1","Unused: no project, source/config, or Report-table reference","QuarantineUnused"
"Accounts/Reports/IGroup/Reports/ISP/CashCompanySummaryStatementDetailedEntered as Credit.rpt","da0eb7efe5a4333926e0336eee11d44b6bdb3cbc","52224","CashCompanySummaryStatementDetailedEntered as Credit.rpt","1","Unused: no project, source/config, or Report-table reference","QuarantineUnused"
"Accounts/Reports/IGroup/Reports/ISP/Clinic Cash Income per Service per Doctor per Hour Period.rpt","a4487c4d5986aa2a0695889681ee9ac56d0de37d","51200","Clinic Cash Income per Service per Doctor per Hour Period.rpt","1","Unused: no project, source/config, or Report-table reference","QuarantineUnused"
"Accounts/Reports/IGroup/Reports/ISP/Clinic Cash Income per Service per Doctor per Month.rpt","bbaa6cce85ac06a23677d815290118ad5e898392","53248","Clinic Cash Income per Service per Doctor per Month.rpt","1","Unused: no project, source/config, or Report-table reference","QuarantineUnused"
"Accounts/Reports/IGroup/Reports/ISP/Clinic Cash Income per Service per Doctor per Period Single Doctor per item.rpt","67efc2a3e5299b900a77a1bce9bdc8458e6d6f52","51200","Clinic Cash Income per Service per Doctor per Period Single Doctor per item.rpt","1","Unused: no project, source/config, or Report-table reference","QuarantineUnused"
"Accounts/Reports/IGroup/Reports/ISP/Clinic Cash Income per Service per Doctor per Period Single Doctor.rpt","fe3f29add6a56d1d14d7dd608edad4fc26bab520","52736","Clinic Cash Income per Service per Doctor per Period Single Doctor.rpt","1","Unused: no project, source/config, or Report-table reference","QuarantineUnused"
"Accounts/Reports/IGroup/Reports/ISP/Clinic Cash Income per Service per Doctor per Period.rpt","b21cfd32451da337950fe45268a96d885391ac8e","53248","Clinic Cash Income per Service per Doctor per Period.rpt","1","Unused: no project, source/config, or Report-table reference","QuarantineUnused"
"Accounts/Reports/IGroup/Reports/ISP/CompanySummaryStatement.rpt","5d9c96b57c4ca95524b5706091f657baed8e8ccd","51200","CompanySummaryStatement.rpt","1","Unused: no project, source/config, or Report-table reference","QuarantineUnused"
"Accounts/Reports/IGroup/Reports/ISP/Doctors Cash & Credit Income per Service per Month per given Doctor.rpt","e03c2a0d5300a4df93a7acb883404f8643415cab","98816","Doctors Cash & Credit Income per Service per Month per given Doctor.rpt","1","Unused: no project, source/config, or Report-table reference","QuarantineUnused"
"Accounts/Reports/IGroup/Reports/ISP/Doctors Cash and Credit Income per Service per given Doctor.rpt","eb767f58fcfaabf4c5c11fe1a0d9081528047539","91136","Doctors Cash and Credit Income per Service per given Doctor.rpt","1","Unused: no project, source/config, or Report-table reference","QuarantineUnused"
"Accounts/Reports/IGroup/Reports/ISP/Doctors Cash Income per Service per Doctor per Month.rpt","7cb79bc5cfc9f77913dcaedaaf3f88746e36ca3e","51200","Doctors Cash Income per Service per Doctor per Month.rpt","1","Unused: no project, source/config, or Report-table reference","QuarantineUnused"
"Accounts/Reports/IGroup/Reports/ISP/Doctors Cash Income per Service per Doctor.rpt","6d19bf6d50d94df97cbfb4a85dc371480342fb95","51200","Doctors Cash Income per Service per Doctor.rpt","1","Unused: no project, source/config, or Report-table reference","QuarantineUnused"
"Accounts/Reports/IGroup/Reports/ISP/Doctors Cash Income per Service per given Doctor.rpt","4867ede2e24a44f26890191e89b253afcd05ba44","89088","Doctors Cash Income per Service per given Doctor.rpt","1","Unused: no project, source/config, or Report-table reference","QuarantineUnused"
"Accounts/Reports/IGroup/Reports/ISP/Doctors Cash Income per Service per given Doctor2.rpt","dc015188643eebeb9dafaefa9112c3d4b915be4d","87552","Doctors Cash Income per Service per given Doctor2.rpt","1","Unused: no project, source/config, or Report-table reference","QuarantineUnused"
"Accounts/Reports/IGroup/Reports/ISP/Doctors Cash Income per Service per Month per given Doctor.rpt","8ee71358ec269a6e7d6295991e93cb862459c12a","101376","Doctors Cash Income per Service per Month per given Doctor.rpt","1","Unused: no project, source/config, or Report-table reference","QuarantineUnused"
"Accounts/Reports/IGroup/Reports/ISP/Doctors Cash Income per Service.rpt","bfc0c51315f1a60bc41f90ce7e16b1ef0f5b787a","89088","Doctors Cash Income per Service.rpt","1","Unused: no project, source/config, or Report-table reference","QuarantineUnused"
"Accounts/Reports/IGroup/Reports/ISP/Doctors Credit Income per Service per given Doctor.rpt","5308fa75c56de24b5c3439f1f35e72df3b5ff630","89088","Doctors Credit Income per Service per given Doctor.rpt","1","Unused: no project, source/config, or Report-table reference","QuarantineUnused"
"Accounts/Reports/IGroup/Reports/ISP/Doctors Credit Income per Service per given Doctor2.rpt","44dce09ce50b6048415402f796177a25f03f361c","89600","Doctors Credit Income per Service per given Doctor2.rpt","1","Unused: no project, source/config, or Report-table reference","QuarantineUnused"
"Accounts/Reports/IGroup/Reports/ISP/Doctors Credit Income per Service per Month per given Doctor.rpt","f679b3e0df3790f85a16251472c1802354ae9f40","88576","Doctors Credit Income per Service per Month per given Doctor.rpt","1","Unused: no project, source/config, or Report-table reference","QuarantineUnused"
"Accounts/Reports/IGroup/Reports/ISP/Doctors Credit Income per Service.rpt","2e81672264b62c6ceed91b1665d857a957a8066e","89088","Doctors Credit Income per Service.rpt","1","Unused: no project, source/config, or Report-table reference","QuarantineUnused"
"Accounts/Reports/IGroup/Reports/ISP/Doctors Income Per Service.rpt","16bac2f45d29832b72d4bb46b4d167c229be6161","60928","Doctors Income Per Service.rpt","1","Unused: no project, source/config, or Report-table reference","QuarantineUnused"
"Accounts/Reports/IGroup/Reports/ISP/ItemMovementReportPeriodic1.rpt","c4d1e4e94d636af64d3a1db767e04ecdda80fb3d","54272","ItemMovementReportPeriodic1.rpt","1","Unused: no project, source/config, or Report-table reference","QuarantineUnused"
"Accounts/Reports/IGroup/Reports/ISP/ItemMovementReportPeriodic2.rpt","16db0f026789d02aeca6bbf970052b5951a2d375","53248","ItemMovementReportPeriodic2.rpt","1","Unused: no project, source/config, or Report-table reference","QuarantineUnused"
"Accounts/Reports/IGroup/Reports/ISP/ItemMovementReportPeriodicNew.rpt","e68193d32103a52f09f55f6091a42d61820137a4","51200","ItemMovementReportPeriodicNew.rpt","1","Unused: no project, source/config, or Report-table reference","QuarantineUnused"
"Accounts/Reports/IGroup/Reports/ISP/National Day Services for a given period  Items (itemized).rpt","9ca75fc3e610af64e9859ef5067966350f89af20","59392","National Day Services for a given period  Items (itemized).rpt","1","Unused: no project, source/config, or Report-table reference","QuarantineUnused"
"Accounts/Reports/IGroup/Reports/ISP/No of services per Day.rpt","dac70e0d6ed7025ce10020b217daf3dfee0c012a","51200","No of services per Day.rpt","1","Unused: no project, source/config, or Report-table reference","QuarantineUnused"
"Accounts/Reports/IGroup/Reports/ISP/No of services per Day1.rpt","5b57562f24350509ca544aefa50e9be7bedffefa","52224","No of services per Day1.rpt","1","Unused: no project, source/config, or Report-table reference","QuarantineUnused"
"Accounts/Reports/IGroup/Reports/ISP/No of services per Day2.rpt","d96258f1babee42c67322ecb6494016ccbf5576b","52224","No of services per Day2.rpt","1","Unused: no project, source/config, or Report-table reference","QuarantineUnused"
"Accounts/Reports/IGroup/Reports/ISP/No of services per month Diagnostic Services.rpt","862c265fec976160e7d56b5cfca81664286b02a6","52736","No of services per month Diagnostic Services.rpt","1","Unused: no project, source/config, or Report-table reference","QuarantineUnused"
"Accounts/Reports/IGroup/Reports/ISP/No. of Patients per clinic Single Doctor.rpt","2635cf72b8fe99edf7544fecd5543964bd7ed7d1","218112","No. of Patients per clinic Single Doctor.rpt","1","Unused: no project, source/config, or Report-table reference","QuarantineUnused"
"Accounts/Reports/IGroup/Reports/ISP/No. of Patients per doctor per day.rpt","0084cf1643c5e74d471ae8f260d4f52cf7fcd439","79872","No. of Patients per doctor per day.rpt","1","Unused: no project, source/config, or Report-table reference","QuarantineUnused"
"Accounts/Reports/IGroup/Reports/ISP/Payroll Report Per Month Per Employee.rpt","01791bddca9bd1ea519d691e5dc084f376e241ad","95744","Payroll Report Per Month Per Employee.rpt","1","Unused: no project, source/config, or Report-table reference","QuarantineUnused"
"Accounts/Reports/IGroup/Reports/ISP/Report1.rpt","5dd559d9c6189a0767d86dc46598d49193e6a82f","48128","Report1.rpt","4","Unused: no project, source/config, or Report-table reference","QuarantineUnused"
"Accounts/Reports/IGroup/Reports/ISP/temp.rpt","299455b4adaf9b90aa9038551cfe00e809cb0443","60416","temp.rpt","1","Unused: no project, source/config, or Report-table reference","QuarantineUnused"
"Accounts/Reports/IGroup/Reports/ISP/VatAdjustedDailyInvoices.rpt","8ee00f12fcbbe228a3466d2feb851afbf5d0c643","56832","VatAdjustedDailyInvoices.rpt","1","Unused: no project, source/config, or Report-table reference","QuarantineUnused"
"Accounts/Reports/IGroup/Reports/ISP/VatAdjustedDailyInvoicesFinal.rpt","5ecfc5a3c3c6bc582d1344fd09eef06c8e78255d","52224","VatAdjustedDailyInvoicesFinal.rpt","1","Unused: no project, source/config, or Report-table reference","QuarantineUnused"
"Accounts/Reports/IGroup/Reports/ISP/VatAdjustedDailyInvoicesNew.rpt","d2d754aca9ae2fdc5d9aa686cf02204ac93130d2","55808","VatAdjustedDailyInvoicesNew.rpt","1","Unused: no project, source/config, or Report-table reference","QuarantineUnused"
"Accounts/Reports/IGroup/Reports/ISP/VatAdjustedDailyInvoicesNew2.rpt","2bed26ade6b0477ed19c6ca78961352bcce3136c","57856","VatAdjustedDailyInvoicesNew2.rpt","1","Unused: no project, source/config, or Report-table reference","QuarantineUnused"
"Accounts/Reports/IGroup/Reports/ISP/VatAdjustedDailyInvoicesNew3.rpt","8f54289975ab55261c0a9553d7aac4edb7ac691d","55808","VatAdjustedDailyInvoicesNew3.rpt","1","Unused: no project, source/config, or Report-table reference","QuarantineUnused"
"Accounts/Reports/IGroup/Reports/ISP/VatAdjustedInvoices.rpt","61a45adb79a6aac6fdf80e5c72365c8b2faa0fad","53760","VatAdjustedInvoices.rpt","1","Unused: no project, source/config, or Report-table reference","QuarantineUnused"
"Accounts/Reports/IGroup/Reports/ISP/VatAdjustedInvoices4thQuarter.rpt","720254670443cdc2a9058c0f8c28451ac0c81dba","53248","VatAdjustedInvoices4thQuarter.rpt","1","Unused: no project, source/config, or Report-table reference","QuarantineUnused"
"Accounts/Reports/IGroup/Reports/ISP/VatAdjustedInvoicesNew.rpt","e352f2eeb5d557bdc8dafa789cb45ec9fedb30cb","53760","VatAdjustedInvoicesNew.rpt","1","Unused: no project, source/config, or Report-table reference","QuarantineUnused"
"Accounts/Reports/IGroup/Reports/ISP/VatAdjustedInvoicesVatSubmission.rpt","d495e19d0a971c36623c9414709508179cabd9a6","53760","VatAdjustedInvoicesVatSubmission.rpt","1","Unused: no project, source/config, or Report-table reference","QuarantineUnused"
"Accounts/Reports/IGroup/Reports/ISP/VatAdjustedInvoicesVatSubmission2.rpt","6aba65401f46d375f8c7f289950a04cf837c6655","51712","VatAdjustedInvoicesVatSubmission2.rpt","1","Unused: no project, source/config, or Report-table reference","QuarantineUnused"
"Accounts/Reports/IGroup/Reports/ISP/VatPurchases4thQuarter.rpt","a5317703fae8355f79912343602a0289b8d90eea","48640","VatPurchases4thQuarter.rpt","1","Unused: no project, source/config, or Report-table reference","QuarantineUnused"
"Accounts/Reports/IGroup/Reports/ISP/Warehouse Summary Usage.rpt","8cb1e6806f779edc9f782ef6eb0290cac5848c3b","53248","Warehouse Summary Usage.rpt","1","Unused: no project, source/config, or Report-table reference","QuarantineUnused"
"Accounts/Reports/IGroup/Reports/ItemMovementReport.rpt","3ddaf206ec791edbefac13458c55b023ec7e3ba3","15872","ItemMovementReport.rpt","2","Unused: no project, source/config, or Report-table reference","QuarantineUnused"
"Accounts/Reports/IGroup/Reports/ItemMovementReportPeriodicOrig.rpt","69a483009ccb90e3a4f398d372e8747497d9c341","52736","ItemMovementReportPeriodicOrig.rpt","1","Unused: no project, source/config, or Report-table reference","QuarantineUnused"
"Accounts/Reports/IGroup/Reports/ItemPriceList.rpt","3f592b37f1a80aee19c19cd6d352c9891505ef2f","1161728","ItemPriceList.rpt","2","Unused: no project, source/config, or Report-table reference","QuarantineUnused"
"Accounts/Reports/IGroup/Reports/Lab Summary Report by Invoice (Friday Only).rpt","db0144a7868fe2f1ef718f9a90036669df0615a0","57344","Lab Summary Report by Invoice (Friday Only).rpt","1","Unused: no project, source/config, or Report-table reference","QuarantineUnused"
"Accounts/Reports/IGroup/Reports/Lab Summary Report by Invoice Summary per Month.rpt","d732960f57fad3217a767a527dccb081b5f8babf","179712","Lab Summary Report by Invoice Summary per Month.rpt","1","Unused: no project, source/config, or Report-table reference","QuarantineUnused"
"Accounts/Reports/IGroup/Reports/Lab Summary Report by Invoice with amount (Friday Only).rpt","6e4f90ee8957731568caec88e444edf1e708bf68","57344","Lab Summary Report by Invoice with amount (Friday Only).rpt","1","Unused: no project, source/config, or Report-table reference","QuarantineUnused"
"Accounts/Reports/IGroup/Reports/Lab Summary Report by Lab Test (Friday Only).rpt","d23e846e37e27951cd90f8a341484786232a48ed","57856","Lab Summary Report by Lab Test (Friday Only).rpt","1","Unused: no project, source/config, or Report-table reference","QuarantineUnused"
"Accounts/Reports/IGroup/Reports/Lab Summary Report by Lab Tests (Friday Only).rpt","2506fa9e1e0ae9f26658e098ce39f79f3bb77cc1","55808","Lab Summary Report by Lab Tests (Friday Only).rpt","1","Unused: no project, source/config, or Report-table reference","QuarantineUnused"
"Accounts/Reports/IGroup/Reports/Lab Summary Report.rpt","1d7a31ee9b39b6fef6bbcee0a152d573fe1ee4ee","56320","Lab Summary Report.rpt","1","Unused: no project, source/config, or Report-table reference","QuarantineUnused"
"Accounts/Reports/IGroup/Reports/LabInvp001.rpt","ae1534be523360633ebd5cdad8ef0474519b86e5","57856","LabInvp001.rpt","5","Unused: no project, source/config, or Report-table reference","QuarantineUnused"
"Accounts/Reports/IGroup/Reports/Laboratory Tests Done for a given Period per nationality.rpt","4a4b921a5358cfd9e69c572dbf5476584bc9db79","206848","Laboratory Tests Done for a given Period per nationality.rpt","1","Unused: no project, source/config, or Report-table reference","QuarantineUnused"
"Accounts/Reports/IGroup/Reports/Laboratory Tests Done for a given Period per Unknown Nationality.rpt","f2908ed47b39b2ad97f171f5b5bef8353689baf5","76288","Laboratory Tests Done for a given Period per Unknown Nationality.rpt","1","Unused: no project, source/config, or Report-table reference","QuarantineUnused"
"Accounts/Reports/IGroup/Reports/Laboratory Tests Done for a given Period.rpt","686bd7bb9af0060b4017026f717f5d44c4ed66c4","294912","Laboratory Tests Done for a given Period.rpt","1","Unused: no project, source/config, or Report-table reference","QuarantineUnused"
"Accounts/Reports/IGroup/Reports/LabPlain.rpt","80b3329559cb6814884425c1a4e385c666568a89","55808","LabPlain.rpt","2","Unused: no project, source/config, or Report-table reference","QuarantineUnused"
"Accounts/Reports/IGroup/Reports/ListofDailyPatients2.rpt","1487d7e414c8591ef4c92ecdb1a019fec3367e9e","50176","ListofDailyPatients2.rpt","1","Unused: no project, source/config, or Report-table reference","QuarantineUnused"
"Accounts/Reports/IGroup/Reports/ListofDailyPatientsNewFormat.rpt","e83daa42ee1b2fc597caa32c7d3a378c0bc2d3cd","50688","ListofDailyPatientsNewFormat.rpt","1","Unused: no project, source/config, or Report-table reference","QuarantineUnused"
"Accounts/Reports/IGroup/Reports/ListofDailyPatientsNewFormat2.rpt","1e7ebc799d70ea85577585315e6a409626dccf9f","48640","ListofDailyPatientsNewFormat2.rpt","1","Unused: no project, source/config, or Report-table reference","QuarantineUnused"
"Accounts/Reports/IGroup/Reports/ListofDailyPatientsOrig2.rpt","4181a8917b987b1c52a98d00d7d313e59d679352","48640","ListofDailyPatientsOrig2.rpt","1","Unused: no project, source/config, or Report-table reference","QuarantineUnused"
"Accounts/Reports/IGroup/Reports/ListofDailyPatientsPerDoctor.rpt","34d72a0058d79d5896ebc53bad59e33a723edca2","51712","ListofDailyPatientsPerDoctor.rpt","1","Unused: no project, source/config, or Report-table reference","QuarantineUnused"
"Accounts/Reports/IGroup/Reports/ListofMonthlyPatients.rpt","f7d6fb7d0315ea0ea3f1d09666ba9f10b0c3e32b","48128","ListofMonthlyPatients.rpt","1","Unused: no project, source/config, or Report-table reference","QuarantineUnused"
"Accounts/Reports/IGroup/Reports/MedicalServicePriceList.rpt","a12e211b7b5dd44a78a8ea4ad6ccb92d15b65232","119296","MedicalServicePriceList.rpt","2","Unused: no project, source/config, or Report-table reference","QuarantineUnused"
"Accounts/Reports/IGroup/Reports/MedicalServicePriceListCash.rpt","e4bcbf426235515d60d0363621544df8414b920c","48640","MedicalServicePriceListCash.rpt","2","Unused: no project, source/config, or Report-table reference","QuarantineUnused"
"Accounts/Reports/IGroup/Reports/MedicalServicePriceListCredit.rpt","d3cd599d884e5cfb446ff56063034cd01a43184a","118784","MedicalServicePriceListCredit.rpt","2","Unused: no project, source/config, or Report-table reference","QuarantineUnused"
"Accounts/Reports/IGroup/Reports/Mine/ClinicBillPrint.rpt","bcc8be23da80b56b705d3b453ac184f4647160b0","14848","ClinicBillPrint.rpt","6","Unused: no project, source/config, or Report-table reference","QuarantineUnused"
"Accounts/Reports/IGroup/Reports/Mine/ClinicBillPrint1.rpt","11b23defe0932a34bae764412a29fa10c079ec5f","14848","ClinicBillPrint1.rpt","3","Unused: no project, source/config, or Report-table reference","QuarantineUnused"
"Accounts/Reports/IGroup/Reports/Mine/ClinicDailyReceptionDoctorWise.rpt","e65a7cf009ca7be8ee9f105f15875477c1ccc8fb","51200","ClinicDailyReceptionDoctorWise.rpt","3","Unused: no project, source/config, or Report-table reference","QuarantineUnused"
"Accounts/Reports/IGroup/Reports/Mine/ClinicDailyReceptionInvoiceER.rpt","da86a1f43e0079c320372acacba8b4627a7cd2b0","54272","ClinicDailyReceptionInvoiceER.rpt","1","Unused: no project, source/config, or Report-table reference","QuarantineUnused"
"Accounts/Reports/IGroup/Reports/Mine/ClinicDailyReceptionInvoiceMine.rpt","2d090b9e890f4c822ae42cf2988ca18f952d33b8","54272","ClinicDailyReceptionInvoiceMine.rpt","1","Unused: no project, source/config, or Report-table reference","QuarantineUnused"
"Accounts/Reports/IGroup/Reports/Mine/ClinicDailyReceptionInvoicePerDate.rpt","5ff1b20c686728d641799ceac848a108abe62bb8","53760","ClinicDailyReceptionInvoicePerDate.rpt","1","Unused: no project, source/config, or Report-table reference","QuarantineUnused"
"Accounts/Reports/IGroup/Reports/Mine/ClinicDailyReceptionInvoicePerInvoice.rpt","d0fd722685b6f5511bf12802bd45b31369a068c0","56832","ClinicDailyReceptionInvoicePerInvoice.rpt","1","Unused: no project, source/config, or Report-table reference","QuarantineUnused"
"Accounts/Reports/IGroup/Reports/Mine/ClinicDailyReceptionUserWise(gross).rpt","806e822a2425d8fac4cf708b9555a732845790d6","53760","ClinicDailyReceptionUserWise(gross).rpt","1","Unused: no project, source/config, or Report-table reference","QuarantineUnused"
"Accounts/Reports/IGroup/Reports/Mine/ClinicDailyReceptionUserWise2.rpt","5436033757d19d27ea255fb2d45b60381de61e23","54272","ClinicDailyReceptionUserWise2.rpt","1","Unused: no project, source/config, or Report-table reference","QuarantineUnused"
"Accounts/Reports/IGroup/Reports/Mine/ClinicReceptionCollection.rpt","a04889223c191ad0e995caff64b12b784d5d86c7","53760","ClinicReceptionCollection.rpt","3","Unused: no project, source/config, or Report-table reference","QuarantineUnused"
"Accounts/Reports/IGroup/Reports/Mine/Combined Clinic Cash Income Only per day per Branch with Before Vat Total.rpt","a79509b334f49802617998887911d97cc7644551","190976","Combined Clinic Cash Income Only per day per Branch with Before Vat Total.rpt","1","Unused: no project, source/config, or Report-table reference","QuarantineUnused"
"Accounts/Reports/IGroup/Reports/Mine/Combined Clinic Cash Income Only per day per Branch.rpt","d2a0dff5b4f5db47aa52eefeff9e2b2b29325060","93184","Combined Clinic Cash Income Only per day per Branch.rpt","2","Unused: no project, source/config, or Report-table reference","QuarantineUnused"
"Accounts/Reports/IGroup/Reports/Mine/Combined Clinic Cash Income Only per day per center with Before Vat Total.rpt","e4a92b7b2bf43fdd52801317f61439478005bb85","141824","Combined Clinic Cash Income Only per day per center with Before Vat Total.rpt","1","Unused: no project, source/config, or Report-table reference","QuarantineUnused"
"Accounts/Reports/IGroup/Reports/Mine/Combined Clinic Cash Income per day per Branch (with detailed discount).rpt","201634a6d1ba9f8ab5fe8d4a5772be097683e7d8","159232","Combined Clinic Cash Income per day per Branch (with detailed discount).rpt","1","Unused: no project, source/config, or Report-table reference","QuarantineUnused"
"Accounts/Reports/IGroup/Reports/Mine/Combined Clinic Cash Income per day per Branch Old Format.rpt","66dd9c32dadb0ff9420a67edc53c2432ec416240","150528","Combined Clinic Cash Income per day per Branch Old Format.rpt","1","Unused: no project, source/config, or Report-table reference","QuarantineUnused"
"Accounts/Reports/IGroup/Reports/Mine/Combined Clinic Cash Income per user per Branch (with detailed discount).rpt","0c7551c54a9d25bf76d00304a90b5c29718491ee","92672","Combined Clinic Cash Income per user per Branch (with detailed discount).rpt","1","Unused: no project, source/config, or Report-table reference","QuarantineUnused"
"Accounts/Reports/IGroup/Reports/Mine/Combined Clinic Cash Income per user per Center (with detailed discount).rpt","bb14b993e686d2881988986de3f8eb99683cdc69","92672","Combined Clinic Cash Income per user per Center (with detailed discount).rpt","1","Unused: no project, source/config, or Report-table reference","QuarantineUnused"
"Accounts/Reports/IGroup/Reports/Mine/Combined Income Report Cash & Credit per user (with detailed discount).rpt","915427c032bd20979134480ecc00890d41d91cf5","92160","Combined Income Report Cash & Credit per user (with detailed discount).rpt","1","Unused: no project, source/config, or Report-table reference","QuarantineUnused"
"Accounts/Reports/IGroup/Reports/Mine/Combined Income Report Cash & Credit per user per Center (with detailed discount).rpt","c2390e5b1ea7c7de05881f8d508f987fb685dafe","93184","Combined Income Report Cash & Credit per user per Center (with detailed discount).rpt","1","Unused: no project, source/config, or Report-table reference","QuarantineUnused"
"Accounts/Reports/IGroup/Reports/Mine/Combined Income Report Cash & Credit per user.rpt","257dfd593e7c158432caadc49316513694dc3985","93184","Combined Income Report Cash & Credit per user.rpt","1","Unused: no project, source/config, or Report-table reference","QuarantineUnused"
"Accounts/Reports/IGroup/Reports/Mine/Combined Income Report Cash Only per day with Before Vat Total.rpt","86e0cd4573cee6ea94eff32eb50b89ca65a1d802","140800","Combined Income Report Cash Only per day with Before Vat Total.rpt","1","Unused: no project, source/config, or Report-table reference","QuarantineUnused"
"Accounts/Reports/IGroup/Reports/Mine/Combined Income Report Cash Only per user per Invoice.rpt","cb4a031480129dc3d65cf1275ae88cdef254e2e2","126464","Combined Income Report Cash Only per user per Invoice.rpt","1","Unused: no project, source/config, or Report-table reference","QuarantineUnused"
"Accounts/Reports/IGroup/Reports/Mine/Combined Income Report Cash Only per user with Before Vat Total.rpt","a9fcc9b4bbebef52926eba0f4c4cb9a77b0a4ac2","93696","Combined Income Report Cash Only per user with Before Vat Total.rpt","1","Unused: no project, source/config, or Report-table reference","QuarantineUnused"
"Accounts/Reports/IGroup/Reports/Mine/Combined Income Report Cash Only per user.rpt","5e55e0f8a4769a9f29dfb1273c9969fdd3d12708","92160","Combined Income Report Cash Only per user.rpt","1","Unused: no project, source/config, or Report-table reference","QuarantineUnused"
"Accounts/Reports/IGroup/Reports/Mine/Combined Income Report Cash per user per Center (with detailed discount).rpt","d11c40ff12f34d45368ebb2072aca8dc17a051d9","92160","Combined Income Report Cash per user per Center (with detailed discount).rpt","1","Unused: no project, source/config, or Report-table reference","QuarantineUnused"
"Accounts/Reports/IGroup/Reports/Mine/Dental Services Price List.rpt","4d7098a9c1b334c89c7348004b2d6eaf08aa9ecd","87040","Dental Services Price List.rpt","1","Unused: no project, source/config, or Report-table reference","QuarantineUnused"
"Accounts/Reports/IGroup/Reports/Mine/Dr. Noma Patients.rpt","e63081d4722bb2f29b1d55eca4e1aae9a552f7a7","48640","Dr. Noma Patients.rpt","1","Unused: no project, source/config, or Report-table reference","QuarantineUnused"
"Accounts/Reports/IGroup/Reports/Mine/Final/Combined Clinic Cash Income Only per day per Branch.rpt","e739f91056d55ef94f8a8a4758921e87fa32fde6","201216","Combined Clinic Cash Income Only per day per Branch.rpt","2","Unused: no project, source/config, or Report-table reference","QuarantineUnused"
"Accounts/Reports/IGroup/Reports/Mine/Final/Combined Clinic Cash Income Only per day per Center.rpt","f00a51e6e98c65ad6164a7a0a0336371ef381cc8","178176","Combined Clinic Cash Income Only per day per Center.rpt","1","Unused: no project, source/config, or Report-table reference","QuarantineUnused"
"Accounts/Reports/IGroup/Reports/Mine/Final/Combined Clinic Cash Income Only per day per User per Center.rpt","df538fe206ede51c4c5593808628e10eb48d2da5","93696","Combined Clinic Cash Income Only per day per User per Center.rpt","1","Unused: no project, source/config, or Report-table reference","QuarantineUnused"
"Accounts/Reports/IGroup/Reports/Mine/LabInvp001.rpt","908b90dfa516a5591b46b557a118bccf6b69f09c","52736","LabInvp001.rpt","5","Unused: no project, source/config, or Report-table reference","QuarantineUnused"
"Accounts/Reports/IGroup/Reports/Mine/LabInvp0011.rpt","3fa5f8849373089817a0f27bdc03aa257f05d73b","53248","LabInvp0011.rpt","1","Unused: no project, source/config, or Report-table reference","QuarantineUnused"
"Accounts/Reports/IGroup/Reports/Mine/Laboratory Price List.rpt","04bbd0d1e3c8a956c18b2f1b7a11de59fe1a6ac1","91648","Laboratory Price List.rpt","1","Unused: no project, source/config, or Report-table reference","QuarantineUnused"
"Accounts/Reports/IGroup/Reports/Mine/Medical Services Price List ER.rpt","7bf09758fbabf4c1f992c357b680988e65bb6bb5","88576","Medical Services Price List ER.rpt","1","Unused: no project, source/config, or Report-table reference","QuarantineUnused"
"Accounts/Reports/IGroup/Reports/Mine/Medical Services Price List with Auto Discount.rpt","e9c449bae223a6b79d59fac93f9a5d2b29943846","87552","Medical Services Price List with Auto Discount.rpt","1","Unused: no project, source/config, or Report-table reference","QuarantineUnused"
"Accounts/Reports/IGroup/Reports/Mine/Medical Services Price List.rpt","2a0c6654db2059faec7dd7c105b401ff7e993aa0","91648","Medical Services Price List.rpt","1","Unused: no project, source/config, or Report-table reference","QuarantineUnused"
"Accounts/Reports/IGroup/Reports/Mine/MOH IB Report Per Month.rpt","b41f7be89915a3efaa3d9d13749d92fe7be5a386","191488","MOH IB Report Per Month.rpt","1","Unused: no project, source/config, or Report-table reference","QuarantineUnused"
"Accounts/Reports/IGroup/Reports/Mine/MOH IB Report.rpt","00023437ca787c396d462ca6fbdb7f14f821ce5f","75776","MOH IB Report.rpt","3","Unused: no project, source/config, or Report-table reference","QuarantineUnused"
"Accounts/Reports/IGroup/Reports/Mine/MOH Report per Doctor.rpt","9779d0380a1252365b037334be3109ac36b8422a","113664","MOH Report per Doctor.rpt","2","Unused: no project, source/config, or Report-table reference","QuarantineUnused"
"Accounts/Reports/IGroup/Reports/Mine/MOH Report.rpt","f8ef5a961be1c5ee89832210ed311c097e30e2ce","96768","MOH Report.rpt","2","Unused: no project, source/config, or Report-table reference","QuarantineUnused"
"Accounts/Reports/IGroup/Reports/Mine/PharmacyInvoicePrintBig.rpt","6a0270478d3790a3932dc25d9d3cca66547e1daa","13312","PharmacyInvoicePrintBig.rpt","4","Unused: no project, source/config, or Report-table reference","QuarantineUnused"
"Accounts/Reports/IGroup/Reports/Mine/Revenue Collection Per Center per Doctor New.rpt","1e178ca6939e2208b1fb74abf22f0c9a01f7ba8c","96256","Revenue Collection Per Center per Doctor New.rpt","1","Unused: no project, source/config, or Report-table reference","QuarantineUnused"
"Accounts/Reports/IGroup/Reports/Mine/Revenue Collection Per Center per Doctor per Period.rpt","0d969c6f0a89944da51497321a42906d95dbc428","55296","Revenue Collection Per Center per Doctor per Period.rpt","1","Unused: no project, source/config, or Report-table reference","QuarantineUnused"
"Accounts/Reports/IGroup/Reports/Mine/Revenue Collection Per Center per Doctor.rpt","7d6201a968584832379319e8a54b85f372c00f4d","90112","Revenue Collection Per Center per Doctor.rpt","1","Unused: no project, source/config, or Report-table reference","QuarantineUnused"
"Accounts/Reports/IGroup/Reports/Mine/XrayPlainReport.rpt","cf86aefdfc484f1eb1dda7807fc2c44f3d3cc576","48640","XrayPlainReport.rpt","4","Unused: no project, source/config, or Report-table reference","QuarantineUnused"
"Accounts/Reports/IGroup/Reports/MOH IB Report Final.rpt","cfa5752293dbfc23d3533307751e19febc8479cb","52736","MOH IB Report Final.rpt","1","Unused: no project, source/config, or Report-table reference","QuarantineUnused"
"Accounts/Reports/IGroup/Reports/MOH IB Report Final1.rpt","3a8507e6bf3e3b5997c2916b9c7c8e6a820bc335","52736","MOH IB Report Final1.rpt","1","Unused: no project, source/config, or Report-table reference","QuarantineUnused"
"Accounts/Reports/IGroup/Reports/MOH IB Report.rpt","d0550f76f9c9f4eeede6b9b0728556d10dd084ea","68608","MOH IB Report.rpt","3","Unused: no project, source/config, or Report-table reference","QuarantineUnused"
"Accounts/Reports/IGroup/Reports/MOH Patient List.rpt","b008b7bb6e254ccbc0bcb566ee38c536724d023d","829440","MOH Patient List.rpt","1","Unused: no project, source/config, or Report-table reference","QuarantineUnused"
"Accounts/Reports/IGroup/Reports/MOH Report Final All Doctorsrpt.rpt","eb33c814a4feb70ed3f412206077bc7f14efe546","122368","MOH Report Final All Doctorsrpt.rpt","1","Unused: no project, source/config, or Report-table reference","QuarantineUnused"
"Accounts/Reports/IGroup/Reports/MOH Report Final per doctor per service.rpt","348e0debe93c2929f23cdff748cde9ddde42443c","706048","MOH Report Final per doctor per service.rpt","1","Unused: no project, source/config, or Report-table reference","QuarantineUnused"
"Accounts/Reports/IGroup/Reports/MOH Report Final per doctor.rpt","c26149a40195cbf5b362ee89feb550f71d5c15eb","121344","MOH Report Final per doctor.rpt","1","Unused: no project, source/config, or Report-table reference","QuarantineUnused"
"Accounts/Reports/IGroup/Reports/MOH Report Final.rpt","f62e0b8b3885cffb82cdb80b3453eda1e86b92fb","70144","MOH Report Final.rpt","1","Unused: no project, source/config, or Report-table reference","QuarantineUnused"
"Accounts/Reports/IGroup/Reports/MOH Report per Doctor per service.rpt","405f035fe52a2cbc21e96072635091b0e85ca54f","119808","MOH Report per Doctor per service.rpt","1","Unused: no project, source/config, or Report-table reference","QuarantineUnused"
"Accounts/Reports/IGroup/Reports/MOH Report per Doctor per vaccine service.rpt","749a0a857a42cf04b0192c3365e7551e6ab79fbb","119808","MOH Report per Doctor per vaccine service.rpt","1","Unused: no project, source/config, or Report-table reference","QuarantineUnused"
"Accounts/Reports/IGroup/Reports/MOH Report per Doctor.rpt","9779d0380a1252365b037334be3109ac36b8422a","113664","MOH Report per Doctor.rpt","2","Unused: no project, source/config, or Report-table reference","QuarantineUnused"
"Accounts/Reports/IGroup/Reports/MOH Report.rpt","96e157b5a6f54a69a6c57b8b6aaaf00bf9f81b50","98304","MOH Report.rpt","2","Unused: no project, source/config, or Report-table reference","QuarantineUnused"
"Accounts/Reports/IGroup/Reports/No of Diagnosis Services per Day.rpt","6fff66f7eed7f8dea495742631d5704fbb84fad5","52736","No of Diagnosis Services per Day.rpt","1","Unused: no project, source/config, or Report-table reference","QuarantineUnused"
"Accounts/Reports/IGroup/Reports/No of services per Month per clinic.rpt","b5941ea1a9030be863f4429db24f6541d8637dc7","50176","No of services per Month per clinic.rpt","1","Unused: no project, source/config, or Report-table reference","QuarantineUnused"
"Accounts/Reports/IGroup/Reports/No of services per Month per single clinic.rpt","7b5fc9b4bb0fa2049d10f1197c3b39f7e0086f2c","51712","No of services per Month per single clinic.rpt","1","Unused: no project, source/config, or Report-table reference","QuarantineUnused"
"Accounts/Reports/IGroup/Reports/No PHotos.rpt","6fa9db530478f4c813fcbb310a2a8113f72d29ae","6889984","No PHotos.rpt","1","Unused: no project, source/config, or Report-table reference","QuarantineUnused"
"Accounts/Reports/IGroup/Reports/OpeningStockDifference.rpt","9484a079bc90b2e952331255336d0accb4b7670a","15360","OpeningStockDifference.rpt","2","Unused: no project, source/config, or Report-table reference","QuarantineUnused"
"Accounts/Reports/IGroup/Reports/Orig/ClinicBillPrint - Orig.rpt","13482fe3afd8387c33c1deb55e2d22aae9fdb36b","14848","ClinicBillPrint - Orig.rpt","3","Unused: no project, source/config, or Report-table reference","QuarantineUnused"
"Accounts/Reports/IGroup/Reports/Orig/ClinicBillPrint.rpt","7c24564e616871039b2b11b4171514f554e6ecff","14848","ClinicBillPrint.rpt","6","Unused: no project, source/config, or Report-table reference","QuarantineUnused"
"Accounts/Reports/IGroup/Reports/Orig/ClinicBillPrintx.rpt","91c7077b92980bd5d4bbd3438bff4042ed1b8f37","14848","ClinicBillPrintx.rpt","3","Unused: no project, source/config, or Report-table reference","QuarantineUnused"
"Accounts/Reports/IGroup/Reports/Orig/ClinicDailyReceptionInvoicePerDay.rpt","5ff1b20c686728d641799ceac848a108abe62bb8","53760","ClinicDailyReceptionInvoicePerDay.rpt","2","Unused: no project, source/config, or Report-table reference","QuarantineUnused"
"Accounts/Reports/IGroup/Reports/Orig/ClinicDateWiseSummaryStatement.rpt","e3dfaba698f48c70a3913ef889d4325b233fc10e","49664","ClinicDateWiseSummaryStatement.rpt","3","Unused: no project, source/config, or Report-table reference","QuarantineUnused"
"Accounts/Reports/IGroup/Reports/Orig/ClinicReceptionCollection.rpt","a04889223c191ad0e995caff64b12b784d5d86c7","53760","ClinicReceptionCollection.rpt","3","Unused: no project, source/config, or Report-table reference","QuarantineUnused"
"Accounts/Reports/IGroup/Reports/Orig/ExpiryListOriginal.rpt","b449f4f44f4dbaa28637bc547ce7c2883de35afa","51200","ExpiryListOriginal.rpt","1","Unused: no project, source/config, or Report-table reference","QuarantineUnused"
"Accounts/Reports/IGroup/Reports/Orig/ExpiryListPeriodicOriginal.rpt","2436fe7b6332015e665880d6a1e1daec6530899d","51200","ExpiryListPeriodicOriginal.rpt","1","Unused: no project, source/config, or Report-table reference","QuarantineUnused"
"Accounts/Reports/IGroup/Reports/Orig/PharmacyDosageArabic.rpt","ae11ef4113994f2a8707830066da303b9e88a5e6","8704","PharmacyDosageArabic.rpt","3","Unused: no project, source/config, or Report-table reference","QuarantineUnused"
"Accounts/Reports/IGroup/Reports/Orig/PharmacyInvoicePrintBig.rpt","f3ed9fc0a3fc4743df381d194065af3118474479","12800","PharmacyInvoicePrintBig.rpt","4","Unused: no project, source/config, or Report-table reference","QuarantineUnused"
"Accounts/Reports/IGroup/Reports/Orig/StockRegiste2.rrpt.rpt","cb8fb9b6b41d647839e5a7ee3cde6e799305c2ad","20992","StockRegiste2.rrpt.rpt","1","Unused: no project, source/config, or Report-table reference","QuarantineUnused"
"Accounts/Reports/IGroup/Reports/Orig/Transfer2BranchStockReport.rpt","66bae5ede82b62cc9071c42df8820672961d67b2","18432","Transfer2BranchStockReport.rpt","2","Unused: no project, source/config, or Report-table reference","QuarantineUnused"
"Accounts/Reports/IGroup/Reports/Orig/TransferStockReport.rpt","fcdeedd6a50f9bc8daf9f16260667d9ed4eafb0a","50176","TransferStockReport.rpt","3","Unused: no project, source/config, or Report-table reference","QuarantineUnused"
"Accounts/Reports/IGroup/Reports/Orig/XrayPlainReport.rpt","f28a4be3d9e484fd9df8d8a6ccd8f6f7831de169","48640","XrayPlainReport.rpt","4","Unused: no project, source/config, or Report-table reference","QuarantineUnused"
"Accounts/Reports/IGroup/Reports/PatientBookingSchedule.rpt","a3f37a652ac1a83367a9f0ecb37d7d71f28cc5f7","37376","PatientBookingSchedule.rpt","2","Unused: no project, source/config, or Report-table reference","QuarantineUnused"
"Accounts/Reports/IGroup/Reports/PatientBookingSchedule1.rpt","09197caf8a25202ba2399470fbcd865947485e93","37376","PatientBookingSchedule1.rpt","2","Unused: no project, source/config, or Report-table reference","QuarantineUnused"
"Accounts/Reports/IGroup/Reports/PatientCaseSheet.rpt","061091d23f5af2b32e2282f66e78d212aa4b7fbd","1158144","PatientCaseSheet.rpt","2","Unused: no project, source/config, or Report-table reference","QuarantineUnused"
"Accounts/Reports/IGroup/Reports/PatientDentalCaseSheet.rpt","f20ebe3585c0ecb77a0e9a1a1c738c3f6c913c7b","11776","PatientDentalCaseSheet.rpt","2","Unused: no project, source/config, or Report-table reference","QuarantineUnused"
"Accounts/Reports/IGroup/Reports/PatientDermoCaseSheet.rpt","d94187ec4439cc182871c8d8525ef22aed0bab41","11776","PatientDermoCaseSheet.rpt","2","Unused: no project, source/config, or Report-table reference","QuarantineUnused"
"Accounts/Reports/IGroup/Reports/PatientList Range.rpt","ef465ca673b54c26c51d62261620be8015cbc16c","10752","PatientList Range.rpt","1","Unused: no project, source/config, or Report-table reference","QuarantineUnused"
"Accounts/Reports/IGroup/Reports/PatientList.rpt","be03a38a4ffb4229fd174608c7a0dba3bb00b61f","10752","PatientList.rpt","2","Unused: no project, source/config, or Report-table reference","QuarantineUnused"
"Accounts/Reports/IGroup/Reports/Payroll Report Per Employee Per Month.rpt","fcb397e58675fbee10a365410563fe6b6bdfc5ba","102912","Payroll Report Per Employee Per Month.rpt","1","Unused: no project, source/config, or Report-table reference","QuarantineUnused"
"Accounts/Reports/IGroup/Reports/Payroll Report Per Employee.rpt","77885c82242e33a6e161c40c4bc4ad41d677ed61","59904","Payroll Report Per Employee.rpt","1","Unused: no project, source/config, or Report-table reference","QuarantineUnused"
"Accounts/Reports/IGroup/Reports/Payroll Report Per EmployeeTotal.rpt","3f7e46768d0704a77f10baa4b43a47c70039cb9b","104448","Payroll Report Per EmployeeTotal.rpt","1","Unused: no project, source/config, or Report-table reference","QuarantineUnused"
"Accounts/Reports/IGroup/Reports/Payroll Report Statement Detail Per Employee per Month.rpt","b8ed4af61b86285a6525f3b10c4b34e0de23a9ca","86528","Payroll Report Statement Detail Per Employee per Month.rpt","1","Unused: no project, source/config, or Report-table reference","QuarantineUnused"
"Accounts/Reports/IGroup/Reports/PaySlip.rpt","3b2488d72d365170b9df918e83abb67a1f182395","25600","PaySlip.rpt","2","Unused: no project, source/config, or Report-table reference","QuarantineUnused"
"Accounts/Reports/IGroup/Reports/Phar_SalesInvoice_DateWiseBar.rpt","a98d5d4d7805d999b936771d311b47e9deeea606","20992","Phar_SalesInvoice_DateWiseBar.rpt","2","Unused: no project, source/config, or Report-table reference","QuarantineUnused"
"Accounts/Reports/IGroup/Reports/Phar_SalesInvoice_Detailed.rpt","3aa12a4388aa49ed842a622d655b6a1cf47405f1","18944","Phar_SalesInvoice_Detailed.rpt","2","Unused: no project, source/config, or Report-table reference","QuarantineUnused"
"Accounts/Reports/IGroup/Reports/Phar_SalesInvoice_DetailedPieChart.rpt","4074b6d381a99fa3c240818406135ccddf25747f","18432","Phar_SalesInvoice_DetailedPieChart.rpt","2","Unused: no project, source/config, or Report-table reference","QuarantineUnused"
"Accounts/Reports/IGroup/Reports/Pharmacy Cost of Sales for a given date Range.rpt","63a11598919edbdf09fdd25765b6595fb6a0f8fa","73728","Pharmacy Cost of Sales for a given date Range.rpt","1","Unused: no project, source/config, or Report-table reference","QuarantineUnused"
"Accounts/Reports/IGroup/Reports/PharmacyDailySalesInvoice1.rpt","ed9f55773eb22006c3f4f7ad39bed36cd9a7e526","16896","PharmacyDailySalesInvoice1.rpt","2","Unused: no project, source/config, or Report-table reference","QuarantineUnused"
"Accounts/Reports/IGroup/Reports/PharmacyDosageArabic - New.rpt","53f2f6de164d4bddabc6226ff5abfda58a0f9695","8704","PharmacyDosageArabic - New.rpt","1","Unused: no project, source/config, or Report-table reference","QuarantineUnused"
"Accounts/Reports/IGroup/Reports/PharmacyDosageArabic 10 x 5.rpt","afbd3b112930694f7a24d5919be66c7ec826fb63","9216","PharmacyDosageArabic 10 x 5.rpt","1","Unused: no project, source/config, or Report-table reference","QuarantineUnused"
"Accounts/Reports/IGroup/Reports/PharmacyDosageArabic 6 x 4.rpt","21172fba915b1ca5b7dd439cd408747ae7cdb373","11264","PharmacyDosageArabic 6 x 4.rpt","1","Unused: no project, source/config, or Report-table reference","QuarantineUnused"
"Accounts/Reports/IGroup/Reports/PharmacyDosageArabic 9 x 4.rpt","4f2003a579345bbb33554d94a898df8bbd5bc96e","15360","PharmacyDosageArabic 9 x 4.rpt","1","Unused: no project, source/config, or Report-table reference","QuarantineUnused"
"Accounts/Reports/IGroup/Reports/PharmacyDosageArabic.rpt","97f1a1e1a9bd099f1307275638b596127b38bd6f","15360","PharmacyDosageArabic.rpt","3","Unused: no project, source/config, or Report-table reference","QuarantineUnused"
"Accounts/Reports/IGroup/Reports/PharmacyDosageArabic2.rpt","a6f75907b17b8aca2ef29e0487a7b7f95d13f247","11264","PharmacyDosageArabic2.rpt","1","Unused: no project, source/config, or Report-table reference","QuarantineUnused"
"Accounts/Reports/IGroup/Reports/PharmacyDosageArabicxxx.rpt","53f2f6de164d4bddabc6226ff5abfda58a0f9695","8704","PharmacyDosageArabicxxx.rpt","1","Unused: no project, source/config, or Report-table reference","QuarantineUnused"
"Accounts/Reports/IGroup/Reports/PharmacyIEDateWise.rpt","2a6470c86ac19da7ba5145c43ab6c42bfbee4689","86016","PharmacyIEDateWise.rpt","2","Unused: no project, source/config, or Report-table reference","QuarantineUnused"
"Accounts/Reports/IGroup/Reports/PharmacyIEDetailed.rpt","04d9df63b14eb4a56036a23edda3a0d6091c0a4a","86016","PharmacyIEDetailed.rpt","2","Unused: no project, source/config, or Report-table reference","QuarantineUnused"
"Accounts/Reports/IGroup/Reports/PharmacyInvoicePrintBig - Copy.rpt","d53bd61ca13d6b95917d6529f04992518bf24c55","48640","PharmacyInvoicePrintBig - Copy.rpt","1","Unused: no project, source/config, or Report-table reference","QuarantineUnused"
"Accounts/Reports/IGroup/Reports/PharmacyInvoicePrintBig.rpt","53760c92f16df0d3806824efc60cbce0d47903ed","49152","PharmacyInvoicePrintBig.rpt","4","Unused: no project, source/config, or Report-table reference","QuarantineUnused"
"Accounts/Reports/IGroup/Reports/PharmacyInvoicePrintBigOld.rpt","794388c11fa9135fbd7e4bba5860a3e86bac7dd7","13824","PharmacyInvoicePrintBigOld.rpt","1","Unused: no project, source/config, or Report-table reference","QuarantineUnused"
"Accounts/Reports/IGroup/Reports/PharmacyInvoicePrintBigOriginal.rpt","6c8fc45081dd798b743b28ffbf4dd3dddc0a0a02","13824","PharmacyInvoicePrintBigOriginal.rpt","1","Unused: no project, source/config, or Report-table reference","QuarantineUnused"
"Accounts/Reports/IGroup/Reports/PharmacyInvoicePrintBigZebraCodes.rpt","faf8fae8145d9fecf18aa5cc5171d6ac15fad01c","51200","PharmacyInvoicePrintBigZebraCodes.rpt","1","Unused: no project, source/config, or Report-table reference","QuarantineUnused"
"Accounts/Reports/IGroup/Reports/PharmacyInvoicePrintSmall.rpt","1283c8e3332235022400915bf07fc0f1c3f8ea5c","12288","PharmacyInvoicePrintSmall.rpt","2","Unused: no project, source/config, or Report-table reference","QuarantineUnused"
"Accounts/Reports/IGroup/Reports/PharmacyPatientProfile.rpt","481c7a8f988ed1f0854403741036a90b1f07d987","54784","PharmacyPatientProfile.rpt","2","Unused: no project, source/config, or Report-table reference","QuarantineUnused"
"Accounts/Reports/IGroup/Reports/PMR Entries per Doctor.rpt","325bcac262157c9ddc13dc605f3a732d77633b99","53760","PMR Entries per Doctor.rpt","1","Unused: no project, source/config, or Report-table reference","QuarantineUnused"
"Accounts/Reports/IGroup/Reports/PMRDcafBlank.rpt","fe69350d315e52d788e47fe2c4cd8a54c35e34bf","256000","PMRDcafBlank.rpt","2","Unused: no project, source/config, or Report-table reference","QuarantineUnused"
"Accounts/Reports/IGroup/Reports/PMROcaf.rpt","fff452cacbc2dff2402598e5c108f86e40667780","779776","PMROcaf.rpt","2","Unused: no project, source/config, or Report-table reference","QuarantineUnused"
"Accounts/Reports/IGroup/Reports/PMRPatientDentalProfile.rpt","0730806025534084c412c6ec90c517901d788924","84992","PMRPatientDentalProfile.rpt","2","Unused: no project, source/config, or Report-table reference","QuarantineUnused"
"Accounts/Reports/IGroup/Reports/PMRPatientProfile.rpt","9937259ffe105153dd7f53d5dfeb04091fcd31a8","54272","PMRPatientProfile.rpt","2","Unused: no project, source/config, or Report-table reference","QuarantineUnused"
"Accounts/Reports/IGroup/Reports/PMRPatientProfileOrig.rpt","ac656de7313bdf7b12f6f9f7e3fbf41675b6adf2","55808","PMRPatientProfileOrig.rpt","1","Unused: no project, source/config, or Report-table reference","QuarantineUnused"
"Accounts/Reports/IGroup/Reports/PMRPatientSickLeaveOrig.rpt","e8e8c981aa59448229f64ec88f14ed645be9fb15","102912","PMRPatientSickLeaveOrig.rpt","1","Unused: no project, source/config, or Report-table reference","QuarantineUnused"
"Accounts/Reports/IGroup/Reports/PMRPharmacyMedicineNCPrescription.rpt","eb5b15d593e61a9af701cef7a83aad487b06a79e","14336","PMRPharmacyMedicineNCPrescription.rpt","2","Unused: no project, source/config, or Report-table reference","QuarantineUnused"
"Accounts/Reports/IGroup/Reports/PMRPharmacyMedicinePrescription2.rpt","f22a17db4107195c52d599a0d241a4ec2c23179e","72192","PMRPharmacyMedicinePrescription2.rpt","1","Unused: no project, source/config, or Report-table reference","QuarantineUnused"
"Accounts/Reports/IGroup/Reports/PMRPharmacyMedicinePrescriptionOld.rpt","dbaf3d9f7d43346d97c034213f6588110c146610","73216","PMRPharmacyMedicinePrescriptionOld.rpt","1","Unused: no project, source/config, or Report-table reference","QuarantineUnused"
"Accounts/Reports/IGroup/Reports/PMRPharmacyMedicinePrescriptionOriginal.rpt","d8f58aaac2718fe1c7484d5eae5aef0dd8982a54","73728","PMRPharmacyMedicinePrescriptionOriginal.rpt","1","Unused: no project, source/config, or Report-table reference","QuarantineUnused"
"Accounts/Reports/IGroup/Reports/PMRPharmacyMedicinePrescriptionWithGeneric.rpt","495309a6fae2b1f966a6915c483d2b6ed1f1c9f2","71680","PMRPharmacyMedicinePrescriptionWithGeneric.rpt","1","Unused: no project, source/config, or Report-table reference","QuarantineUnused"
"Accounts/Reports/IGroup/Reports/PMRPharmacyPrescriptionBlank.rpt","fd9007679e0e5658cdf9dac160ea1b5f4de739d6","15360","PMRPharmacyPrescriptionBlank.rpt","2","Unused: no project, source/config, or Report-table reference","QuarantineUnused"
"Accounts/Reports/IGroup/Reports/PMRUcaf.rpt","6cefd6745f0064b5762724a9343f9d49fdaf348d","19968","PMRUcaf.rpt","2","Unused: no project, source/config, or Report-table reference","QuarantineUnused"
"Accounts/Reports/IGroup/Reports/PMRUcafBlank.rpt","68edc361b7d80a47a573137b16f296d6dc424da5","22016","PMRUcafBlank.rpt","2","Unused: no project, source/config, or Report-table reference","QuarantineUnused"
"Accounts/Reports/IGroup/Reports/POAnalysis.rpt","6e030d6a15ca0e417a721917d432d9398296eda8","17920","POAnalysis.rpt","1","Unused: no project, source/config, or Report-table reference","QuarantineUnused"
"Accounts/Reports/IGroup/Reports/Posting/Cash & Credit Income Summary per Cost Center per Department.rpt","0652ee9aa81c7485063db4fde53ed0563d35944b","838656","Cash & Credit Income Summary per Cost Center per Department.rpt","1","Unused: no project, source/config, or Report-table reference","QuarantineUnused"
"Accounts/Reports/IGroup/Reports/Posting/Cash & Credit Income Summary per Cost Center per Month.rpt","0e495f5601007a3233cde95521522bfdb3dac7d2","89600","Cash & Credit Income Summary per Cost Center per Month.rpt","1","Unused: no project, source/config, or Report-table reference","QuarantineUnused"
"Accounts/Reports/IGroup/Reports/Posting/Cash Income Summary per Cost Center per Department.rpt","3976eac06477576684c7f8924a20ec74e9602749","245760","Cash Income Summary per Cost Center per Department.rpt","1","Unused: no project, source/config, or Report-table reference","QuarantineUnused"
"Accounts/Reports/IGroup/Reports/Posting/Cash Income Summary per Cost Center per Month.rpt","e8b54fbf0591efd76425268c2af9d4896555f5c3","727040","Cash Income Summary per Cost Center per Month.rpt","1","Unused: no project, source/config, or Report-table reference","QuarantineUnused"
"Accounts/Reports/IGroup/Reports/Posting/Cash Income Summary per Cost Center per per Day.rpt","3917c29c99543f50f774871f475c5a857583fc99","219648","Cash Income Summary per Cost Center per per Day.rpt","1","Unused: no project, source/config, or Report-table reference","QuarantineUnused"
"Accounts/Reports/IGroup/Reports/Posting/Combined Vat Summary Report Small Font per month Cash & Credit.rpt","5291c0057aef4fc6a71673836d643e54e976f3cd","53760","Combined Vat Summary Report Small Font per month Cash & Credit.rpt","1","Unused: no project, source/config, or Report-table reference","QuarantineUnused"
"Accounts/Reports/IGroup/Reports/Posting/Credit Income Summary per Cost Center per Company.rpt","185cf3b2301504b1e39a7588ae44e2cee521306d","63488","Credit Income Summary per Cost Center per Company.rpt","1","Unused: no project, source/config, or Report-table reference","QuarantineUnused"
"Accounts/Reports/IGroup/Reports/Posting/Credit Income Summary per Cost Center per Department per Company No Self.rpt","d796d1011bf5be1d9317a2f11c71ad42bee60942","66048","Credit Income Summary per Cost Center per Department per Company No Self.rpt","1","Unused: no project, source/config, or Report-table reference","QuarantineUnused"
"Accounts/Reports/IGroup/Reports/Posting/Credit Income Summary per Cost Center per Department per Company Small Font.rpt","e4c2f0d9f27168dfc35017127c448d2925d453c1","342016","Credit Income Summary per Cost Center per Department per Company Small Font.rpt","1","Unused: no project, source/config, or Report-table reference","QuarantineUnused"
"Accounts/Reports/IGroup/Reports/Posting/Credit Income Summary per Cost Center per Department per Company.rpt","f38720f388fb084cf40b5debcd646e580b3388d6","73216","Credit Income Summary per Cost Center per Department per Company.rpt","1","Unused: no project, source/config, or Report-table reference","QuarantineUnused"
"Accounts/Reports/IGroup/Reports/Posting/Credit Income Summary per Cost Center per Department per Day No Self.rpt","0765167db538aaf24f1cde3b72f54ad89066170f","61440","Credit Income Summary per Cost Center per Department per Day No Self.rpt","1","Unused: no project, source/config, or Report-table reference","QuarantineUnused"
"Accounts/Reports/IGroup/Reports/Posting/Credit Income Summary per Cost Center per Department per Day.rpt","b9a140fe2249a23a739995f3fe6c1681bd8232cd","65536","Credit Income Summary per Cost Center per Department per Day.rpt","1","Unused: no project, source/config, or Report-table reference","QuarantineUnused"
"Accounts/Reports/IGroup/Reports/Posting/Credit Income Summary per Cost Center per Month.rpt","f14caf90366e19465a98d9485428252d80546002","82944","Credit Income Summary per Cost Center per Month.rpt","1","Unused: no project, source/config, or Report-table reference","QuarantineUnused"
"Accounts/Reports/IGroup/Reports/Posting/Credit Income Summary per Cost Center per Period.rpt","7f07b53ba30ce715bfd877bb6164d0ba7fac6565","78848","Credit Income Summary per Cost Center per Period.rpt","1","Unused: no project, source/config, or Report-table reference","QuarantineUnused"
"Accounts/Reports/IGroup/Reports/Posting/Credit Income Summary per Month.rpt","015d8438613f358b92e2837f6d717e773387bb1f","80896","Credit Income Summary per Month.rpt","1","Unused: no project, source/config, or Report-table reference","QuarantineUnused"
"Accounts/Reports/IGroup/Reports/Posting/Credit Own Sale-Revenue.rpt","266e7e4fa31f8f55a61894eb4121df569ec384e9","78848","Credit Own Sale-Revenue.rpt","1","Unused: no project, source/config, or Report-table reference","QuarantineUnused"
"Accounts/Reports/IGroup/Reports/Posting/VAT Report Cash & Credit per Month Small Font.rpt","e9d72c48574be92975ee2efd0f47c91aa1065b4f","818176","VAT Report Cash & Credit per Month Small Font.rpt","1","Unused: no project, source/config, or Report-table reference","QuarantineUnused"
"Accounts/Reports/IGroup/Reports/Posting/VAT Report Cash & Credit per Month.rpt","f7b8da8b22c6ee4d0bf186a7f54c32d706cfd29c","840704","VAT Report Cash & Credit per Month.rpt","1","Unused: no project, source/config, or Report-table reference","QuarantineUnused"
"Accounts/Reports/IGroup/Reports/Posting/VAT Report Cash Only per Department Small Font.rpt","fa2e3162a8d520b656f81d6770589a330ca84190","755712","VAT Report Cash Only per Department Small Font.rpt","1","Unused: no project, source/config, or Report-table reference","QuarantineUnused"
"Accounts/Reports/IGroup/Reports/Posting/VAT Report Cash Only per Month Small Font.rpt","7152f149b00cb303aaffd2ab9032d292bd2edcf5","753664","VAT Report Cash Only per Month Small Font.rpt","1","Unused: no project, source/config, or Report-table reference","QuarantineUnused"
"Accounts/Reports/IGroup/Reports/Posting/VAT Report Credit Only per Department per Month Small Font.rpt","b68def9908354bc2e35d56dbaf175d41f6352f81","90624","VAT Report Credit Only per Department per Month Small Font.rpt","1","Unused: no project, source/config, or Report-table reference","QuarantineUnused"
"Accounts/Reports/IGroup/Reports/Posting/VAT Report Credit Only per Month Small Font.rpt","dddae8e2c20ebc404d56fa065661fc72bbb16caa","751104","VAT Report Credit Only per Month Small Font.rpt","1","Unused: no project, source/config, or Report-table reference","QuarantineUnused"
"Accounts/Reports/IGroup/Reports/PurchaseReturnReport1.rpt","c7422ba77b26254f39f0ce3e30312062a422f1a1","20480","PurchaseReturnReport1.rpt","2","Unused: no project, source/config, or Report-table reference","QuarantineUnused"
"Accounts/Reports/IGroup/Reports/QRCODE Printng.rpt","6304d2cc3468a0f0ae1992b6a84e0add2cf77662","57344","QRCODE Printng.rpt","1","Unused: no project, source/config, or Report-table reference","QuarantineUnused"
"Accounts/Reports/IGroup/Reports/Report Backups/AccountsOpeningBalance.rpt","be70947add48649cf9c13d97ba4b722dc5880b3a","48128","AccountsOpeningBalance.rpt","2","Unused: no project, source/config, or Report-table reference","QuarantineUnused"
"Accounts/Reports/IGroup/Reports/Report Backups/AccountsVoucherType.rpt","f6ed868bbd67746f96e7b6b4533d2ad23e3a100e","47616","AccountsVoucherType.rpt","2","Unused: no project, source/config, or Report-table reference","QuarantineUnused"
"Accounts/Reports/IGroup/Reports/Report Backups/BarcodePharmacy3.rpt","4372e2e5ded17e0d59046b3a373a3341aae55f5f","13312","BarcodePharmacy3.rpt","1","Unused: no project, source/config, or Report-table reference","QuarantineUnused"
"Accounts/Reports/IGroup/Reports/Report Backups/ClinicBillPrint - Orig.rpt","13482fe3afd8387c33c1deb55e2d22aae9fdb36b","14848","ClinicBillPrint - Orig.rpt","3","Unused: no project, source/config, or Report-table reference","QuarantineUnused"
"Accounts/Reports/IGroup/Reports/Report Backups/ClinicBillPrint.rpt","bbf2535928ceb63f8972f77ec5ccf8d8e896378e","14848","ClinicBillPrint.rpt","6","Unused: no project, source/config, or Report-table reference","QuarantineUnused"
"Accounts/Reports/IGroup/Reports/Report Backups/ClinicBillPrint1.rpt","78939beae2a49372eda970867d6fe53abd949b7c","14336","ClinicBillPrint1.rpt","3","Unused: no project, source/config, or Report-table reference","QuarantineUnused"
"Accounts/Reports/IGroup/Reports/Report Backups/ClinicBillPrint2.rpt","8850d9a03354674d58caf5bcc9c83faf95ff65a3","14336","ClinicBillPrint2.rpt","2","Unused: no project, source/config, or Report-table reference","QuarantineUnused"
"Accounts/Reports/IGroup/Reports/Report Backups/ClinicBillPrintx.rpt","91c7077b92980bd5d4bbd3438bff4042ed1b8f37","14848","ClinicBillPrintx.rpt","3","Unused: no project, source/config, or Report-table reference","QuarantineUnused"
"Accounts/Reports/IGroup/Reports/Report Backups/ClinicDailyInvoiceSummaryDoctorWise.rpt","0174425d7d13c25c7e890c69d0e53bf8fc3155d1","16896","ClinicDailyInvoiceSummaryDoctorWise.rpt","2","Unused: no project, source/config, or Report-table reference","QuarantineUnused"
"Accounts/Reports/IGroup/Reports/Report Backups/ClinicDailyReceptionDoctorWise.rpt","e65a7cf009ca7be8ee9f105f15875477c1ccc8fb","51200","ClinicDailyReceptionDoctorWise.rpt","3","Unused: no project, source/config, or Report-table reference","QuarantineUnused"
"Accounts/Reports/IGroup/Reports/Report Backups/ClinicDailyReceptionInvoiceIQAMA.rpt","05c7de88d51adad7644b19563e94ff251fe32078","19456","ClinicDailyReceptionInvoiceIQAMA.rpt","2","Unused: no project, source/config, or Report-table reference","QuarantineUnused"
"Accounts/Reports/IGroup/Reports/Report Backups/ClinicDailyReceptionUserWise111.rpt","8d849ace9ccc803278721c17e7893dd951237b97","51712","ClinicDailyReceptionUserWise111.rpt","2","Unused: no project, source/config, or Report-table reference","QuarantineUnused"
"Accounts/Reports/IGroup/Reports/Report Backups/ClinicDailyReceptionUserWise3.rpt","94c6292fcbea32fda99ad37401ebcf9ed7350c1e","54784","ClinicDailyReceptionUserWise3.rpt","2","Unused: no project, source/config, or Report-table reference","QuarantineUnused"
"Accounts/Reports/IGroup/Reports/Report Backups/ClinicDailyReceptionUserWiseNew.rpt","59f1fe625f2def1031bef1d906bcc5de3f0af9e3","51200","ClinicDailyReceptionUserWiseNew.rpt","2","Unused: no project, source/config, or Report-table reference","QuarantineUnused"
"Accounts/Reports/IGroup/Reports/Report Backups/ClinicDateWiseSummaryStatement.rpt","e3dfaba698f48c70a3913ef889d4325b233fc10e","49664","ClinicDateWiseSummaryStatement.rpt","3","Unused: no project, source/config, or Report-table reference","QuarantineUnused"
"Accounts/Reports/IGroup/Reports/Report Backups/ClinicPatientProfile.rpt","29a2b3eac32a020585d8c26b1c4e36315b252e31","1165312","ClinicPatientProfile.rpt","2","Unused: no project, source/config, or Report-table reference","QuarantineUnused"
"Accounts/Reports/IGroup/Reports/Report Backups/ClinicReceptionCollectionxxx.rpt","8d6a00486004acfdfdb3d2857ee2426094f24ed7","53760","ClinicReceptionCollectionxxx.rpt","1","Unused: no project, source/config, or Report-table reference","QuarantineUnused"
"Accounts/Reports/IGroup/Reports/Report Backups/ClinicServiceWiseSummary.rpt","3d91d078858fb3aecf4a5104b18f0c3f9234063f","15360","ClinicServiceWiseSummary.rpt","2","Unused: no project, source/config, or Report-table reference","QuarantineUnused"
"Accounts/Reports/IGroup/Reports/Report Backups/CombinedISByDoctor.rpt","90431d5b7343ff7a21dd740745a6c47ee2f5e3fb","87552","CombinedISByDoctor.rpt","2","Unused: no project, source/config, or Report-table reference","QuarantineUnused"
"Accounts/Reports/IGroup/Reports/Report Backups/Copy of ClinicBillPrint.rpt","c5b50b539c4bc22961c22a8e97cbe45fe576a8f9","14336","Copy of ClinicBillPrint.rpt","2","Unused: no project, source/config, or Report-table reference","QuarantineUnused"
"Accounts/Reports/IGroup/Reports/Report Backups/DailyReportDoctorWisePatients.rpt","eabb8f8c345e00c23cf409038580d91716311db2","1162752","DailyReportDoctorWisePatients.rpt","2","Unused: no project, source/config, or Report-table reference","QuarantineUnused"
"Accounts/Reports/IGroup/Reports/Report Backups/DateWiseDutyDone1.rpt","2682118585eef82c7d52f8c6b67f4d5f5ebb70b0","17920","DateWiseDutyDone1.rpt","2","Unused: no project, source/config, or Report-table reference","QuarantineUnused"
"Accounts/Reports/IGroup/Reports/Report Backups/DCDriverLicenseForm.rpt","f9ef365b332eb2f4623a5e486213c73b096556e2","16896","DCDriverLicenseForm.rpt","2","Unused: no project, source/config, or Report-table reference","QuarantineUnused"
"Accounts/Reports/IGroup/Reports/Report Backups/DCHealthCardForm.rpt","3ae4e8fbe18bbdd220ab001c6ffbea899a100019","15872","DCHealthCardForm.rpt","2","Unused: no project, source/config, or Report-table reference","QuarantineUnused"
"Accounts/Reports/IGroup/Reports/Report Backups/DCIqamaForm.rpt","422543e43a337188e046944d7e65029f43b44d39","15360","DCIqamaForm.rpt","2","Unused: no project, source/config, or Report-table reference","QuarantineUnused"
"Accounts/Reports/IGroup/Reports/Report Backups/DCMedicalReportForm.rpt","fe689a08cfca9b8fad0f2f0b841e6ce2eaa0fa73","46080","DCMedicalReportForm.rpt","3","Unused: no project, source/config, or Report-table reference","QuarantineUnused"
"Accounts/Reports/IGroup/Reports/Report Backups/DiagnosisCenter.rpt","f58cd5ab490f913cc6fbfcb941c54b2cf56ea442","11776","DiagnosisCenter.rpt","3","Unused: no project, source/config, or Report-table reference","QuarantineUnused"
"Accounts/Reports/IGroup/Reports/Report Backups/estInventoryReport.rpt","9f69a07609460ea4a6cbf638b5602f64d353a566","14336","estInventoryReport.rpt","2","Unused: no project, source/config, or Report-table reference","QuarantineUnused"
"Accounts/Reports/IGroup/Reports/Report Backups/GraphicalPharmacyDailySalesInvoice.rpt","1c43c098dff63c3ff876d6706942eb0b08af7afa","1360896","GraphicalPharmacyDailySalesInvoice.rpt","2","Unused: no project, source/config, or Report-table reference","QuarantineUnused"
"Accounts/Reports/IGroup/Reports/Report Backups/HREmployeeList.rpt","154792f26c289618840fde66902a3e016e05cbd2","10752","HREmployeeList.rpt","2","Unused: no project, source/config, or Report-table reference","QuarantineUnused"
"Accounts/Reports/IGroup/Reports/Report Backups/HREmployeeSalaryDescription.rpt","2031291dc74f732f773f48a6e2d0cb2816d7ede1","15360","HREmployeeSalaryDescription.rpt","2","Unused: no project, source/config, or Report-table reference","QuarantineUnused"
"Accounts/Reports/IGroup/Reports/Report Backups/HREmployeeShiftDetails.rpt","e07b32a3ef560a319c6d8835ba20bfac4b75e99c","14848","HREmployeeShiftDetails.rpt","2","Unused: no project, source/config, or Report-table reference","QuarantineUnused"
"Accounts/Reports/IGroup/Reports/Report Backups/HRMonthlyAttendence.rpt","741247c44d2ce6143bcc5cb81777b3ce386f4818","17408","HRMonthlyAttendence.rpt","2","Unused: no project, source/config, or Report-table reference","QuarantineUnused"
"Accounts/Reports/IGroup/Reports/Report Backups/InsClinicBillPrint.rpt","c5b50b539c4bc22961c22a8e97cbe45fe576a8f9","14336","InsClinicBillPrint.rpt","2","Unused: no project, source/config, or Report-table reference","QuarantineUnused"
"Accounts/Reports/IGroup/Reports/Report Backups/InsClinicBillPrint1.rpt","1ed2d0240e36e9f41870e36d8d419f23189fb6b0","13312","InsClinicBillPrint1.rpt","2","Unused: no project, source/config, or Report-table reference","QuarantineUnused"
"Accounts/Reports/IGroup/Reports/Report Backups/InsPharmacyInvoicePrint.rpt","680f8aa1ab6edc14d3af5c3b8c4a23de558a340b","12288","InsPharmacyInvoicePrint.rpt","2","Unused: no project, source/config, or Report-table reference","QuarantineUnused"
"Accounts/Reports/IGroup/Reports/Report Backups/InsPharmacyInvoicePrint1.rpt","7347246662ff9df8419c455b6db91491f7dafd6d","11776","InsPharmacyInvoicePrint1.rpt","2","Unused: no project, source/config, or Report-table reference","QuarantineUnused"
"Accounts/Reports/IGroup/Reports/Report Backups/InsuranceBupaEclaim.rpt","03c5e912fb65ef30e175db3ab64304e2e269ab90","17408","InsuranceBupaEclaim.rpt","2","Unused: no project, source/config, or Report-table reference","QuarantineUnused"
"Accounts/Reports/IGroup/Reports/Report Backups/InsuranceCompanyReport.rpt","87c12a510762a0177767776bc841e97fb2e61471","32768","InsuranceCompanyReport.rpt","2","Unused: no project, source/config, or Report-table reference","QuarantineUnused"
"Accounts/Reports/IGroup/Reports/Report Backups/InsuranceMonthlySubmission.rpt","88f64e03f348af26a7e738c2583a465cf2d4bc3a","18432","InsuranceMonthlySubmission.rpt","2","Unused: no project, source/config, or Report-table reference","QuarantineUnused"
"Accounts/Reports/IGroup/Reports/Report Backups/ItemMovementReport.rpt","3ddaf206ec791edbefac13458c55b023ec7e3ba3","15872","ItemMovementReport.rpt","2","Unused: no project, source/config, or Report-table reference","QuarantineUnused"
"Accounts/Reports/IGroup/Reports/Report Backups/ItemPriceList.rpt","3f592b37f1a80aee19c19cd6d352c9891505ef2f","1161728","ItemPriceList.rpt","2","Unused: no project, source/config, or Report-table reference","QuarantineUnused"
"Accounts/Reports/IGroup/Reports/Report Backups/LabInvp001.rpt","908b90dfa516a5591b46b557a118bccf6b69f09c","52736","LabInvp001.rpt","5","Unused: no project, source/config, or Report-table reference","QuarantineUnused"
"Accounts/Reports/IGroup/Reports/Report Backups/LabPlain.rpt","e826690ee92691131d10a24756d1a89e506d9ae2","49664","LabPlain.rpt","2","Unused: no project, source/config, or Report-table reference","QuarantineUnused"
"Accounts/Reports/IGroup/Reports/Report Backups/MedicalServicePriceList.rpt","a12e211b7b5dd44a78a8ea4ad6ccb92d15b65232","119296","MedicalServicePriceList.rpt","2","Unused: no project, source/config, or Report-table reference","QuarantineUnused"
"Accounts/Reports/IGroup/Reports/Report Backups/MedicalServicePriceListCash.rpt","0a9f924915bfb725897b6d02f936d6eddf8dee4e","14848","MedicalServicePriceListCash.rpt","2","Unused: no project, source/config, or Report-table reference","QuarantineUnused"
"Accounts/Reports/IGroup/Reports/Report Backups/MedicalServicePriceListCredit.rpt","d3cd599d884e5cfb446ff56063034cd01a43184a","118784","MedicalServicePriceListCredit.rpt","2","Unused: no project, source/config, or Report-table reference","QuarantineUnused"
"Accounts/Reports/IGroup/Reports/Report Backups/OpeningStockDifference.rpt","9484a079bc90b2e952331255336d0accb4b7670a","15360","OpeningStockDifference.rpt","2","Unused: no project, source/config, or Report-table reference","QuarantineUnused"
"Accounts/Reports/IGroup/Reports/Report Backups/PatientBookingSchedule.rpt","a3f37a652ac1a83367a9f0ecb37d7d71f28cc5f7","37376","PatientBookingSchedule.rpt","2","Unused: no project, source/config, or Report-table reference","QuarantineUnused"
"Accounts/Reports/IGroup/Reports/Report Backups/PatientBookingSchedule1.rpt","09197caf8a25202ba2399470fbcd865947485e93","37376","PatientBookingSchedule1.rpt","2","Unused: no project, source/config, or Report-table reference","QuarantineUnused"
"Accounts/Reports/IGroup/Reports/Report Backups/PatientCaseSheet.rpt","061091d23f5af2b32e2282f66e78d212aa4b7fbd","1158144","PatientCaseSheet.rpt","2","Unused: no project, source/config, or Report-table reference","QuarantineUnused"
"Accounts/Reports/IGroup/Reports/Report Backups/PatientDentalCaseSheet.rpt","f20ebe3585c0ecb77a0e9a1a1c738c3f6c913c7b","11776","PatientDentalCaseSheet.rpt","2","Unused: no project, source/config, or Report-table reference","QuarantineUnused"
"Accounts/Reports/IGroup/Reports/Report Backups/PatientDermoCaseSheet.rpt","d94187ec4439cc182871c8d8525ef22aed0bab41","11776","PatientDermoCaseSheet.rpt","2","Unused: no project, source/config, or Report-table reference","QuarantineUnused"
"Accounts/Reports/IGroup/Reports/Report Backups/PatientList.rpt","be03a38a4ffb4229fd174608c7a0dba3bb00b61f","10752","PatientList.rpt","2","Unused: no project, source/config, or Report-table reference","QuarantineUnused"
"Accounts/Reports/IGroup/Reports/Report Backups/PaySlip.rpt","3b2488d72d365170b9df918e83abb67a1f182395","25600","PaySlip.rpt","2","Unused: no project, source/config, or Report-table reference","QuarantineUnused"
"Accounts/Reports/IGroup/Reports/Report Backups/Phar_SalesInvoice_DateWiseBar.rpt","a98d5d4d7805d999b936771d311b47e9deeea606","20992","Phar_SalesInvoice_DateWiseBar.rpt","2","Unused: no project, source/config, or Report-table reference","QuarantineUnused"
"Accounts/Reports/IGroup/Reports/Report Backups/Phar_SalesInvoice_Detailed.rpt","3aa12a4388aa49ed842a622d655b6a1cf47405f1","18944","Phar_SalesInvoice_Detailed.rpt","2","Unused: no project, source/config, or Report-table reference","QuarantineUnused"
"Accounts/Reports/IGroup/Reports/Report Backups/Phar_SalesInvoice_DetailedPieChart.rpt","4074b6d381a99fa3c240818406135ccddf25747f","18432","Phar_SalesInvoice_DetailedPieChart.rpt","2","Unused: no project, source/config, or Report-table reference","QuarantineUnused"
"Accounts/Reports/IGroup/Reports/Report Backups/PharmacyDailySalesInvoice1.rpt","ed9f55773eb22006c3f4f7ad39bed36cd9a7e526","16896","PharmacyDailySalesInvoice1.rpt","2","Unused: no project, source/config, or Report-table reference","QuarantineUnused"
"Accounts/Reports/IGroup/Reports/Report Backups/PharmacyDosageArabic.rpt","ae11ef4113994f2a8707830066da303b9e88a5e6","8704","PharmacyDosageArabic.rpt","3","Unused: no project, source/config, or Report-table reference","QuarantineUnused"
"Accounts/Reports/IGroup/Reports/Report Backups/PharmacyIEDateWise.rpt","2a6470c86ac19da7ba5145c43ab6c42bfbee4689","86016","PharmacyIEDateWise.rpt","2","Unused: no project, source/config, or Report-table reference","QuarantineUnused"
"Accounts/Reports/IGroup/Reports/Report Backups/PharmacyIEDetailed.rpt","04d9df63b14eb4a56036a23edda3a0d6091c0a4a","86016","PharmacyIEDetailed.rpt","2","Unused: no project, source/config, or Report-table reference","QuarantineUnused"
"Accounts/Reports/IGroup/Reports/Report Backups/PharmacyInvoicePrintBig.rpt","8e86bcd3dc4c7546651c2ce894cfa517d100d875","12800","PharmacyInvoicePrintBig.rpt","4","Unused: no project, source/config, or Report-table reference","QuarantineUnused"
"Accounts/Reports/IGroup/Reports/Report Backups/PharmacyInvoicePrintSmall.rpt","1283c8e3332235022400915bf07fc0f1c3f8ea5c","12288","PharmacyInvoicePrintSmall.rpt","2","Unused: no project, source/config, or Report-table reference","QuarantineUnused"
"Accounts/Reports/IGroup/Reports/Report Backups/PharmacyPatientProfile.rpt","481c7a8f988ed1f0854403741036a90b1f07d987","54784","PharmacyPatientProfile.rpt","2","Unused: no project, source/config, or Report-table reference","QuarantineUnused"
"Accounts/Reports/IGroup/Reports/Report Backups/PMRDcafBlank.rpt","fe69350d315e52d788e47fe2c4cd8a54c35e34bf","256000","PMRDcafBlank.rpt","2","Unused: no project, source/config, or Report-table reference","QuarantineUnused"
"Accounts/Reports/IGroup/Reports/Report Backups/PMROcaf.rpt","fff452cacbc2dff2402598e5c108f86e40667780","779776","PMROcaf.rpt","2","Unused: no project, source/config, or Report-table reference","QuarantineUnused"
"Accounts/Reports/IGroup/Reports/Report Backups/PMRPatientDentalProfile.rpt","0730806025534084c412c6ec90c517901d788924","84992","PMRPatientDentalProfile.rpt","2","Unused: no project, source/config, or Report-table reference","QuarantineUnused"
"Accounts/Reports/IGroup/Reports/Report Backups/PMRPatientProfile.rpt","b5709a9c7d71085dae7b954288e252a55c37582b","19456","PMRPatientProfile.rpt","2","Unused: no project, source/config, or Report-table reference","QuarantineUnused"
"Accounts/Reports/IGroup/Reports/Report Backups/PMRPharmacyMedicineNCPrescription.rpt","89ddaebc24172dd9a8289d68ef7ebecb446fcc48","14336","PMRPharmacyMedicineNCPrescription.rpt","2","Unused: no project, source/config, or Report-table reference","QuarantineUnused"
"Accounts/Reports/IGroup/Reports/Report Backups/PMRPharmacyPrescriptionBlank.rpt","fd9007679e0e5658cdf9dac160ea1b5f4de739d6","15360","PMRPharmacyPrescriptionBlank.rpt","2","Unused: no project, source/config, or Report-table reference","QuarantineUnused"
"Accounts/Reports/IGroup/Reports/Report Backups/PMRUcaf.rpt","6cefd6745f0064b5762724a9343f9d49fdaf348d","19968","PMRUcaf.rpt","2","Unused: no project, source/config, or Report-table reference","QuarantineUnused"
"Accounts/Reports/IGroup/Reports/Report Backups/PMRUcafBlank.rpt","68edc361b7d80a47a573137b16f296d6dc424da5","22016","PMRUcafBlank.rpt","2","Unused: no project, source/config, or Report-table reference","QuarantineUnused"
"Accounts/Reports/IGroup/Reports/Report Backups/PurchaseReturnReport1.rpt","c7422ba77b26254f39f0ce3e30312062a422f1a1","20480","PurchaseReturnReport1.rpt","2","Unused: no project, source/config, or Report-table reference","QuarantineUnused"
"Accounts/Reports/IGroup/Reports/Report Backups/TransferStockItemWiseReport.rpt","159f5f074d86572de46ebe6b804a7be2a5e85658","89600","TransferStockItemWiseReport.rpt","2","Unused: no project, source/config, or Report-table reference","QuarantineUnused"
"Accounts/Reports/IGroup/Reports/Report Backups/TransferStockReport.rpt","96340b0763410709674598af91f065a7a291129e","18432","TransferStockReport.rpt","3","Unused: no project, source/config, or Report-table reference","QuarantineUnused"
"Accounts/Reports/IGroup/Reports/Report Backups/VoucherPrint.rpt","b5fccce6780e2d7cb0c27380f358aad975b7c345","43520","VoucherPrint.rpt","2","Unused: no project, source/config, or Report-table reference","QuarantineUnused"
"Accounts/Reports/IGroup/Reports/Report Backups/XrayPlainReport.rpt","f28a4be3d9e484fd9df8d8a6ccd8f6f7831de169","48640","XrayPlainReport.rpt","4","Unused: no project, source/config, or Report-table reference","QuarantineUnused"
"Accounts/Reports/IGroup/Reports/Report1.rpt","9368683d83c6d2e933c52521c92c3c619ba48c98","57344","Report1.rpt","4","Unused: no project, source/config, or Report-table reference","QuarantineUnused"
"Accounts/Reports/IGroup/Reports/Report2.rpt","ee5250b12c2fcedb192b3703e021554c3c854079","52736","Report2.rpt","1","Unused: no project, source/config, or Report-table reference","QuarantineUnused"
"Accounts/Reports/IGroup/Reports/RevenuePosting/Combined Total Income per Company Cost Center.rpt","cc01963429ca7758619ecc49a66247f7d2cc5b96","54784","Combined Total Income per Company Cost Center.rpt","1","Unused: no project, source/config, or Report-table reference","QuarantineUnused"
"Accounts/Reports/IGroup/Reports/RevenuePosting/Combined Total Income per Cost Center Cash New.rpt","42b133d77ec13ff8b51b4615b4dc680cf4c1bd46","53760","Combined Total Income per Cost Center Cash New.rpt","1","Unused: no project, source/config, or Report-table reference","QuarantineUnused"
"Accounts/Reports/IGroup/Reports/RevenuePosting/Combined Total Income per Cost Center Cash Only.rpt","887aa99ed046646c095e2817221b10c454a9d5bd","54784","Combined Total Income per Cost Center Cash Only.rpt","1","Unused: no project, source/config, or Report-table reference","QuarantineUnused"
"Accounts/Reports/IGroup/Reports/RevenuePosting/Combined Total Income per Cost Center.rpt","03409a64f3a828478124d9788ac00441ae34fb03","53760","Combined Total Income per Cost Center.rpt","1","Unused: no project, source/config, or Report-table reference","QuarantineUnused"
"Accounts/Reports/IGroup/Reports/RevenuePosting/Pharmacy Total Income per Company Cost Center.rpt","6f268116b26fca8fc4c7a37e85c319542f6e014f","56832","Pharmacy Total Income per Company Cost Center.rpt","1","Unused: no project, source/config, or Report-table reference","QuarantineUnused"
"Accounts/Reports/IGroup/Reports/RevenuePosting/Pharmacy Total Income per Cost Center.rpt","6f932bdfa84f1bc329615d2f4b6e2bf66c1a19ab","53760","Pharmacy Total Income per Cost Center.rpt","1","Unused: no project, source/config, or Report-table reference","QuarantineUnused"
"Accounts/Reports/IGroup/Reports/RevenueReportDoctorWiseCombined.rpt","ec9c75cd3da75cc7c49eaa935d49080172c4c66f","54784","RevenueReportDoctorWiseCombined.rpt","1","Unused: no project, source/config, or Report-table reference","QuarantineUnused"
"Accounts/Reports/IGroup/Reports/Stock Consumption Injections (itemized).rpt","33f18409f47bf424ccb4e6afc28d0bb48f1e884a","76288","Stock Consumption Injections (itemized).rpt","1","Unused: no project, source/config, or Report-table reference","QuarantineUnused"
"Accounts/Reports/IGroup/Reports/Stock Consumption Injections (Summarized).rpt","19f370b1ed7a43ce27cd0ec30664be7dc9df7fb8","61440","Stock Consumption Injections (Summarized).rpt","1","Unused: no project, source/config, or Report-table reference","QuarantineUnused"
"Accounts/Reports/IGroup/Reports/Stock Consumption Meds Only.rpt","d179042f232e24eed13e78b4d3b59beb7080ea1d","58880","Stock Consumption Meds Only.rpt","1","Unused: no project, source/config, or Report-table reference","QuarantineUnused"
"Accounts/Reports/IGroup/Reports/Stock Consumption New.rpt","5a51cf84898fe5bb137abeac1ff0ebb333503a2a","62976","Stock Consumption New.rpt","1","Unused: no project, source/config, or Report-table reference","QuarantineUnused"
"Accounts/Reports/IGroup/Reports/Stock Consumption Per Clinic excluding Injections & Cleaning Items (itemized).rpt","e0d23e2dca26d5ee37e6cc92eab353bbcc033b05","75264","Stock Consumption Per Clinic excluding Injections & Cleaning Items (itemized).rpt","1","Unused: no project, source/config, or Report-table reference","QuarantineUnused"
"Accounts/Reports/IGroup/Reports/Stock Consumption Per Clinic excluding Injections & Cleaning Items (Summarized).rpt","2f3cfd9530dacaa27942fdb6a502bbd166473de7","58880","Stock Consumption Per Clinic excluding Injections & Cleaning Items (Summarized).rpt","1","Unused: no project, source/config, or Report-table reference","QuarantineUnused"
"Accounts/Reports/IGroup/Reports/Stock Consumption Per Clinic excluding Injections & Cleaning Items (Summary).rpt","c5483a3c78392b370118940452329d62c2490b88","61440","Stock Consumption Per Clinic excluding Injections & Cleaning Items (Summary).rpt","1","Unused: no project, source/config, or Report-table reference","QuarantineUnused"
"Accounts/Reports/IGroup/Reports/Stock Consumption Report for a specified Ending Date.rpt","0a7df05c3b92c09c2f62a8dbf928905f55b87beb","82944","Stock Consumption Report for a specified Ending Date.rpt","1","Unused: no project, source/config, or Report-table reference","QuarantineUnused"
"Accounts/Reports/IGroup/Reports/Stock Consumption Report for a specified Ending Date2.rpt","5f5052a4fbab1272d386bf4765c7631d538bd0cc","82944","Stock Consumption Report for a specified Ending Date2.rpt","1","Unused: no project, source/config, or Report-table reference","QuarantineUnused"
"Accounts/Reports/IGroup/Reports/Stock Consumption with Parameters.rpt","a3fd4645c4e625c7844a26fbfa678a4f8bd6a1f1","56320","Stock Consumption with Parameters.rpt","1","Unused: no project, source/config, or Report-table reference","QuarantineUnused"
"Accounts/Reports/IGroup/Reports/Stock Consumption.rpt","e1e7c9af85221e1cc56e42eaa3e854b94f10e7a0","58880","Stock Consumption.rpt","1","Unused: no project, source/config, or Report-table reference","QuarantineUnused"
"Accounts/Reports/IGroup/Reports/Stock Consumption2.rpt","8d336b3c1955ff9fdedf56cabab89c170ed6663e","56320","Stock Consumption2.rpt","1","Unused: no project, source/config, or Report-table reference","QuarantineUnused"
"Accounts/Reports/IGroup/Reports/StockRegister Summary.rpt","cd0ebb6bd0eb623ca9301ad10498b86c2761bd57","17408","StockRegister Summary.rpt","1","Unused: no project, source/config, or Report-table reference","QuarantineUnused"
"Accounts/Reports/IGroup/Reports/StockRegister2.rpt","30e3ac8643b052dcf2e6287cd1b35eadff33059b","17920","StockRegister2.rpt","1","Unused: no project, source/config, or Report-table reference","QuarantineUnused"
"Accounts/Reports/IGroup/Reports/StockRegister3.rpt","d87477eaecef2b7664bdfdb9c8f56e6685830101","18432","StockRegister3.rpt","1","Unused: no project, source/config, or Report-table reference","QuarantineUnused"
"Accounts/Reports/IGroup/Reports/StockRegisterClinic.rpt","5a968bf9d08a73497d82efe58b9797f267f4bcfd","21504","StockRegisterClinic.rpt","2","Unused: no project, source/config, or Report-table reference","QuarantineUnused"
"Accounts/Reports/IGroup/Reports/StockRegisterClinicNew.rpt","1a25529a4f21440e689119108d28b23690cc17d2","21504","StockRegisterClinicNew.rpt","1","Unused: no project, source/config, or Report-table reference","QuarantineUnused"
"Accounts/Reports/IGroup/Reports/StockRegisterNew.rpt","20e0519c59ec8f156b26675d43c1c229ca6741fe","17408","StockRegisterNew.rpt","1","Unused: no project, source/config, or Report-table reference","QuarantineUnused"
"Accounts/Reports/IGroup/Reports/StockRegisterPharmacy.rpt","93308d451ca0eed455dd4091722a98b71988fdaa","21504","StockRegisterPharmacy.rpt","1","Unused: no project, source/config, or Report-table reference","QuarantineUnused"
"Accounts/Reports/IGroup/Reports/StockRegisterWithBarCodes.rpt","73ec0bd2bf918aef5fda6af4e89fc32f308bcabc","21504","StockRegisterWithBarCodes.rpt","1","Unused: no project, source/config, or Report-table reference","QuarantineUnused"
"Accounts/Reports/IGroup/Reports/Stocks Consumption New System Test.rpt","1663420ef8dad3371406964fa4d0320577a80e02","67072","Stocks Consumption New System Test.rpt","1","Unused: no project, source/config, or Report-table reference","QuarantineUnused"
"Accounts/Reports/IGroup/Reports/Stocks Consumption New System.rpt","0a50c3755e72f4d784291565145ef61d8e5f308b","65536","Stocks Consumption New System.rpt","1","Unused: no project, source/config, or Report-table reference","QuarantineUnused"
"Accounts/Reports/IGroup/Reports/test2.rpt","0b6051558102259bf49df8d927868dc947212ccf","18432","test2.rpt","1","Unused: no project, source/config, or Report-table reference","QuarantineUnused"
"Accounts/Reports/IGroup/Reports/TestChartOfAccounts.rpt","a2ed36d02dd25ccf0eb2a09dab07d347f858d8c6","48128","TestChartOfAccounts.rpt","1","Unused: no project, source/config, or Report-table reference","QuarantineUnused"
"Accounts/Reports/IGroup/Reports/Testing/Total Cash Income & Vat Summary Report Per Department.rpt","79390acacbc746fad2346beb6bdacf028edfa21a","53248","Total Cash Income & Vat Summary Report Per Department.rpt","2","Unused: no project, source/config, or Report-table reference","QuarantineUnused"
"Accounts/Reports/IGroup/Reports/Total Cash Income & Vat Summary Report All.rpt","7e1f0b7fe8c05dfa74898805c35def98628e7b0a","53248","Total Cash Income & Vat Summary Report All.rpt","1","Unused: no project, source/config, or Report-table reference","QuarantineUnused"
"Accounts/Reports/IGroup/Reports/Total Cash Income & Vat Summary Report Per Department.rpt","fed5f4381625c29c0b5ec427de43655b7b121794","53248","Total Cash Income & Vat Summary Report Per Department.rpt","2","Unused: no project, source/config, or Report-table reference","QuarantineUnused"
"Accounts/Reports/IGroup/Reports/Total Diagnostic Center Cash Income & Vat Summary Report Per Department.rpt","35d7d0daab6fc14d47697299dc9ab4b62a7d6463","53248","Total Diagnostic Center Cash Income & Vat Summary Report Per Department.rpt","1","Unused: no project, source/config, or Report-table reference","QuarantineUnused"
"Accounts/Reports/IGroup/Reports/Transfer2BranchStockReport.rpt","cf30a6e6e15822403f8629584d309a697c0dfe16","16384","Transfer2BranchStockReport.rpt","2","Unused: no project, source/config, or Report-table reference","QuarantineUnused"
"Accounts/Reports/IGroup/Reports/TransferStockItemWiseReport.rpt","159f5f074d86572de46ebe6b804a7be2a5e85658","89600","TransferStockItemWiseReport.rpt","2","Unused: no project, source/config, or Report-table reference","QuarantineUnused"
"Accounts/Reports/IGroup/Reports/TransferStockReport.rpt","4b3fef0e9e22f99a3a0562fd6730895902efb8c6","50176","TransferStockReport.rpt","3","Unused: no project, source/config, or Report-table reference","QuarantineUnused"
"Accounts/Reports/IGroup/Reports/Trial/ClinicBillPrint - Copy (2).rpt","2d2ac7ec00ed15a37a679079b51523937b10d80d","14336","ClinicBillPrint - Copy (2).rpt","1","Unused: no project, source/config, or Report-table reference","QuarantineUnused"
"Accounts/Reports/IGroup/Reports/Trial/ClinicBillPrint - Copy.rpt","83c3142a3448d5d1d12e8588bbf2cf04ea1aacb8","14336","ClinicBillPrint - Copy.rpt","1","Unused: no project, source/config, or Report-table reference","QuarantineUnused"
"Accounts/Reports/IGroup/Reports/Trial/ClinicBillPrint.rpt","3a70aa9f19c34a4fe64a6daa963acfe739581c73","14848","ClinicBillPrint.rpt","6","Unused: no project, source/config, or Report-table reference","QuarantineUnused"
"Accounts/Reports/IGroup/Reports/Trial/ClinicBillPrint.rpt2.rpt","36d7db3ba482a4c1cd506bd118079e6e0d86a155","16384","ClinicBillPrint.rpt2.rpt","1","Unused: no project, source/config, or Report-table reference","QuarantineUnused"
"Accounts/Reports/IGroup/Reports/Trial/ClinicBillPrint.rptok.rpt","09927d0d9496ae80abd5b1d8f59e89f71749cbcb","16384","ClinicBillPrint.rptok.rpt","1","Unused: no project, source/config, or Report-table reference","QuarantineUnused"
"Accounts/Reports/IGroup/Reports/Trial/DCBillPrint.rpt2.rpt","3e4a20c0f1c38dfc38cf85560fc67221290bb718","15872","DCBillPrint.rpt2.rpt","1","Unused: no project, source/config, or Report-table reference","QuarantineUnused"
"Accounts/Reports/IGroup/Reports/Trial/DCBillPrint.rpt3.rpt","100d9b93aa5f2e04a79d8a64472b267b6478a864","15872","DCBillPrint.rpt3.rpt","1","Unused: no project, source/config, or Report-table reference","QuarantineUnused"
"Accounts/Reports/IGroup/Reports/Trial/DCBillPrint.rptorig.rpt","fa97d6197a4cef44c3acb65173d0324da24f6445","15872","DCBillPrint.rptorig.rpt","1","Unused: no project, source/config, or Report-table reference","QuarantineUnused"
"Accounts/Reports/IGroup/Reports/Trial/DiagnosisCenter.rpt","a115821a513c05d028b41a2cc80046c812b0f4a8","11776","DiagnosisCenter.rpt","3","Unused: no project, source/config, or Report-table reference","QuarantineUnused"
"Accounts/Reports/IGroup/Reports/Trial/DiagnosisCenter2.rpt","9f52a3aabc81d2a95e27edfbcce31d4af8140ed4","11776","DiagnosisCenter2.rpt","1","Unused: no project, source/config, or Report-table reference","QuarantineUnused"
"Accounts/Reports/IGroup/Reports/Trial/LabInvp001.orig.rpt","20f61a4ac11b8c04c121a477e7f49c091c5bb2e7","52736","LabInvp001.orig.rpt","1","Unused: no project, source/config, or Report-table reference","QuarantineUnused"
"Accounts/Reports/IGroup/Reports/Trial/LabInvp001.rpt","a82c633df7f7dbf7a5dc56241738efa396a749ae","50688","LabInvp001.rpt","5","Unused: no project, source/config, or Report-table reference","QuarantineUnused"
"Accounts/Reports/IGroup/Reports/Trial/LabInvp002.rpt","4180dd33b8908d4c630cad8cb09b6e457858f2b1","52736","LabInvp002.rpt","1","Unused: no project, source/config, or Report-table reference","QuarantineUnused"
"Accounts/Reports/IGroup/Reports/Trial/XDCDriverLicenseForm.rpt","a70f1bb0f052703bc846682a3754d19da119581f","16896","XDCDriverLicenseForm.rpt","1","Unused: no project, source/config, or Report-table reference","QuarantineUnused"
"Accounts/Reports/IGroup/Reports/Trial/XDCHealthCardForm.rpt","f5bd8a89c02ac011fa266d1e9f2f3a46ad3168a6","15360","XDCHealthCardForm.rpt","1","Unused: no project, source/config, or Report-table reference","QuarantineUnused"
"Accounts/Reports/IGroup/Reports/Trial/XDCIqamaForm.rpt","0b8e70027d46146e1a15afda15316dd56e3c680f","15360","XDCIqamaForm.rpt","1","Unused: no project, source/config, or Report-table reference","QuarantineUnused"
"Accounts/Reports/IGroup/Reports/UltrasoundTests Done for a given Period per Unknown Nationality.rpt","4b23d78ef24aa3b92fba800e91c599d6cb23c4e0","64000","UltrasoundTests Done for a given Period per Unknown Nationality.rpt","1","Unused: no project, source/config, or Report-table reference","QuarantineUnused"
"Accounts/Reports/IGroup/Reports/Vaccines Done for a given Period per Nationality Diagnosis Center Only New.rpt","9205b911f2aaec0560f98c27e564c0bed671efd7","70144","Vaccines Done for a given Period per Nationality Diagnosis Center Only New.rpt","1","Unused: no project, source/config, or Report-table reference","QuarantineUnused"
"Accounts/Reports/IGroup/Reports/Vaccines Done for a given Period per Nationality Diagnosis Center Only.rpt","dcad48b6cc07bce81b5105f8ce28af2461e70891","75776","Vaccines Done for a given Period per Nationality Diagnosis Center Only.rpt","1","Unused: no project, source/config, or Report-table reference","QuarantineUnused"
"Accounts/Reports/IGroup/Reports/Vaccines Done for a given Period per Nationality per doctor.rpt","ceb36e3c6fd0fb1fce5c76b81c084764bec170ac","60416","Vaccines Done for a given Period per Nationality per doctor.rpt","1","Unused: no project, source/config, or Report-table reference","QuarantineUnused"
"Accounts/Reports/IGroup/Reports/Vaccines Done for a given Period per Nationality.rpt","db45d02db2a3473dc5191024d424eab4a890c5c7","70144","Vaccines Done for a given Period per Nationality.rpt","1","Unused: no project, source/config, or Report-table reference","QuarantineUnused"
"Accounts/Reports/IGroup/Reports/Vaccines Done for a given Period per Unknown Nationality.rpt","01bbc5b5f0be5df1779091e1cd0c9cfb39c281dc","65024","Vaccines Done for a given Period per Unknown Nationality.rpt","1","Unused: no project, source/config, or Report-table reference","QuarantineUnused"
"Accounts/Reports/IGroup/Reports/Vat/01-Combined Total Income & Vat Summary Report All Per Cost Center Summarized.rpt","45c481fcfd0b79cacd79f11d5aa775597abe51da","53760","01-Combined Total Income & Vat Summary Report All Per Cost Center Summarized.rpt","1","Unused: no project, source/config, or Report-table reference","QuarantineUnused"
"Accounts/Reports/IGroup/Reports/Vat/01-Combined Total Income & Vat Summary Report All Per Cost Center.rpt","106db5ee4874d93c75faefe8bb43a981c62dbad9","55296","01-Combined Total Income & Vat Summary Report All Per Cost Center.rpt","1","Unused: no project, source/config, or Report-table reference","QuarantineUnused"
"Accounts/Reports/IGroup/Reports/Vat/01-Combined Total Income & Vat Summary Report All.rpt","76fbd412830659c6309888e5789710f3dcd6d46a","51200","01-Combined Total Income & Vat Summary Report All.rpt","1","Unused: no project, source/config, or Report-table reference","QuarantineUnused"
"Accounts/Reports/IGroup/Reports/Vat/01-Simplified Combined Total Income & Vat Summary Report All Local.rpt","6135ea1ed0ad06682b403c7b950a071e24199c08","52224","01-Simplified Combined Total Income & Vat Summary Report All Local.rpt","1","Unused: no project, source/config, or Report-table reference","QuarantineUnused"
"Accounts/Reports/IGroup/Reports/Vat/01-Simplified Combined Total Income & Vat Summary Report All New.rpt","2471e9ae31d06c97b25a2fbd1af8e94fcba3850b","54272","01-Simplified Combined Total Income & Vat Summary Report All New.rpt","1","Unused: no project, source/config, or Report-table reference","QuarantineUnused"
"Accounts/Reports/IGroup/Reports/Vat/01-Simplified Combined Total Income & Vat Summary Report All Newest.rpt","c1be7d6e689a02ac86458d9f1a1fe7b9aea35799","52224","01-Simplified Combined Total Income & Vat Summary Report All Newest.rpt","1","Unused: no project, source/config, or Report-table reference","QuarantineUnused"
"Accounts/Reports/IGroup/Reports/Vat/01-Simplified Combined Total Income & Vat Summary Report All.rpt","b08f9eb610f6077dac0aaafb072b41f78527ce1a","52224","01-Simplified Combined Total Income & Vat Summary Report All.rpt","1","Unused: no project, source/config, or Report-table reference","QuarantineUnused"
"Accounts/Reports/IGroup/Reports/Vat/02-Self Sale-Revenue.rpt","f620f6c2add53668cb630f17302e9035b868970f","67072","02-Self Sale-Revenue.rpt","1","Unused: no project, source/config, or Report-table reference","QuarantineUnused"
"Accounts/Reports/IGroup/Reports/Vat/02-Simplified Self Sale-Revenue.rpt","dbc68529cca70076c70a3116f23ff4ccf42b29cc","65536","02-Simplified Self Sale-Revenue.rpt","1","Unused: no project, source/config, or Report-table reference","QuarantineUnused"
"Accounts/Reports/IGroup/Reports/Vat/03-Pharmacy Final Vat Purchases Report 229.rpt","f1345c6e17a34e5109923610d442b578239d420c","822784","03-Pharmacy Final Vat Purchases Report 229.rpt","1","Unused: no project, source/config, or Report-table reference","QuarantineUnused"
"Accounts/Reports/IGroup/Reports/Vat/04-Clinic Final Vat Purchases Report 229 New.rpt","a5217dd71b4d6f01d29a4b32bc6959185e09a8e6","828928","04-Clinic Final Vat Purchases Report 229 New.rpt","1","Unused: no project, source/config, or Report-table reference","QuarantineUnused"
"Accounts/Reports/IGroup/Reports/Vat/05-Clinic Final Vat Bank Charges Report 231 New.rpt","052d2462282ca54b3d4cd4fe7a355c7bc263a148","829952","05-Clinic Final Vat Bank Charges Report 231 New.rpt","1","Unused: no project, source/config, or Report-table reference","QuarantineUnused"
"Accounts/Reports/IGroup/Reports/Vat/06-Blank.rpt","b189852c3a93e5fe7edc846ae386b1e2cc1fd966","817664","06-Blank.rpt","1","Unused: no project, source/config, or Report-table reference","QuarantineUnused"
"Accounts/Reports/IGroup/Reports/Vat/06-Clinic Final Vat Purchases Report 228 New.rpt","cf130305e55eb837f6b1f2f08b2a7682e635fb41","790528","06-Clinic Final Vat Purchases Report 228 New.rpt","1","Unused: no project, source/config, or Report-table reference","QuarantineUnused"
"Accounts/Reports/IGroup/Reports/Vat/07-Pharmacy Total Purchases Report (AP).rpt","469a9a23e7f9477c586b1354f06cbf7d0d249f5c","824320","07-Pharmacy Total Purchases Report (AP).rpt","1","Unused: no project, source/config, or Report-table reference","QuarantineUnused"
"Accounts/Reports/IGroup/Reports/Vat/08-Clinic Total Purchases Report (Non AP).rpt","2df46b4e628e0669b5dc48518ce876a655de4ab8","62976","08-Clinic Total Purchases Report (Non AP).rpt","1","Unused: no project, source/config, or Report-table reference","QuarantineUnused"
"Accounts/Reports/IGroup/Reports/Vat/09-Clinic Total Purchases Report (AP) New Arabic.rpt","9ba6bc4a7fe1c74b7aa11fa293002b88809bf0d9","828928","09-Clinic Total Purchases Report (AP) New Arabic.rpt","2","Unused: no project, source/config, or Report-table reference","QuarantineUnused"
"Accounts/Reports/IGroup/Reports/Vat/09-Clinic Total Purchases Report (AP) New Arabic2.rpt","47b2178a5135f9fcde09d2d382ead3b56535cdd5","834560","09-Clinic Total Purchases Report (AP) New Arabic2.rpt","1","Unused: no project, source/config, or Report-table reference","QuarantineUnused"
"Accounts/Reports/IGroup/Reports/Vat/09-Clinic Total Purchases Report (AP) New.rpt","9b0d24f613be8cb9cf6d9ddcdc17257a1b941d4b","826880","09-Clinic Total Purchases Report (AP) New.rpt","1","Unused: no project, source/config, or Report-table reference","QuarantineUnused"
"Accounts/Reports/IGroup/Reports/Vat/09-Clinic Trial Balance.rpt","93d613470700c325befa0cc8edb1426af2b1257f","828928","09-Clinic Trial Balance.rpt","1","Unused: no project, source/config, or Report-table reference","QuarantineUnused"
"Accounts/Reports/IGroup/Reports/Vat/10-Pharmacy Total Purchases Report (Non AP).rpt","4653620726e267b7aef8d2d088efc5d1bfefe494","823296","10-Pharmacy Total Purchases Report (Non AP).rpt","1","Unused: no project, source/config, or Report-table reference","QuarantineUnused"
"Accounts/Reports/IGroup/Reports/Vat/11-Clinic Total Purchases Report (AP) New Arabic2.rpt","30201db250db34588ae9e2688a414f0935ea5d86","828416","11-Clinic Total Purchases Report (AP) New Arabic2.rpt","1","Unused: no project, source/config, or Report-table reference","QuarantineUnused"
"Accounts/Reports/IGroup/Reports/Vat/12-Clinic Total Purchases Report (Non AP).rpt","d95168d7e63bd84a89dbaa61562e72d24ac9ea39","61440","12-Clinic Total Purchases Report (Non AP).rpt","1","Unused: no project, source/config, or Report-table reference","QuarantineUnused"
"Accounts/Reports/IGroup/Reports/Vat/13-Clinic Total Purchases Report.rpt","3c1c23aeaa08b4feff28f2b6018dace348e18a08","90112","13-Clinic Total Purchases Report.rpt","1","Unused: no project, source/config, or Report-table reference","QuarantineUnused"
"Accounts/Reports/IGroup/Reports/Vat/15-Clinic Final Vat Bank Charges Report 231 New.rpt","378a9966ed31a59bfb400d215327b4d1a4020ecb","835584","15-Clinic Final Vat Bank Charges Report 231 New.rpt","1","Unused: no project, source/config, or Report-table reference","QuarantineUnused"
"Accounts/Reports/IGroup/Reports/Vat/Combined Total Income & Vat Summary Report Per Clinic Cash Only.rpt","bf4c1a2691d2cf6f0d68a03f52c49b87dde4ee02","53760","Combined Total Income & Vat Summary Report Per Clinic Cash Only.rpt","1","Unused: no project, source/config, or Report-table reference","QuarantineUnused"
"Accounts/Reports/IGroup/Reports/Vat/Combined Total Income & Vat Summary Report.rpt","0f2ab58495cefd6ad6823229fb7369d8107e79c8","51200","Combined Total Income & Vat Summary Report.rpt","1","Unused: no project, source/config, or Report-table reference","QuarantineUnused"
"Accounts/Reports/IGroup/Reports/Vat/Daily Income and Vat Summary 2.rpt","87195ce782ddcdb9cde0ab1f921cbfa7bdd7f351","52224","Daily Income and Vat Summary 2.rpt","1","Unused: no project, source/config, or Report-table reference","QuarantineUnused"
"Accounts/Reports/IGroup/Reports/Vat/Daily Income and Vat Summary Daily.rpt","6ea429f8911be8a3822aa5f3c9e3641abdbced47","52224","Daily Income and Vat Summary Daily.rpt","1","Unused: no project, source/config, or Report-table reference","QuarantineUnused"
"Accounts/Reports/IGroup/Reports/Vat/Daily Income and Vat Summary Date Range per Day.rpt","ee41d37d00002951065afdfb8fe15dd7c3da9a0c","54272","Daily Income and Vat Summary Date Range per Day.rpt","1","Unused: no project, source/config, or Report-table reference","QuarantineUnused"
"Accounts/Reports/IGroup/Reports/Vat/Daily Income and Vat Summary Date Range Total.rpt","f1b87e952a58af965b09f09e8d7b25b0d6aec6d4","52224","Daily Income and Vat Summary Date Range Total.rpt","1","Unused: no project, source/config, or Report-table reference","QuarantineUnused"
"Accounts/Reports/IGroup/Reports/Vat/Daily Income and Vat Summary Date Range.rpt","749739f78fabcf84b6b1bdccef0b0c2e31bc2ab0","52224","Daily Income and Vat Summary Date Range.rpt","1","Unused: no project, source/config, or Report-table reference","QuarantineUnused"
"Accounts/Reports/IGroup/Reports/Vat/Daily Income and Vat Summary.rpt","ef5791f9eba2ac62fddb2a058b292df8aa95db18","52224","Daily Income and Vat Summary.rpt","1","Unused: no project, source/config, or Report-table reference","QuarantineUnused"
"Accounts/Reports/IGroup/Reports/Vat/Old-Vat/Clinic Final Vat Bank Charges Report 231 Old.rpt","6bf9d1d66eac7f11d19b541461207197e7aa2f82","835072","Clinic Final Vat Bank Charges Report 231 Old.rpt","1","Unused: no project, source/config, or Report-table reference","QuarantineUnused"
"Accounts/Reports/IGroup/Reports/Vat/Old-Vat/Clinic Final Vat Purchases Report 229 Old.rpt","68ecf3e93604e1fadeb27564e761436d12a47b6d","827904","Clinic Final Vat Purchases Report 229 Old.rpt","1","Unused: no project, source/config, or Report-table reference","QuarantineUnused"
"Accounts/Reports/IGroup/Reports/Vat/Old-Vat/Clinic Total Purchases Report (AP) Old.rpt","7b8ff21c190b6c0d172b6577fdb0f5aa08a3547b","830464","Clinic Total Purchases Report (AP) Old.rpt","1","Unused: no project, source/config, or Report-table reference","QuarantineUnused"
"Accounts/Reports/IGroup/Reports/Vat/Old-Vat/Pharmacy Final Vat Bank Charges Report 231.rpt","53e08dd397278fd02cfda8a1273376077214de0c","836096","Pharmacy Final Vat Bank Charges Report 231.rpt","1","Unused: no project, source/config, or Report-table reference","QuarantineUnused"
"Accounts/Reports/IGroup/Reports/Vat/Total Income per Cost Center.rpt","2347018aa8232b206c8616af276ac3176389eaa1","57344","Total Income per Cost Center.rpt","1","Unused: no project, source/config, or Report-table reference","QuarantineUnused"
"Accounts/Reports/IGroup/Reports/Vat/Total Sales & Vat Summary for Pharmacy Report.rpt","6524c461f8b8908525247720bf1d47c034246c98","52736","Total Sales & Vat Summary for Pharmacy Report.rpt","1","Unused: no project, source/config, or Report-table reference","QuarantineUnused"
"Accounts/Reports/IGroup/Reports/Vat/Vat Sales Summary Report.rpt","ef182cbfaa5b5c25129ed0516c927654658ae8b7","54272","Vat Sales Summary Report.rpt","1","Unused: no project, source/config, or Report-table reference","QuarantineUnused"
"Accounts/Reports/IGroup/Reports/VoucherPrint.rpt","b5fccce6780e2d7cb0c27380f358aad975b7c345","43520","VoucherPrint.rpt","2","Unused: no project, source/config, or Report-table reference","QuarantineUnused"
"Accounts/Reports/IGroup/Reports/X-Ray Tests Done for a given Period per Nationality.rpt","6df951bab642cce6e2893dee6a89fcdd3ac8b120","75776","X-Ray Tests Done for a given Period per Nationality.rpt","1","Unused: no project, source/config, or Report-table reference","QuarantineUnused"
"Accounts/Reports/IGroup/Reports/X-Ray Tests Done for a given Period per Unknown Nationality.rpt","76a7ffd826cc19095e45b30b08a9e9570ec3a481","74752","X-Ray Tests Done for a given Period per Unknown Nationality.rpt","1","Unused: no project, source/config, or Report-table reference","QuarantineUnused"
"Accounts/Reports/IGroup/Reports/XrayPlainReport.rpt","ca25ec54f68a00833642e6a4e642a3410dc5dffc","48640","XrayPlainReport.rpt","4","Unused: no project, source/config, or Report-table reference","QuarantineUnused"
"Accounts/Reports/IGroup/Revenue For Medical Supplies Per Service Per Doctor.rpt","e38ef5361d8574b4211894eac7f913d5b618340a","58880","Revenue For Medical Supplies Per Service Per Doctor.rpt","1","Unused: no project, source/config, or Report-table reference","QuarantineUnused"
"Accounts/Reports/IGroup/Revenue Sale Vat Report Summary Company.rpt","e8ff568d7b4a751f2c81fa1ea64798700143f436","12273664","Revenue Sale Vat Report Summary Company.rpt","1","Unused: no project, source/config, or Report-table reference","QuarantineUnused"
"Accounts/Reports/IGroup/Revenue Sale Vat Report Summary No Ibn Sina.rpt","4a52c2c5bb2c7661d428b9b633de1851a2a50599","12271104","Revenue Sale Vat Report Summary No Ibn Sina.rpt","1","Unused: no project, source/config, or Report-table reference","QuarantineUnused"
"Accounts/Reports/IGroup/Revenue Sale Vat Report Summary Per Month No Ibn Sina.rpt","640004f4df35b65014e621721dba791d256ef027","12271104","Revenue Sale Vat Report Summary Per Month No Ibn Sina.rpt","1","Unused: no project, source/config, or Report-table reference","QuarantineUnused"
"Accounts/Reports/IGroup/Revenue Sale Vat Report Summary Per Month Per Doctor .rpt","8e885726fb803e312ce01c723aa909e6160b434b","12272640","Revenue Sale Vat Report Summary Per Month Per Doctor .rpt","1","Unused: no project, source/config, or Report-table reference","QuarantineUnused"
"Accounts/Reports/IGroup/StockRegisterClinic.rpt","7f039ca48ad584689720de66953c0f2ef859a479","53760","StockRegisterClinic.rpt","2","Unused: no project, source/config, or Report-table reference","QuarantineUnused"
