"SourcePath","BlobHash","SizeBytes","AccountsCopies","QuarantinePath","Reason"
"IGroup/Reports/09-Clinic Total Purchases Report (AP) New Arabic.rpt","01f2380f4aae28ae3551a19980c6065bc969d72c","834560","Accounts/Reports/IGroup/Reports/09-Clinic Total Purchases Report (AP) New Arabic.rpt","_Quarantine/CrystalReports_CrossRoot_2026-08-11/ExactDuplicates/IGroup/Reports/09-Clinic Total Purchases Report (AP) New Arabic.rpt","Exact copy exists under the configured Accounts/Reports/IGroup runtime tree"
"IGroup/Reports/4thQtrPurchase.rpt","2bb6b864d170be4d37e631bcd5706e96a6899fb9","833536","Accounts/Reports/IGroup/Reports/4thQtrPurchase.rpt","_Quarantine/CrystalReports_CrossRoot_2026-08-11/ExactDuplicates/IGroup/Reports/4thQtrPurchase.rpt","Exact copy exists under the configured Accounts/Reports/IGroup runtime tree"
"IGroup/Reports/AccBalanceSheet.rpt","43432b86b74c9d3c9460cd2644a3071050ad5de3","49664","Accounts/Reports/IGroup/Reports/AccBalanceSheet.rpt","_Quarantine/CrystalReports_CrossRoot_2026-08-11/ExactDuplicates/IGroup/Reports/AccBalanceSheet.rpt","Exact copy exists under the configured Accounts/Reports/IGroup runtime tree"
"IGroup/Reports/Accounts/Balance Sheet Arabic Monthly.rpt","eebd7575ab20af76a93604724330c03cef92dc5b","1288192","Accounts/Reports/IGroup/Reports/Accounts/Balance Sheet Arabic Monthly.rpt","_Quarantine/CrystalReports_CrossRoot_2026-08-11/ExactDuplicates/IGroup/Reports/Accounts/Balance Sheet Arabic Monthly.rpt","Exact copy exists under the configured Accounts/Reports/IGroup runtime tree"
"IGroup/Reports/Accounts/Balance Sheet Arabic Yearly.rpt","2833b3b154d2dcc8fb975423c3116f8f79328748","1373696","Accounts/Reports/IGroup/Reports/Accounts/Balance Sheet Arabic Yearly.rpt","_Quarantine/CrystalReports_CrossRoot_2026-08-11/ExactDuplicates/IGroup/Reports/Accounts/Balance Sheet Arabic Yearly.rpt","Exact copy exists under the configured Accounts/Reports/IGroup runtime tree"
"IGroup/Reports/Accounts/Cash Disbursement Journal.rpt","66f75a353ff378d806972686dd9fba9d13001b2a","825856","Accounts/Reports/IGroup/Reports/Accounts/Cash Disbursement Journal.rpt","_Quarantine/CrystalReports_CrossRoot_2026-08-11/ExactDuplicates/IGroup/Reports/Accounts/Cash Disbursement Journal.rpt","Exact copy exists under the configured Accounts/Reports/IGroup runtime tree"
"IGroup/Reports/Accounts/General Journal.rpt","dbaf5caee1b9e48acbc418f7a9c121b8aa5005b9","825856","Accounts/Reports/IGroup/Reports/Accounts/General Journal.rpt","_Quarantine/CrystalReports_CrossRoot_2026-08-11/ExactDuplicates/IGroup/Reports/Accounts/General Journal.rpt","Exact copy exists under the configured Accounts/Reports/IGroup runtime tree"
"IGroup/Reports/Accounts/Income Statement Arabic Monthly.rpt","8e065b171366ccb23e28e179a8bf7c458480a610","861184","Accounts/Reports/IGroup/Reports/Accounts/Income Statement Arabic Monthly.rpt","_Quarantine/CrystalReports_CrossRoot_2026-08-11/ExactDuplicates/IGroup/Reports/Accounts/Income Statement Arabic Monthly.rpt","Exact copy exists under the configured Accounts/Reports/IGroup runtime tree"
"IGroup/Reports/Accounts/Income Statement Arabic Yearly.rpt","2b1f4a14008524b99a28cec0e67cc3871084d4f0","1015808","Accounts/Reports/IGroup/Reports/Accounts/Income Statement Arabic Yearly.rpt","_Quarantine/CrystalReports_CrossRoot_2026-08-11/ExactDuplicates/IGroup/Reports/Accounts/Income Statement Arabic Yearly.rpt","Exact copy exists under the configured Accounts/Reports/IGroup runtime tree"
"IGroup/Reports/Accounts/Income Statement Arabic.rpt","0432d026bafdfa413ee9c866c68e9cb42907fb12","1031680","Accounts/Reports/IGroup/Reports/Accounts/Income Statement Arabic.rpt","_Quarantine/CrystalReports_CrossRoot_2026-08-11/ExactDuplicates/IGroup/Reports/Accounts/Income Statement Arabic.rpt","Exact copy exists under the configured Accounts/Reports/IGroup runtime tree"
"IGroup/Reports/Accounts/Report1.rpt","bc0bd362fef0e02f993112fbdc94757d7e197b57","481280","Accounts/Reports/IGroup/Reports/Accounts/Report1.rpt","_Quarantine/CrystalReports_CrossRoot_2026-08-11/ExactDuplicates/IGroup/Reports/Accounts/Report1.rpt","Exact copy exists under the configured Accounts/Reports/IGroup runtime tree"
"IGroup/Reports/Accounts/Statement of Accounts Payable.rpt","034db99379e1ea3b6537dae1170536dc7e34f5fa","841728","Accounts/Reports/IGroup/Reports/Accounts/Statement of Accounts Payable.rpt","_Quarantine/CrystalReports_CrossRoot_2026-08-11/ExactDuplicates/IGroup/Reports/Accounts/Statement of Accounts Payable.rpt","Exact copy exists under the configured Accounts/Reports/IGroup runtime tree"
"IGroup/Reports/Accounts/Summary of Accounts Payables.rpt","b0cc6f8684dd88b65b633d7da5c645a459422c8a","974336","Accounts/Reports/IGroup/Reports/Accounts/Summary of Accounts Payables.rpt","_Quarantine/CrystalReports_CrossRoot_2026-08-11/ExactDuplicates/IGroup/Reports/Accounts/Summary of Accounts Payables.rpt","Exact copy exists under the configured Accounts/Reports/IGroup runtime tree"
"IGroup/Reports/Accounts/Summary of Accounts Receivable.rpt","b36114763074316cacb2c0f990b927a7f72a28b0","931328","Accounts/Reports/IGroup/Reports/Accounts/Summary of Accounts Receivable.rpt","_Quarantine/CrystalReports_CrossRoot_2026-08-11/ExactDuplicates/IGroup/Reports/Accounts/Summary of Accounts Receivable.rpt","Exact copy exists under the configured Accounts/Reports/IGroup runtime tree"
"IGroup/Reports/Accounts/Trial Balance Arabic Monthly.rpt","4194c1db27ffaa0b3c19d12c9968da544486295a","1303040","Accounts/Reports/IGroup/Reports/Accounts/Trial Balance Arabic Monthly.rpt","_Quarantine/CrystalReports_CrossRoot_2026-08-11/ExactDuplicates/IGroup/Reports/Accounts/Trial Balance Arabic Monthly.rpt","Exact copy exists under the configured Accounts/Reports/IGroup runtime tree"
"IGroup/Reports/Accounts/Trial Balance Arabic Yearly.rpt","d454d80be9368abf657c4772104977e8cce6bb87","1302528","Accounts/Reports/IGroup/Reports/Accounts/Trial Balance Arabic Yearly.rpt","_Quarantine/CrystalReports_CrossRoot_2026-08-11/ExactDuplicates/IGroup/Reports/Accounts/Trial Balance Arabic Yearly.rpt","Exact copy exists under the configured Accounts/Reports/IGroup runtime tree"
"IGroup/Reports/Accounts/Trial Balance Arabic.rpt","38eaebc36262d58333937719968cd4b985255d5d","1266688","Accounts/Reports/IGroup/Reports/Accounts/Trial Balance Arabic.rpt","_Quarantine/CrystalReports_CrossRoot_2026-08-11/ExactDuplicates/IGroup/Reports/Accounts/Trial Balance Arabic.rpt","Exact copy exists under the configured Accounts/Reports/IGroup runtime tree"
"IGroup/Reports/Accounts/Trial Balance.rpt","98365bd2903160528558fe715e0d6f94681ea64f","830976","Accounts/Reports/IGroup/Reports/Accounts/Trial Balance.rpt","_Quarantine/CrystalReports_CrossRoot_2026-08-11/ExactDuplicates/IGroup/Reports/Accounts/Trial Balance.rpt","Exact copy exists under the configured Accounts/Reports/IGroup runtime tree"
"IGroup/Reports/AccountsGroupList.rpt","abef2dce3ea86b27292d8243b26ad7e44c190421","48128","Accounts/Reports/IGroup/Reports/AccountsGroupList.rpt; Accounts/Reports/IGroup/Reports/Report Backups/AccountsGroupList.rpt","_Quarantine/CrystalReports_CrossRoot_2026-08-11/ExactDuplicates/IGroup/Reports/AccountsGroupList.rpt","Exact copy exists under the configured Accounts/Reports/IGroup runtime tree"
"IGroup/Reports/AccountsIncomeExpenses.rpt","906414ec8f6871d63bfa5b60be48a16769ddea41","49152","Accounts/Reports/IGroup/Reports/AccountsIncomeExpenses.rpt","_Quarantine/CrystalReports_CrossRoot_2026-08-11/ExactDuplicates/IGroup/Reports/AccountsIncomeExpenses.rpt","Exact copy exists under the configured Accounts/Reports/IGroup runtime tree"
"IGroup/Reports/AccountsJournal.rpt","df669bf9b09bf9e04e840ef17f25c31f868080ff","48128","Accounts/Reports/IGroup/Reports/AccountsJournal.rpt; Accounts/Reports/IGroup/Reports/Report Backups/AccountsJournal.rpt","_Quarantine/CrystalReports_CrossRoot_2026-08-11/ExactDuplicates/IGroup/Reports/AccountsJournal.rpt","Exact copy exists under the configured Accounts/Reports/IGroup runtime tree"
"IGroup/Reports/AccountsLedger.rpt","525ebe75c77839d8d1e1288cd9dbbae3f9d94ddf","49152","Accounts/Reports/IGroup/Reports/AccountsLedger.rpt; Accounts/Reports/IGroup/Reports/Report Backups/AccountsLedger.rpt","_Quarantine/CrystalReports_CrossRoot_2026-08-11/ExactDuplicates/IGroup/Reports/AccountsLedger.rpt","Exact copy exists under the configured Accounts/Reports/IGroup runtime tree"
"IGroup/Reports/AccountsLedgerSummary.rpt","8ca6d3d7c392f4bad56df42d194f20509207fa02","1162240","Accounts/Reports/IGroup/Reports/AccountsLedgerSummary.rpt","_Quarantine/CrystalReports_CrossRoot_2026-08-11/ExactDuplicates/IGroup/Reports/AccountsLedgerSummary.rpt","Exact copy exists under the configured Accounts/Reports/IGroup runtime tree"
"IGroup/Reports/AccountsOpeningBalance.rpt","be70947add48649cf9c13d97ba4b722dc5880b3a","48128","Accounts/Reports/IGroup/Reports/AccountsOpeningBalance.rpt; Accounts/Reports/IGroup/Reports/Report Backups/AccountsOpeningBalance.rpt","_Quarantine/CrystalReports_CrossRoot_2026-08-11/ExactDuplicates/IGroup/Reports/AccountsOpeningBalance.rpt","Exact copy exists under the configured Accounts/Reports/IGroup runtime tree"
"IGroup/Reports/AccountsPnL.rpt","0c582bcd990ab7df138840534427e580669921fc","48128","Accounts/Reports/IGroup/Reports/AccountsPnL.rpt","_Quarantine/CrystalReports_CrossRoot_2026-08-11/ExactDuplicates/IGroup/Reports/AccountsPnL.rpt","Exact copy exists under the configured Accounts/Reports/IGroup runtime tree"
"IGroup/Reports/AccountsVoucherType.rpt","f6ed868bbd67746f96e7b6b4533d2ad23e3a100e","47616","Accounts/Reports/IGroup/Reports/AccountsVoucherType.rpt; Accounts/Reports/IGroup/Reports/Report Backups/AccountsVoucherType.rpt","_Quarantine/CrystalReports_CrossRoot_2026-08-11/ExactDuplicates/IGroup/Reports/AccountsVoucherType.rpt","Exact copy exists under the configured Accounts/Reports/IGroup runtime tree"
"IGroup/Reports/ACCTrialBalanceNew.rpt","3a12390b748d7626c7c22d39b3fc4b446836610a","51200","Accounts/Reports/IGroup/Reports/ACCTrialBalanceNew.rpt; Accounts/Reports/IGroup/Reports/Report Backups/ACCTrialBalanceNew.rpt","_Quarantine/CrystalReports_CrossRoot_2026-08-11/ExactDuplicates/IGroup/Reports/ACCTrialBalanceNew.rpt","Exact copy exists under the configured Accounts/Reports/IGroup runtime tree"
"IGroup/Reports/AgeingSummary.rpt","a2b4738a5d313002157d0cb4b10cedfde0e51343","49152","Accounts/Reports/IGroup/Reports/AgeingSummary.rpt","_Quarantine/CrystalReports_CrossRoot_2026-08-11/ExactDuplicates/IGroup/Reports/AgeingSummary.rpt","Exact copy exists under the configured Accounts/Reports/IGroup runtime tree"
"IGroup/Reports/BestInventoryReport.rpt","e303e0c0b871a317642aad49cdba5a1b18561220","15872","Accounts/Reports/IGroup/Reports/BestInventoryReport.rpt","_Quarantine/CrystalReports_CrossRoot_2026-08-11/ExactDuplicates/IGroup/Reports/BestInventoryReport.rpt","Exact copy exists under the configured Accounts/Reports/IGroup runtime tree"
"IGroup/Reports/BestQtySoldPieGraph.rpt","785c25c14ffa07e447a546819bfbc1592ee64f95","57856","Accounts/Reports/IGroup/Reports/BestQtySoldPieGraph.rpt; Accounts/Reports/IGroup/Reports/Report Backups/BestQtySoldPieGraph.rpt","_Quarantine/CrystalReports_CrossRoot_2026-08-11/ExactDuplicates/IGroup/Reports/BestQtySoldPieGraph.rpt","Exact copy exists under the configured Accounts/Reports/IGroup runtime tree"
"IGroup/Reports/Cash Income Summary per Cost Center Clinic Only.rpt","4f688318dd5f1bcf35ed5c50744b60c1eb20ed9a","226816","Accounts/Reports/IGroup/Reports/Cash Income Summary per Cost Center Clinic Only.rpt","_Quarantine/CrystalReports_CrossRoot_2026-08-11/ExactDuplicates/IGroup/Reports/Cash Income Summary per Cost Center Clinic Only.rpt","Exact copy exists under the configured Accounts/Reports/IGroup runtime tree"
"IGroup/Reports/Clinic Inventory Report for a given date.rpt","fec57a9d7432698885e8dea0e4015f039955a303","110080","Accounts/Reports/IGroup/Reports/Clinic Inventory Report for a given date.rpt","_Quarantine/CrystalReports_CrossRoot_2026-08-11/ExactDuplicates/IGroup/Reports/Clinic Inventory Report for a given date.rpt","Exact copy exists under the configured Accounts/Reports/IGroup runtime tree"
"IGroup/Reports/ClinicBillPrintArabic.rpt","b5e11018b69dfc7ff659db3e94ccc7b7a261ab95","188928","Accounts/Reports/IGroup/Reports/ClinicBillPrintArabic.rpt","_Quarantine/CrystalReports_CrossRoot_2026-08-11/ExactDuplicates/IGroup/Reports/ClinicBillPrintArabic.rpt","Exact copy exists under the configured Accounts/Reports/IGroup runtime tree"
"IGroup/Reports/ClinicBillPrintArabicMontlyTotal.rpt","f65a3f9d9d1df834d15b2f5738b965357b260b1b","186880","Accounts/Reports/IGroup/Reports/ClinicBillPrintArabicMontlyTotal.rpt","_Quarantine/CrystalReports_CrossRoot_2026-08-11/ExactDuplicates/IGroup/Reports/ClinicBillPrintArabicMontlyTotal.rpt","Exact copy exists under the configured Accounts/Reports/IGroup runtime tree"
"IGroup/Reports/ClinicBillPrintx.rpt","91c7077b92980bd5d4bbd3438bff4042ed1b8f37","14848","Accounts/Reports/IGroup/Reports/ClinicBillPrintx.rpt; Accounts/Reports/IGroup/Reports/Orig/ClinicBillPrintx.rpt; Accounts/Reports/IGroup/Reports/Report Backups/ClinicBillPrintx.rpt","_Quarantine/CrystalReports_CrossRoot_2026-08-11/ExactDuplicates/IGroup/Reports/ClinicBillPrintx.rpt","Exact copy exists under the configured Accounts/Reports/IGroup runtime tree"
"IGroup/Reports/ClinicBillPrintxxxx.rpt","0e262cb2b0083f61c15b793ab89d6caa2557c63e","16384","Accounts/Reports/IGroup/Reports/ClinicBillPrintxxxx.rpt","_Quarantine/CrystalReports_CrossRoot_2026-08-11/ExactDuplicates/IGroup/Reports/ClinicBillPrintxxxx.rpt","Exact copy exists under the configured Accounts/Reports/IGroup runtime tree"
"IGroup/Reports/ClinicBillPrintZebra.rpt","8577750778eee4070c87c78d43a7be7451ac1ff3","18432","Accounts/Reports/IGroup/Reports/ClinicBillPrintZebra.rpt","_Quarantine/CrystalReports_CrossRoot_2026-08-11/ExactDuplicates/IGroup/Reports/ClinicBillPrintZebra.rpt","Exact copy exists under the configured Accounts/Reports/IGroup runtime tree"
"IGroup/Reports/ClinicCreditStatement.rpt","8212b7ed0d69a0350c78398d7f5b87713354059c","55296","Accounts/Reports/IGroup/Reports/ClinicCreditStatement.rpt; Accounts/Reports/IGroup/Reports/ClinicDailyReceptionInvoice.rpt","_Quarantine/CrystalReports_CrossRoot_2026-08-11/ExactDuplicates/IGroup/Reports/ClinicCreditStatement.rpt","Exact copy exists under the configured Accounts/Reports/IGroup runtime tree"
"IGroup/Reports/ClinicDailyCreditInvoice.rpt","7b596a1e72fc023147f14c37bf84cef62f12c0d0","53248","Accounts/Reports/IGroup/Reports/ClinicDailyCreditInvoice.rpt","_Quarantine/CrystalReports_CrossRoot_2026-08-11/ExactDuplicates/IGroup/Reports/ClinicDailyCreditInvoice.rpt","Exact copy exists under the configured Accounts/Reports/IGroup runtime tree"
"IGroup/Reports/ClinicDailyInvoiceSummaryDoctorWise.rpt","0174425d7d13c25c7e890c69d0e53bf8fc3155d1","16896","Accounts/Reports/IGroup/Reports/ClinicDailyInvoiceSummaryDoctorWise.rpt; Accounts/Reports/IGroup/Reports/Report Backups/ClinicDailyInvoiceSummaryDoctorWise.rpt","_Quarantine/CrystalReports_CrossRoot_2026-08-11/ExactDuplicates/IGroup/Reports/ClinicDailyInvoiceSummaryDoctorWise.rpt","Exact copy exists under the configured Accounts/Reports/IGroup runtime tree"
"IGroup/Reports/ClinicDailyReceptionDoctorWise.rpt","e65a7cf009ca7be8ee9f105f15875477c1ccc8fb","51200","Accounts/Reports/IGroup/Reports/ClinicDailyReceptionDoctorWise.rpt; Accounts/Reports/IGroup/Reports/Mine/ClinicDailyReceptionDoctorWise.rpt; Accounts/Reports/IGroup/Reports/Report Backups/ClinicDailyReceptionDoctorWise.rpt","_Quarantine/CrystalReports_CrossRoot_2026-08-11/ExactDuplicates/IGroup/Reports/ClinicDailyReceptionDoctorWise.rpt","Exact copy exists under the configured Accounts/Reports/IGroup runtime tree"
"IGroup/Reports/ClinicDailyReceptionInvoice.rpt","8212b7ed0d69a0350c78398d7f5b87713354059c","55296","Accounts/Reports/IGroup/Reports/ClinicCreditStatement.rpt; Accounts/Reports/IGroup/Reports/ClinicDailyReceptionInvoice.rpt","_Quarantine/CrystalReports_CrossRoot_2026-08-11/ExactDuplicates/IGroup/Reports/ClinicDailyReceptionInvoice.rpt","Exact copy exists under the configured Accounts/Reports/IGroup runtime tree"
"IGroup/Reports/ClinicDailyReceptionInvoiceIQAMA.rpt","05c7de88d51adad7644b19563e94ff251fe32078","19456","Accounts/Reports/IGroup/Reports/ClinicDailyReceptionInvoiceIQAMA.rpt; Accounts/Reports/IGroup/Reports/Report Backups/ClinicDailyReceptionInvoiceIQAMA.rpt","_Quarantine/CrystalReports_CrossRoot_2026-08-11/ExactDuplicates/IGroup/Reports/ClinicDailyReceptionInvoiceIQAMA.rpt","Exact copy exists under the configured Accounts/Reports/IGroup runtime tree"
"IGroup/Reports/ClinicDailyReceptionInvoiceNew.rpt","e13bccbb64781e4c1fef496d5cc8f6e061113afa","55808","Accounts/Reports/IGroup/Reports/ClinicDailyReceptionInvoiceNew.rpt","_Quarantine/CrystalReports_CrossRoot_2026-08-11/ExactDuplicates/IGroup/Reports/ClinicDailyReceptionInvoiceNew.rpt","Exact copy exists under the configured Accounts/Reports/IGroup runtime tree"
"IGroup/Reports/ClinicDailyReceptionInvoicePerDay.rpt","70c2d1e527f307e2eff7a0617cdd6b9d8835a483","53760","Accounts/Reports/IGroup/Reports/ClinicDailyReceptionInvoicePerDay.rpt","_Quarantine/CrystalReports_CrossRoot_2026-08-11/ExactDuplicates/IGroup/Reports/ClinicDailyReceptionInvoicePerDay.rpt","Exact copy exists under the configured Accounts/Reports/IGroup runtime tree"
"IGroup/Reports/ClinicDailyReceptionInvoiceSummary.rpt","e9f3a43575ec66b3f30f0cef4568f6629424fb7b","56832","Accounts/Reports/IGroup/Reports/ClinicDailyReceptionInvoiceSummary.rpt","_Quarantine/CrystalReports_CrossRoot_2026-08-11/ExactDuplicates/IGroup/Reports/ClinicDailyReceptionInvoiceSummary.rpt","Exact copy exists under the configured Accounts/Reports/IGroup runtime tree"
"IGroup/Reports/ClinicDailyReceptionUserWise.rpt","3fe6377f182453034dbc32db30db98a0a94536ae","52736","Accounts/Reports/IGroup/Reports/ClinicDailyReceptionUserWise.rpt; Accounts/Reports/IGroup/Reports/Orig/ClinicDailyReceptionUserWise.rpt; Accounts/Reports/IGroup/Reports/Report Backups/ClinicDailyReceptionUserWise.rpt","_Quarantine/CrystalReports_CrossRoot_2026-08-11/ExactDuplicates/IGroup/Reports/ClinicDailyReceptionUserWise.rpt","Exact copy exists under the configured Accounts/Reports/IGroup runtime tree"
"IGroup/Reports/ClinicDailyReceptionUserWise3.rpt","94c6292fcbea32fda99ad37401ebcf9ed7350c1e","54784","Accounts/Reports/IGroup/Reports/ClinicDailyReceptionUserWise3.rpt; Accounts/Reports/IGroup/Reports/ISP/ATM-ClinicDailyReceptionUserWise3.rpt; Accounts/Reports/IGroup/Reports/Report Backups/ClinicDailyReceptionUserWise3.rpt","_Quarantine/CrystalReports_CrossRoot_2026-08-11/ExactDuplicates/IGroup/Reports/ClinicDailyReceptionUserWise3.rpt","Exact copy exists under the configured Accounts/Reports/IGroup runtime tree"
"IGroup/Reports/ClinicDailyReceptionUserWiseNew.rpt","dc390381632b268fa60e4331b87775df10257fa3","51200","Accounts/Reports/IGroup/Reports/ClinicDailyReceptionUserWiseNew.rpt","_Quarantine/CrystalReports_CrossRoot_2026-08-11/ExactDuplicates/IGroup/Reports/ClinicDailyReceptionUserWiseNew.rpt","Exact copy exists under the configured Accounts/Reports/IGroup runtime tree"
"IGroup/Reports/ClinicDateWiseSummaryStatement.rpt","e3dfaba698f48c70a3913ef889d4325b233fc10e","49664","Accounts/Reports/IGroup/Reports/ClinicDateWiseSummaryStatement.rpt; Accounts/Reports/IGroup/Reports/Orig/ClinicDateWiseSummaryStatement.rpt; Accounts/Reports/IGroup/Reports/Report Backups/ClinicDateWiseSummaryStatement.rpt","_Quarantine/CrystalReports_CrossRoot_2026-08-11/ExactDuplicates/IGroup/Reports/ClinicDateWiseSummaryStatement.rpt","Exact copy exists under the configured Accounts/Reports/IGroup runtime tree"
"IGroup/Reports/ClinicDateWiseVATStatement.rpt","f1c314ba93ef8bda3a9471ccb2edeffcbcfe2d9e","50688","Accounts/Reports/IGroup/Reports/ClinicDateWiseVATStatement.rpt","_Quarantine/CrystalReports_CrossRoot_2026-08-11/ExactDuplicates/IGroup/Reports/ClinicDateWiseVATStatement.rpt","Exact copy exists under the configured Accounts/Reports/IGroup runtime tree"
"IGroup/Reports/ClinicDoctorWise Per Service.rpt","b281551a5acdf96621a40444ea72b176118e2b1b","51200","Accounts/Reports/IGroup/Reports/ClinicDoctorWise Per Service.rpt","_Quarantine/CrystalReports_CrossRoot_2026-08-11/ExactDuplicates/IGroup/Reports/ClinicDoctorWise Per Service.rpt","Exact copy exists under the configured Accounts/Reports/IGroup runtime tree"
"IGroup/Reports/ClinicDoctorWiseTimeFrame.rpt","9856fb42fc65ef4229c9089896df489f7b79374d","52224","Accounts/Reports/IGroup/Reports/ClinicDoctorWiseTimeFrame.rpt","_Quarantine/CrystalReports_CrossRoot_2026-08-11/ExactDuplicates/IGroup/Reports/ClinicDoctorWiseTimeFrame.rpt","Exact copy exists under the configured Accounts/Reports/IGroup runtime tree"
"IGroup/Reports/ClinicDoctorWiseTimeFrame2.rpt","b5fe86b0c42600af0675e430df6fd75631a421f1","54272","Accounts/Reports/IGroup/Reports/ClinicDoctorWiseTimeFrame2.rpt","_Quarantine/CrystalReports_CrossRoot_2026-08-11/ExactDuplicates/IGroup/Reports/ClinicDoctorWiseTimeFrame2.rpt","Exact copy exists under the configured Accounts/Reports/IGroup runtime tree"
"IGroup/Reports/ClinicDoctorWiseTimeFrameOrig.rpt","d0b2e767ec0127c473587df166bf7562828e557b","54272","Accounts/Reports/IGroup/Reports/ClinicDoctorWiseTimeFrameOrig.rpt","_Quarantine/CrystalReports_CrossRoot_2026-08-11/ExactDuplicates/IGroup/Reports/ClinicDoctorWiseTimeFrameOrig.rpt","Exact copy exists under the configured Accounts/Reports/IGroup runtime tree"
"IGroup/Reports/ClinicIBCombinedUserWiseDetailedStatement.rpt","93fb07cb522dcef5570d3371d1bac5bd5528f5ce","52224","Accounts/Reports/IGroup/Reports/ClinicIBCombinedUserWiseDetailedStatement.rpt","_Quarantine/CrystalReports_CrossRoot_2026-08-11/ExactDuplicates/IGroup/Reports/ClinicIBCombinedUserWiseDetailedStatement.rpt","Exact copy exists under the configured Accounts/Reports/IGroup runtime tree"
"IGroup/Reports/ClinicIBCombinedUserWiseSummary.rpt","3058756bd91b3c69673bb1c63b00df0248dc3d2a","52224","Accounts/Reports/IGroup/Reports/ClinicIBCombinedUserWiseSummary.rpt","_Quarantine/CrystalReports_CrossRoot_2026-08-11/ExactDuplicates/IGroup/Reports/ClinicIBCombinedUserWiseSummary.rpt","Exact copy exists under the configured Accounts/Reports/IGroup runtime tree"
"IGroup/Reports/ClinicInvoiceWiseVATSummaryStatement.rpt","0aeee2e7017f0e65a29f29cade4a5cdd06ccfd0f","51712","Accounts/Reports/IGroup/Reports/ClinicInvoiceWiseVATSummaryStatement.rpt","_Quarantine/CrystalReports_CrossRoot_2026-08-11/ExactDuplicates/IGroup/Reports/ClinicInvoiceWiseVATSummaryStatement.rpt","Exact copy exists under the configured Accounts/Reports/IGroup runtime tree"
"IGroup/Reports/ClinicInvoiceWiseVATSummaryStatementNew.rpt","258a299c3f23e12ac32a874f3d820443622b7f32","53760","Accounts/Reports/IGroup/Reports/ClinicInvoiceWiseVATSummaryStatementNew.rpt","_Quarantine/CrystalReports_CrossRoot_2026-08-11/ExactDuplicates/IGroup/Reports/ClinicInvoiceWiseVATSummaryStatementNew.rpt","Exact copy exists under the configured Accounts/Reports/IGroup runtime tree"
"IGroup/Reports/ClinicReceptionCollection.rpt","8d6a00486004acfdfdb3d2857ee2426094f24ed7","53760","Accounts/Reports/IGroup/Reports/ClinicReceptionCollection.rpt; Accounts/Reports/IGroup/Reports/Report Backups/ClinicReceptionCollectionxxx.rpt","_Quarantine/CrystalReports_CrossRoot_2026-08-11/ExactDuplicates/IGroup/Reports/ClinicReceptionCollection.rpt","Exact copy exists under the configured Accounts/Reports/IGroup runtime tree"
"IGroup/Reports/ClinicServiceWiseSummary.rpt","3d91d078858fb3aecf4a5104b18f0c3f9234063f","15360","Accounts/Reports/IGroup/Reports/ClinicServiceWiseSummary.rpt; Accounts/Reports/IGroup/Reports/Report Backups/ClinicServiceWiseSummary.rpt","_Quarantine/CrystalReports_CrossRoot_2026-08-11/ExactDuplicates/IGroup/Reports/ClinicServiceWiseSummary.rpt","Exact copy exists under the configured Accounts/Reports/IGroup runtime tree"
"IGroup/Reports/Combined Income Report.rpt","5d1ea86c08ebb2433d395bde7d1feaddf99409f0","91136","Accounts/Reports/IGroup/Reports/Combined Income Report.rpt","_Quarantine/CrystalReports_CrossRoot_2026-08-11/ExactDuplicates/IGroup/Reports/Combined Income Report.rpt","Exact copy exists under the configured Accounts/Reports/IGroup runtime tree"
"IGroup/Reports/Combined Income Summary per Cost Center Clinic Only.rpt","c580d786fb6b194f4c18fd23a7383355b10a267c","53760","Accounts/Reports/IGroup/Reports/Combined Income Summary per Cost Center Clinic Only.rpt","_Quarantine/CrystalReports_CrossRoot_2026-08-11/ExactDuplicates/IGroup/Reports/Combined Income Summary per Cost Center Clinic Only.rpt","Exact copy exists under the configured Accounts/Reports/IGroup runtime tree"
"IGroup/Reports/Combined Income Summary per Cost Center New withot Pharmacy.rpt","e048acd1be30e907311d94c8f7ffcd230eb7aa4b","54784","Accounts/Reports/IGroup/Reports/Combined Income Summary per Cost Center New withot Pharmacy.rpt","_Quarantine/CrystalReports_CrossRoot_2026-08-11/ExactDuplicates/IGroup/Reports/Combined Income Summary per Cost Center New withot Pharmacy.rpt","Exact copy exists under the configured Accounts/Reports/IGroup runtime tree"
"IGroup/Reports/Combined Income Summary per Cost Center.rpt","19d0482488862b44d8430635f7b6a2fa6906524a","54784","Accounts/Reports/IGroup/Reports/Combined Income Summary per Cost Center.rpt","_Quarantine/CrystalReports_CrossRoot_2026-08-11/ExactDuplicates/IGroup/Reports/Combined Income Summary per Cost Center.rpt","Exact copy exists under the configured Accounts/Reports/IGroup runtime tree"
"IGroup/Reports/Combined Vat Summary Report Small Font per month Cash Only.rpt","df5eda50676cab724c00c3c9d299761954a855fa","53760","Accounts/Reports/IGroup/Reports/Combined Vat Summary Report Small Font per month Cash Only.rpt","_Quarantine/CrystalReports_CrossRoot_2026-08-11/ExactDuplicates/IGroup/Reports/Combined Vat Summary Report Small Font per month Cash Only.rpt","Exact copy exists under the configured Accounts/Reports/IGroup runtime tree"
"IGroup/Reports/Combined Vat Summary Report Small Font per month.rpt","85aecf20a3a8f33e58e4bfa1b8e005881a255776","51712","Accounts/Reports/IGroup/Reports/Combined Vat Summary Report Small Font per month.rpt","_Quarantine/CrystalReports_CrossRoot_2026-08-11/ExactDuplicates/IGroup/Reports/Combined Vat Summary Report Small Font per month.rpt","Exact copy exists under the configured Accounts/Reports/IGroup runtime tree"
"IGroup/Reports/Combined Vat Summary Report Small Font.rpt","deeb116d0760abf770eb86e19680c9b3f5513cf6","51200","Accounts/Reports/IGroup/Reports/Combined Vat Summary Report Small Font.rpt","_Quarantine/CrystalReports_CrossRoot_2026-08-11/ExactDuplicates/IGroup/Reports/Combined Vat Summary Report Small Font.rpt","Exact copy exists under the configured Accounts/Reports/IGroup runtime tree"
"IGroup/Reports/Combined Vat Summary Report.rpt","69f8f34113ee56aea1fe7a18279b539f66683348","51200","Accounts/Reports/IGroup/Reports/Combined Vat Summary Report.rpt","_Quarantine/CrystalReports_CrossRoot_2026-08-11/ExactDuplicates/IGroup/Reports/Combined Vat Summary Report.rpt","Exact copy exists under the configured Accounts/Reports/IGroup runtime tree"
"IGroup/Reports/CombinedISByDoctor.rpt","90431d5b7343ff7a21dd740745a6c47ee2f5e3fb","87552","Accounts/Reports/IGroup/Reports/CombinedISByDoctor.rpt; Accounts/Reports/IGroup/Reports/Report Backups/CombinedISByDoctor.rpt","_Quarantine/CrystalReports_CrossRoot_2026-08-11/ExactDuplicates/IGroup/Reports/CombinedISByDoctor.rpt","Exact copy exists under the configured Accounts/Reports/IGroup runtime tree"
"IGroup/Reports/CombinedReportDateWise.rpt","a08f76c8498ec9f96721e60e39713d1c4cca8f5f","49152","Accounts/Reports/IGroup/Reports/CombinedReportDateWise.rpt","_Quarantine/CrystalReports_CrossRoot_2026-08-11/ExactDuplicates/IGroup/Reports/CombinedReportDateWise.rpt","Exact copy exists under the configured Accounts/Reports/IGroup runtime tree"
"IGroup/Reports/CombinedSummaryStatementDateWise New.rpt","3ed2f8711a87aff355a58c50be368dbbbde4e192","56320","Accounts/Reports/IGroup/Reports/CombinedSummaryStatementDateWise New.rpt","_Quarantine/CrystalReports_CrossRoot_2026-08-11/ExactDuplicates/IGroup/Reports/CombinedSummaryStatementDateWise New.rpt","Exact copy exists under the configured Accounts/Reports/IGroup runtime tree"
"IGroup/Reports/CombinedSummaryStatementDateWise Newer.rpt","a1e171bbcc74b0fd204c08c9c6538a23f92c6327","57856","Accounts/Reports/IGroup/Reports/CombinedSummaryStatementDateWise Newer.rpt","_Quarantine/CrystalReports_CrossRoot_2026-08-11/ExactDuplicates/IGroup/Reports/CombinedSummaryStatementDateWise Newer.rpt","Exact copy exists under the configured Accounts/Reports/IGroup runtime tree"
"IGroup/Reports/CombinedSummaryStatementDateWise Orig.rpt","c109bcf753a960c240aee326286be322fd600977","51200","Accounts/Reports/IGroup/Reports/CombinedSummaryStatementDateWise Orig.rpt","_Quarantine/CrystalReports_CrossRoot_2026-08-11/ExactDuplicates/IGroup/Reports/CombinedSummaryStatementDateWise Orig.rpt","Exact copy exists under the configured Accounts/Reports/IGroup runtime tree"
"IGroup/Reports/CombinedSummaryStatementDateWise WITH ADJUSTMENT.rpt","cb2cf34f5dc584737d1f41147d5bd6f172f4be0b","49664","Accounts/Reports/IGroup/Reports/CombinedSummaryStatementDateWise WITH ADJUSTMENT.rpt","_Quarantine/CrystalReports_CrossRoot_2026-08-11/ExactDuplicates/IGroup/Reports/CombinedSummaryStatementDateWise WITH ADJUSTMENT.rpt","Exact copy exists under the configured Accounts/Reports/IGroup runtime tree"
"IGroup/Reports/CombinedSummaryStatementDateWise.rpt","05a08b966ae6b2280445f7458ab2ee37670be8b5","49152","Accounts/Reports/IGroup/Reports/CombinedSummaryStatementDateWise.rpt","_Quarantine/CrystalReports_CrossRoot_2026-08-11/ExactDuplicates/IGroup/Reports/CombinedSummaryStatementDateWise.rpt","Exact copy exists under the configured Accounts/Reports/IGroup runtime tree"
"IGroup/Reports/CombinedSummaryStatementDateWiseAdjusted.rpt","6f18e7bfc063d1801c5c11086d2b706d0f239902","50688","Accounts/Reports/IGroup/Reports/CombinedSummaryStatementDateWiseAdjusted.rpt","_Quarantine/CrystalReports_CrossRoot_2026-08-11/ExactDuplicates/IGroup/Reports/CombinedSummaryStatementDateWiseAdjusted.rpt","Exact copy exists under the configured Accounts/Reports/IGroup runtime tree"
"IGroup/Reports/CompanyStatement Orig.rpt","2dec893616858cb12b4dc6ddca6d570c410d9ce7","55296","Accounts/Reports/IGroup/Reports/CompanyStatement Orig.rpt","_Quarantine/CrystalReports_CrossRoot_2026-08-11/ExactDuplicates/IGroup/Reports/CompanyStatement Orig.rpt","Exact copy exists under the configured Accounts/Reports/IGroup runtime tree"
"IGroup/Reports/CompanyStatement.rpt","fefb980bdd4e60087a21f3dbb3c1df5325bd2224","53248","Accounts/Reports/IGroup/Reports/CompanyStatement.rpt","_Quarantine/CrystalReports_CrossRoot_2026-08-11/ExactDuplicates/IGroup/Reports/CompanyStatement.rpt","Exact copy exists under the configured Accounts/Reports/IGroup runtime tree"
"IGroup/Reports/CompanyStatement2.rpt","43838f7ce44db97debdef0dd65932a5ae8760a96","21504","Accounts/Reports/IGroup/Reports/CompanyStatement2.rpt","_Quarantine/CrystalReports_CrossRoot_2026-08-11/ExactDuplicates/IGroup/Reports/CompanyStatement2.rpt","Exact copy exists under the configured Accounts/Reports/IGroup runtime tree"
"IGroup/Reports/CompanyStatementDateWise.rpt","0c2eb26da177f6054d0e926ecebfc89dd38932e0","53760","Accounts/Reports/IGroup/Reports/CompanyStatementDateWise.rpt","_Quarantine/CrystalReports_CrossRoot_2026-08-11/ExactDuplicates/IGroup/Reports/CompanyStatementDateWise.rpt","Exact copy exists under the configured Accounts/Reports/IGroup runtime tree"
"IGroup/Reports/CompanyStatementOrig.rpt","6f1de245812576d28e1ac702905552969c9b8191","55296","Accounts/Reports/IGroup/Reports/CompanyStatementOrig.rpt","_Quarantine/CrystalReports_CrossRoot_2026-08-11/ExactDuplicates/IGroup/Reports/CompanyStatementOrig.rpt","Exact copy exists under the configured Accounts/Reports/IGroup runtime tree"
"IGroup/Reports/ConsumptionView.rpt","492787bcda21584a10a349136e02afdd9868842d","2199552","Accounts/Reports/IGroup/Reports/ConsumptionView.rpt","_Quarantine/CrystalReports_CrossRoot_2026-08-11/ExactDuplicates/IGroup/Reports/ConsumptionView.rpt","Exact copy exists under the configured Accounts/Reports/IGroup runtime tree"
"IGroup/Reports/Copy of ClinicBillPrint.rpt","c5b50b539c4bc22961c22a8e97cbe45fe576a8f9","14336","Accounts/Reports/IGroup/Reports/Copy of ClinicBillPrint.rpt; Accounts/Reports/IGroup/Reports/InsClinicBillPrint.rpt; Accounts/Reports/IGroup/Reports/Report Backups/Copy of ClinicBillPrint.rpt; Accounts/Reports/IGroup/Reports/Report Backups/InsClinicBillPrint.rpt","_Quarantine/CrystalReports_CrossRoot_2026-08-11/ExactDuplicates/IGroup/Reports/Copy of ClinicBillPrint.rpt","Exact copy exists under the configured Accounts/Reports/IGroup runtime tree"
"IGroup/Reports/Credit Income Summary per Cost Center Clinic Only Comparative Monthly.rpt","bb2eecb5790261bc259732948cb01f498ecc0069","64512","Accounts/Reports/IGroup/Reports/Credit Income Summary per Cost Center Clinic Only Comparative Monthly.rpt","_Quarantine/CrystalReports_CrossRoot_2026-08-11/ExactDuplicates/IGroup/Reports/Credit Income Summary per Cost Center Clinic Only Comparative Monthly.rpt","Exact copy exists under the configured Accounts/Reports/IGroup runtime tree"
"IGroup/Reports/Credit Income Summary per Cost Center Clinic Only.rpt","a9ac2d1531ee26d68d4a725cf7617e59c4a65ed2","226816","Accounts/Reports/IGroup/Reports/Credit Income Summary per Cost Center Clinic Only.rpt","_Quarantine/CrystalReports_CrossRoot_2026-08-11/ExactDuplicates/IGroup/Reports/Credit Income Summary per Cost Center Clinic Only.rpt","Exact copy exists under the configured Accounts/Reports/IGroup runtime tree"
"IGroup/Reports/Credit Income Summary per Cost Center per Department Total.rpt","cb1546285c5d1d6004a9eab06819278ce8fbdadf","70144","Accounts/Reports/IGroup/Reports/Credit Income Summary per Cost Center per Department Total.rpt","_Quarantine/CrystalReports_CrossRoot_2026-08-11/ExactDuplicates/IGroup/Reports/Credit Income Summary per Cost Center per Department Total.rpt","Exact copy exists under the configured Accounts/Reports/IGroup runtime tree"
"IGroup/Reports/Credit Income Summary per Cost Center per Department.rpt","edc6a34ff4c272856dfc9f7aa6a20e9011848714","73216","Accounts/Reports/IGroup/Reports/Credit Income Summary per Cost Center per Department.rpt","_Quarantine/CrystalReports_CrossRoot_2026-08-11/ExactDuplicates/IGroup/Reports/Credit Income Summary per Cost Center per Department.rpt","Exact copy exists under the configured Accounts/Reports/IGroup runtime tree"
"IGroup/Reports/CreditCoMonthlySubmission New.rpt","05e57d178e5b24c2770954da57ca82121c174e7f","55296","Accounts/Reports/IGroup/Reports/CreditCoMonthlySubmission New.rpt","_Quarantine/CrystalReports_CrossRoot_2026-08-11/ExactDuplicates/IGroup/Reports/CreditCoMonthlySubmission New.rpt","Exact copy exists under the configured Accounts/Reports/IGroup runtime tree"
"IGroup/Reports/CreditCoMonthlySubmission Orig.rpt","5d30f6f110eaabc96e8a16659082bb1099f27021","54784","Accounts/Reports/IGroup/Reports/CreditCoMonthlySubmission Orig.rpt","_Quarantine/CrystalReports_CrossRoot_2026-08-11/ExactDuplicates/IGroup/Reports/CreditCoMonthlySubmission Orig.rpt","Exact copy exists under the configured Accounts/Reports/IGroup runtime tree"
"IGroup/Reports/CreditCoMonthlySubmission(Manual).rpt","f109e66e814313cb7187a2b7811f19caffcfa602","55808","Accounts/Reports/IGroup/Reports/CreditCoMonthlySubmission(Manual).rpt","_Quarantine/CrystalReports_CrossRoot_2026-08-11/ExactDuplicates/IGroup/Reports/CreditCoMonthlySubmission(Manual).rpt","Exact copy exists under the configured Accounts/Reports/IGroup runtime tree"
"IGroup/Reports/CreditCoMonthlySubmission(Orig).rpt","9b72930aaf946e46dc67f475d2a1a881fd5fea0f","55808","Accounts/Reports/IGroup/Reports/CreditCoMonthlySubmission(Orig).rpt","_Quarantine/CrystalReports_CrossRoot_2026-08-11/ExactDuplicates/IGroup/Reports/CreditCoMonthlySubmission(Orig).rpt","Exact copy exists under the configured Accounts/Reports/IGroup runtime tree"
"IGroup/Reports/CreditCoMonthlySubmission2.rpt","51c997dcf54b1d5a0e48f85268e061d4d9a3cad9","53248","Accounts/Reports/IGroup/Reports/CreditCoMonthlySubmission2.rpt","_Quarantine/CrystalReports_CrossRoot_2026-08-11/ExactDuplicates/IGroup/Reports/CreditCoMonthlySubmission2.rpt","Exact copy exists under the configured Accounts/Reports/IGroup runtime tree"
"IGroup/Reports/CreditCoMonthlySubmission4.rpt","a9686e8dfe3c1c6266272bee212f0491195f3128","53248","Accounts/Reports/IGroup/Reports/CreditCoMonthlySubmission4.rpt","_Quarantine/CrystalReports_CrossRoot_2026-08-11/ExactDuplicates/IGroup/Reports/CreditCoMonthlySubmission4.rpt","Exact copy exists under the configured Accounts/Reports/IGroup runtime tree"
"IGroup/Reports/CreditCoMonthlySubmissionOk.rpt","134e7d623a31beac094fdf49eb61a5ff915138a3","57344","Accounts/Reports/IGroup/Reports/CreditCoMonthlySubmissionOk.rpt","_Quarantine/CrystalReports_CrossRoot_2026-08-11/ExactDuplicates/IGroup/Reports/CreditCoMonthlySubmissionOk.rpt","Exact copy exists under the configured Accounts/Reports/IGroup runtime tree"
"IGroup/Reports/CreditCoMonthlySubmissionOrig.rpt","103d2fb2f57dbd7352c99c8fa62dc6158c9a84b1","52736","Accounts/Reports/IGroup/Reports/CreditCoMonthlySubmissionOrig.rpt","_Quarantine/CrystalReports_CrossRoot_2026-08-11/ExactDuplicates/IGroup/Reports/CreditCoMonthlySubmissionOrig.rpt","Exact copy exists under the configured Accounts/Reports/IGroup runtime tree"
"IGroup/Reports/CreditCoMonthlySubmissionSummary.rpt","b3da9e5c98e9e6a4231f20a5dfe5684887c333f8","53248","Accounts/Reports/IGroup/Reports/CreditCoMonthlySubmissionSummary.rpt","_Quarantine/CrystalReports_CrossRoot_2026-08-11/ExactDuplicates/IGroup/Reports/CreditCoMonthlySubmissionSummary.rpt","Exact copy exists under the configured Accounts/Reports/IGroup runtime tree"
"IGroup/Reports/CreditCoMonthlySubmissionSummaryOrig2.rpt","8e8e1c41b276b95c735a51e8adc3a6c149cdaf79","52736","Accounts/Reports/IGroup/Reports/CreditCoMonthlySubmissionSummaryOrig2.rpt","_Quarantine/CrystalReports_CrossRoot_2026-08-11/ExactDuplicates/IGroup/Reports/CreditCoMonthlySubmissionSummaryOrig2.rpt","Exact copy exists under the configured Accounts/Reports/IGroup runtime tree"
"IGroup/Reports/CreditCoMonthlySubmissionSummarywithoutvat.rpt","c64820410bdf93518b2db25e679ce412a007c551","54784","Accounts/Reports/IGroup/Reports/CreditCoMonthlySubmissionSummarywithoutvat.rpt","_Quarantine/CrystalReports_CrossRoot_2026-08-11/ExactDuplicates/IGroup/Reports/CreditCoMonthlySubmissionSummarywithoutvat.rpt","Exact copy exists under the configured Accounts/Reports/IGroup runtime tree"
"IGroup/Reports/CreditCoMonthlySubmissionwithvat.rpt","d12742debb5d3ec0052e8a74b19fc22f4e0beb93","52736","Accounts/Reports/IGroup/Reports/CreditCoMonthlySubmissionwithvat.rpt","_Quarantine/CrystalReports_CrossRoot_2026-08-11/ExactDuplicates/IGroup/Reports/CreditCoMonthlySubmissionwithvat.rpt","Exact copy exists under the configured Accounts/Reports/IGroup runtime tree"
"IGroup/Reports/CreditCoMonthlySubmissionwovat.rpt","a69924d4c39643442fd82e57ebf79813e8b28cbf","54784","Accounts/Reports/IGroup/Reports/CreditCoMonthlySubmissionwovat.rpt","_Quarantine/CrystalReports_CrossRoot_2026-08-11/ExactDuplicates/IGroup/Reports/CreditCoMonthlySubmissionwovat.rpt","Exact copy exists under the configured Accounts/Reports/IGroup runtime tree"
"IGroup/Reports/CreditDailyStatementReport.rpt","ccdcce2e744567f9ff396bbfcc0b43bc57527ec5","54272","Accounts/Reports/IGroup/Reports/CreditDailyStatementReport.rpt","_Quarantine/CrystalReports_CrossRoot_2026-08-11/ExactDuplicates/IGroup/Reports/CreditDailyStatementReport.rpt","Exact copy exists under the configured Accounts/Reports/IGroup runtime tree"
"IGroup/Reports/Daily Income Report.rpt","aa258953d4720e89a4dabe235fe3d46cfac863db","53248","Accounts/Reports/IGroup/Reports/Daily Income Report.rpt","_Quarantine/CrystalReports_CrossRoot_2026-08-11/ExactDuplicates/IGroup/Reports/Daily Income Report.rpt","Exact copy exists under the configured Accounts/Reports/IGroup runtime tree"
"IGroup/Reports/DailyReportDoctorWisePatients.rpt","fcdf86e64fe55240f9fab26419391abdc45374ed","51712","Accounts/Reports/IGroup/Reports/DailyReportDoctorWisePatients.rpt","_Quarantine/CrystalReports_CrossRoot_2026-08-11/ExactDuplicates/IGroup/Reports/DailyReportDoctorWisePatients.rpt","Exact copy exists under the configured Accounts/Reports/IGroup runtime tree"
"IGroup/Reports/DateWiseDutyDone.rpt","1cf72c4bc72937293e2dc3603ee891edc4d75182","18432","Accounts/Reports/IGroup/Reports/DateWiseDutyDone.rpt; Accounts/Reports/IGroup/Reports/Report Backups/DateWiseDutyDone.rpt","_Quarantine/CrystalReports_CrossRoot_2026-08-11/ExactDuplicates/IGroup/Reports/DateWiseDutyDone.rpt","Exact copy exists under the configured Accounts/Reports/IGroup runtime tree"
"IGroup/Reports/DateWiseDutyDone1.rpt","2682118585eef82c7d52f8c6b67f4d5f5ebb70b0","17920","Accounts/Reports/IGroup/Reports/DateWiseDutyDone1.rpt; Accounts/Reports/IGroup/Reports/Report Backups/DateWiseDutyDone1.rpt","_Quarantine/CrystalReports_CrossRoot_2026-08-11/ExactDuplicates/IGroup/Reports/DateWiseDutyDone1.rpt","Exact copy exists under the configured Accounts/Reports/IGroup runtime tree"
"IGroup/Reports/DCBillPrintQR.rpt","f83a9d766e45d1cf5ba06197051cbcf67ef8554a","220672","Accounts/Reports/IGroup/Reports/DCBillPrintQR.rpt","_Quarantine/CrystalReports_CrossRoot_2026-08-11/ExactDuplicates/IGroup/Reports/DCBillPrintQR.rpt","Exact copy exists under the configured Accounts/Reports/IGroup runtime tree"
"IGroup/Reports/DCDriverLicenseForm.rpt","5748bcce8fff7afbff358cafb28946176fe76caf","16896","Accounts/Reports/IGroup/Reports/DCDriverLicenseForm.rpt","_Quarantine/CrystalReports_CrossRoot_2026-08-11/ExactDuplicates/IGroup/Reports/DCDriverLicenseForm.rpt","Exact copy exists under the configured Accounts/Reports/IGroup runtime tree"
"IGroup/Reports/DCHealthCardForm.rpt","2ec304d068f8d7fbd15d2e44d1126d37bc08cece","15872","Accounts/Reports/IGroup/Reports/DCHealthCardForm.rpt","_Quarantine/CrystalReports_CrossRoot_2026-08-11/ExactDuplicates/IGroup/Reports/DCHealthCardForm.rpt","Exact copy exists under the configured Accounts/Reports/IGroup runtime tree"
"IGroup/Reports/DCMedicalReportForm.rpt","1a9d9229cb24a4af77dab4ff104de384b2f0c0e7","14336","Accounts/Reports/IGroup/Reports/DCMedicalReportForm.rpt","_Quarantine/CrystalReports_CrossRoot_2026-08-11/ExactDuplicates/IGroup/Reports/DCMedicalReportForm.rpt","Exact copy exists under the configured Accounts/Reports/IGroup runtime tree"
"IGroup/Reports/DCOtherServices.rpt","8ff252b106091e8545de949dfbd32879a875e979","14336","Accounts/Reports/IGroup/Reports/DCOtherServices.rpt","_Quarantine/CrystalReports_CrossRoot_2026-08-11/ExactDuplicates/IGroup/Reports/DCOtherServices.rpt","Exact copy exists under the configured Accounts/Reports/IGroup runtime tree"
"IGroup/Reports/DCR.rpt","430bcc917974ca9880a07c6d9dbfb436e05cc267","18432","Accounts/Reports/IGroup/Reports/DCR.rpt; Accounts/Reports/IGroup/Reports/Report Backups/DCR.rpt","_Quarantine/CrystalReports_CrossRoot_2026-08-11/ExactDuplicates/IGroup/Reports/DCR.rpt","Exact copy exists under the configured Accounts/Reports/IGroup runtime tree"
"IGroup/Reports/DiagnosisCenter.rpt","f58cd5ab490f913cc6fbfcb941c54b2cf56ea442","11776","Accounts/Reports/IGroup/Reports/DiagnosisCenter.rpt; Accounts/Reports/IGroup/Reports/Report Backups/DiagnosisCenter.rpt","_Quarantine/CrystalReports_CrossRoot_2026-08-11/ExactDuplicates/IGroup/Reports/DiagnosisCenter.rpt","Exact copy exists under the configured Accounts/Reports/IGroup runtime tree"
"IGroup/Reports/DiagnosisTests Done for a given Period.rpt","691ba343eb2f608fdcab7531bd72f691251ae585","144384","Accounts/Reports/IGroup/Reports/DiagnosisTests Done for a given Period.rpt","_Quarantine/CrystalReports_CrossRoot_2026-08-11/ExactDuplicates/IGroup/Reports/DiagnosisTests Done for a given Period.rpt","Exact copy exists under the configured Accounts/Reports/IGroup runtime tree"
"IGroup/Reports/DisplayChartOfAccount.rpt","596b916bb3ed3bc664546fdbce7fa125cecf1c08","48128","Accounts/Reports/IGroup/Reports/DisplayChartOfAccount.rpt","_Quarantine/CrystalReports_CrossRoot_2026-08-11/ExactDuplicates/IGroup/Reports/DisplayChartOfAccount.rpt","Exact copy exists under the configured Accounts/Reports/IGroup runtime tree"
"IGroup/Reports/DisplayChartOfAccount1.rpt","c3bf2bdae6c275fdcdbff1ecb77f26ebade7dfe7","13824","Accounts/Reports/IGroup/Reports/DisplayChartOfAccount1.rpt; Accounts/Reports/IGroup/Reports/Orig/DisplayChartOfAccount.rpt","_Quarantine/CrystalReports_CrossRoot_2026-08-11/ExactDuplicates/IGroup/Reports/DisplayChartOfAccount1.rpt","Exact copy exists under the configured Accounts/Reports/IGroup runtime tree"
"IGroup/Reports/DisplayChartOfAccount2.rpt","9536899c93e2307579fb8f1af2e446f7169b55e8","14848","Accounts/Reports/IGroup/Reports/DisplayChartOfAccount2.rpt","_Quarantine/CrystalReports_CrossRoot_2026-08-11/ExactDuplicates/IGroup/Reports/DisplayChartOfAccount2.rpt","Exact copy exists under the configured Accounts/Reports/IGroup runtime tree"
"IGroup/Reports/DisplayChartOfAccount3.rpt","d596bd6b44ec4ea46eda874d686e90d0c2a4373d","48128","Accounts/Reports/IGroup/Reports/DisplayChartOfAccount3.rpt","_Quarantine/CrystalReports_CrossRoot_2026-08-11/ExactDuplicates/IGroup/Reports/DisplayChartOfAccount3.rpt","Exact copy exists under the configured Accounts/Reports/IGroup runtime tree"
"IGroup/Reports/DoctorMonthlyInvoice.rpt","a9e2a406b1130b4c3634c1770aaea95dec43a44d","76800","Accounts/Reports/IGroup/Reports/DoctorMonthlyInvoice.rpt","_Quarantine/CrystalReports_CrossRoot_2026-08-11/ExactDuplicates/IGroup/Reports/DoctorMonthlyInvoice.rpt","Exact copy exists under the configured Accounts/Reports/IGroup runtime tree"
"IGroup/Reports/Doctor's Comparative Income Per Month Cash Only.rpt","85372f52bdbd776bfebd51b401dc6644f2ac4b40","54272","Accounts/Reports/IGroup/Reports/Doctor's Comparative Income Per Month Cash Only.rpt","_Quarantine/CrystalReports_CrossRoot_2026-08-11/ExactDuplicates/IGroup/Reports/Doctor's Comparative Income Per Month Cash Only.rpt","Exact copy exists under the configured Accounts/Reports/IGroup runtime tree"
"IGroup/Reports/Doctor's Comparative Income Per Month Cash Only2.rpt","a8b95f14fe1d075d0bdb4b3cea22be442add4a10","54272","Accounts/Reports/IGroup/Reports/Doctor's Comparative Income Per Month Cash Only2.rpt","_Quarantine/CrystalReports_CrossRoot_2026-08-11/ExactDuplicates/IGroup/Reports/Doctor's Comparative Income Per Month Cash Only2.rpt","Exact copy exists under the configured Accounts/Reports/IGroup runtime tree"
"IGroup/Reports/Doctor's Comparative Income Per Month Per Service Cash Only.rpt","8bc4d4fa8249fcce27ac2eb110951df5b97e0065","54272","Accounts/Reports/IGroup/Reports/Doctor's Comparative Income Per Month Per Service Cash Only.rpt","_Quarantine/CrystalReports_CrossRoot_2026-08-11/ExactDuplicates/IGroup/Reports/Doctor's Comparative Income Per Month Per Service Cash Only.rpt","Exact copy exists under the configured Accounts/Reports/IGroup runtime tree"
"IGroup/Reports/Doctor's Comparative Income Per Month.rpt","b73dfeb9de6e3218cb325a8e7115e4307726c9a6","55808","Accounts/Reports/IGroup/Reports/Doctor's Comparative Income Per Month.rpt","_Quarantine/CrystalReports_CrossRoot_2026-08-11/ExactDuplicates/IGroup/Reports/Doctor's Comparative Income Per Month.rpt","Exact copy exists under the configured Accounts/Reports/IGroup runtime tree"
"IGroup/Reports/Doctor's Income Per Service New.rpt","d9f34f92478152b2092be7e09b26c8e2005f896c","53248","Accounts/Reports/IGroup/Reports/Doctor's Income Per Service New.rpt","_Quarantine/CrystalReports_CrossRoot_2026-08-11/ExactDuplicates/IGroup/Reports/Doctor's Income Per Service New.rpt","Exact copy exists under the configured Accounts/Reports/IGroup runtime tree"
"IGroup/Reports/Doctor's Income Per Service.rpt","d09eafe83c6af6efeaa8d478ddafda0ab648b688","55808","Accounts/Reports/IGroup/Reports/Doctor's Income Per Service.rpt","_Quarantine/CrystalReports_CrossRoot_2026-08-11/ExactDuplicates/IGroup/Reports/Doctor's Income Per Service.rpt","Exact copy exists under the configured Accounts/Reports/IGroup runtime tree"
"IGroup/Reports/DoctorsDailyIncomeReport.rpt","703e8552b7e6b1ee2bfe8bfa3bc900e82159e02c","49152","Accounts/Reports/IGroup/Reports/DoctorsDailyIncomeReport.rpt","_Quarantine/CrystalReports_CrossRoot_2026-08-11/ExactDuplicates/IGroup/Reports/DoctorsDailyIncomeReport.rpt","Exact copy exists under the configured Accounts/Reports/IGroup runtime tree"
"IGroup/Reports/estInventoryReport.rpt","9f69a07609460ea4a6cbf638b5602f64d353a566","14336","Accounts/Reports/IGroup/Reports/estInventoryReport.rpt; Accounts/Reports/IGroup/Reports/Report Backups/estInventoryReport.rpt","_Quarantine/CrystalReports_CrossRoot_2026-08-11/ExactDuplicates/IGroup/Reports/estInventoryReport.rpt","Exact copy exists under the configured Accounts/Reports/IGroup runtime tree"
"IGroup/Reports/ExpiryList.rpt","930950a2185a097c5679f3e770e51de28027be2e","49664","Accounts/Reports/IGroup/Reports/ExpiryList.rpt","_Quarantine/CrystalReports_CrossRoot_2026-08-11/ExactDuplicates/IGroup/Reports/ExpiryList.rpt","Exact copy exists under the configured Accounts/Reports/IGroup runtime tree"
"IGroup/Reports/ExpiryListPeriodic.rpt","b3a9e4ad549ae3e4b0bd593ec67b41168abbde17","51200","Accounts/Reports/IGroup/Reports/ExpiryListPeriodic.rpt","_Quarantine/CrystalReports_CrossRoot_2026-08-11/ExactDuplicates/IGroup/Reports/ExpiryListPeriodic.rpt","Exact copy exists under the configured Accounts/Reports/IGroup runtime tree"
"IGroup/Reports/GraphicalPharmacyDailySalesInvoice.rpt","1c43c098dff63c3ff876d6706942eb0b08af7afa","1360896","Accounts/Reports/IGroup/Reports/GraphicalPharmacyDailySalesInvoice.rpt; Accounts/Reports/IGroup/Reports/Report Backups/GraphicalPharmacyDailySalesInvoice.rpt","_Quarantine/CrystalReports_CrossRoot_2026-08-11/ExactDuplicates/IGroup/Reports/GraphicalPharmacyDailySalesInvoice.rpt","Exact copy exists under the configured Accounts/Reports/IGroup runtime tree"
"IGroup/Reports/HR IDCCard Size Back.rpt","e762821438be88ee40e92d53380dfa81572c61ec","3047936","Accounts/Reports/IGroup/Reports/HR IDCCard Size Back.rpt","_Quarantine/CrystalReports_CrossRoot_2026-08-11/ExactDuplicates/IGroup/Reports/HR IDCCard Size Back.rpt","Exact copy exists under the configured Accounts/Reports/IGroup runtime tree"
"IGroup/Reports/HR_ID List Final with lamination space.rpt","4c498646a1456dc15cf39db6e310827e5d763375","6890496","Accounts/Reports/IGroup/Reports/HR_ID List Final with lamination space.rpt","_Quarantine/CrystalReports_CrossRoot_2026-08-11/ExactDuplicates/IGroup/Reports/HR_ID List Final with lamination space.rpt","Exact copy exists under the configured Accounts/Reports/IGroup runtime tree"
"IGroup/Reports/HR_ID New Database List Final with lamination space New.rpt","1b7aea6a626b3212a2086a5efa56c8492faedef2","6918144","Accounts/Reports/IGroup/Reports/HR_ID New Database List Final with lamination space New.rpt","_Quarantine/CrystalReports_CrossRoot_2026-08-11/ExactDuplicates/IGroup/Reports/HR_ID New Database List Final with lamination space New.rpt","Exact copy exists under the configured Accounts/Reports/IGroup runtime tree"
"IGroup/Reports/HR_ID New Database List Final with lamination space.rpt","a5cd6b66a14dcaa35e7c90b9f7ce5bf7e103dcb9","6892032","Accounts/Reports/IGroup/Reports/HR_ID New Database List Final with lamination space.rpt","_Quarantine/CrystalReports_CrossRoot_2026-08-11/ExactDuplicates/IGroup/Reports/HR_ID New Database List Final with lamination space.rpt","Exact copy exists under the configured Accounts/Reports/IGroup runtime tree"
"IGroup/Reports/HR_IDList CCard Size Front.rpt","da092050c59e757163903c1a3506635082becdb8","6892544","Accounts/Reports/IGroup/Reports/HR_IDList CCard Size Front.rpt","_Quarantine/CrystalReports_CrossRoot_2026-08-11/ExactDuplicates/IGroup/Reports/HR_IDList CCard Size Front.rpt","Exact copy exists under the configured Accounts/Reports/IGroup runtime tree"
"IGroup/Reports/HR_IDList CCard Size.rpt","cf74f69044d2e7893817008a95bd14dd38645dc5","6889472","Accounts/Reports/IGroup/Reports/HR_IDList CCard Size.rpt","_Quarantine/CrystalReports_CrossRoot_2026-08-11/ExactDuplicates/IGroup/Reports/HR_IDList CCard Size.rpt","Exact copy exists under the configured Accounts/Reports/IGroup runtime tree"
"IGroup/Reports/HR_IDList Final Back Only.rpt","0709114fa6084e9cc1f4f97265732be94f7f72d0","3050496","Accounts/Reports/IGroup/Reports/HR_IDList Final Back Only.rpt","_Quarantine/CrystalReports_CrossRoot_2026-08-11/ExactDuplicates/IGroup/Reports/HR_IDList Final Back Only.rpt","Exact copy exists under the configured Accounts/Reports/IGroup runtime tree"
"IGroup/Reports/HR_IDList Final Back Only1.rpt","5777630fbd13372453899d06985a14a9437a67cb","3050496","Accounts/Reports/IGroup/Reports/HR_IDList Final Back Only1.rpt","_Quarantine/CrystalReports_CrossRoot_2026-08-11/ExactDuplicates/IGroup/Reports/HR_IDList Final Back Only1.rpt","Exact copy exists under the configured Accounts/Reports/IGroup runtime tree"
"IGroup/Reports/HR_IDList Final Back.rpt","fb4725c08a87507debce00cb4eb8185c1d1e1d2f","3048448","Accounts/Reports/IGroup/Reports/HR_IDList Final Back.rpt","_Quarantine/CrystalReports_CrossRoot_2026-08-11/ExactDuplicates/IGroup/Reports/HR_IDList Final Back.rpt","Exact copy exists under the configured Accounts/Reports/IGroup runtime tree"
"IGroup/Reports/HR_IDList Final Front.rpt","49efed887fa982882e73414fa5d4d9ff806e5159","6894080","Accounts/Reports/IGroup/Reports/HR_IDList Final Front.rpt","_Quarantine/CrystalReports_CrossRoot_2026-08-11/ExactDuplicates/IGroup/Reports/HR_IDList Final Front.rpt","Exact copy exists under the configured Accounts/Reports/IGroup runtime tree"
"IGroup/Reports/HR_IDList Final with lamination space.rpt","e28ed37d9146ca1a580c7ecaab03e50386d004f2","6892032","Accounts/Reports/IGroup/Reports/HR_IDList Final with lamination space.rpt","_Quarantine/CrystalReports_CrossRoot_2026-08-11/ExactDuplicates/IGroup/Reports/HR_IDList Final with lamination space.rpt","Exact copy exists under the configured Accounts/Reports/IGroup runtime tree"
"IGroup/Reports/HR_IDList Final.rpt","2461428d241ca305ee21ef432dbf253d32408338","6892032","Accounts/Reports/IGroup/Reports/HR_IDList Final.rpt","_Quarantine/CrystalReports_CrossRoot_2026-08-11/ExactDuplicates/IGroup/Reports/HR_IDList Final.rpt","Exact copy exists under the configured Accounts/Reports/IGroup runtime tree"
"IGroup/Reports/HR_IDList Final3.rpt","7ea8e33ed4602471c906b3a5831782685f3c0dfd","6892032","Accounts/Reports/IGroup/Reports/HR_IDList Final3.rpt","_Quarantine/CrystalReports_CrossRoot_2026-08-11/ExactDuplicates/IGroup/Reports/HR_IDList Final3.rpt","Exact copy exists under the configured Accounts/Reports/IGroup runtime tree"
"IGroup/Reports/HR_IDList.rpt","15d83de6a2ad4a2f9f8a12166b86495e09fc4d9d","821760","Accounts/Reports/IGroup/Reports/HR_IDList.rpt","_Quarantine/CrystalReports_CrossRoot_2026-08-11/ExactDuplicates/IGroup/Reports/HR_IDList.rpt","Exact copy exists under the configured Accounts/Reports/IGroup runtime tree"
"IGroup/Reports/HR_IDList2.rpt","f3b81329ec3128abfc572527db35d7a5400a08f2","3853824","Accounts/Reports/IGroup/Reports/HR_IDList2.rpt","_Quarantine/CrystalReports_CrossRoot_2026-08-11/ExactDuplicates/IGroup/Reports/HR_IDList2.rpt","Exact copy exists under the configured Accounts/Reports/IGroup runtime tree"
"IGroup/Reports/HR_IDListOrig.rpt","c8b2fa5ecf3356b1c8a451f0a2034b7dd4473743","785408","Accounts/Reports/IGroup/Reports/HR_IDListOrig.rpt","_Quarantine/CrystalReports_CrossRoot_2026-08-11/ExactDuplicates/IGroup/Reports/HR_IDListOrig.rpt","Exact copy exists under the configured Accounts/Reports/IGroup runtime tree"
"IGroup/Reports/HR_IDListOrig2.rpt","b38f85a2d2cbf62e66ec3880de011a0a0cc07e30","823808","Accounts/Reports/IGroup/Reports/HR_IDListOrig2.rpt","_Quarantine/CrystalReports_CrossRoot_2026-08-11/ExactDuplicates/IGroup/Reports/HR_IDListOrig2.rpt","Exact copy exists under the configured Accounts/Reports/IGroup runtime tree"
"IGroup/Reports/HREmployeeList.rpt","a75935e0c046ebd7a467ef8f3427c1e09a87c234","48128","Accounts/Reports/IGroup/Reports/HREmployeeList.rpt","_Quarantine/CrystalReports_CrossRoot_2026-08-11/ExactDuplicates/IGroup/Reports/HREmployeeList.rpt","Exact copy exists under the configured Accounts/Reports/IGroup runtime tree"
"IGroup/Reports/HREmployeeSalaryDescription.rpt","2031291dc74f732f773f48a6e2d0cb2816d7ede1","15360","Accounts/Reports/IGroup/Reports/HREmployeeSalaryDescription.rpt; Accounts/Reports/IGroup/Reports/Report Backups/HREmployeeSalaryDescription.rpt","_Quarantine/CrystalReports_CrossRoot_2026-08-11/ExactDuplicates/IGroup/Reports/HREmployeeSalaryDescription.rpt","Exact copy exists under the configured Accounts/Reports/IGroup runtime tree"
"IGroup/Reports/HREmployeeShiftDetails.rpt","e07b32a3ef560a319c6d8835ba20bfac4b75e99c","14848","Accounts/Reports/IGroup/Reports/HREmployeeShiftDetails.rpt; Accounts/Reports/IGroup/Reports/Report Backups/HREmployeeShiftDetails.rpt","_Quarantine/CrystalReports_CrossRoot_2026-08-11/ExactDuplicates/IGroup/Reports/HREmployeeShiftDetails.rpt","Exact copy exists under the configured Accounts/Reports/IGroup runtime tree"
"IGroup/Reports/HRMonthlyAttendence.rpt","741247c44d2ce6143bcc5cb81777b3ce386f4818","17408","Accounts/Reports/IGroup/Reports/HRMonthlyAttendence.rpt; Accounts/Reports/IGroup/Reports/Report Backups/HRMonthlyAttendence.rpt","_Quarantine/CrystalReports_CrossRoot_2026-08-11/ExactDuplicates/IGroup/Reports/HRMonthlyAttendence.rpt","Exact copy exists under the configured Accounts/Reports/IGroup runtime tree"
"IGroup/Reports/IBCombined Date Wise (Monthly) Cash Only.rpt","8869ed34281d1e0adf4fe479ec7af3ef81937356","49664","Accounts/Reports/IGroup/Reports/IBCombined Date Wise (Monthly) Cash Only.rpt","_Quarantine/CrystalReports_CrossRoot_2026-08-11/ExactDuplicates/IGroup/Reports/IBCombined Date Wise (Monthly) Cash Only.rpt","Exact copy exists under the configured Accounts/Reports/IGroup runtime tree"
"IGroup/Reports/IBCombinedDoctorWiseSummaryStatement.rpt","0484b17f66514c5e3469bc22f4573fd2ed304692","49664","Accounts/Reports/IGroup/Reports/IBCombinedDoctorWiseSummaryStatement.rpt","_Quarantine/CrystalReports_CrossRoot_2026-08-11/ExactDuplicates/IGroup/Reports/IBCombinedDoctorWiseSummaryStatement.rpt","Exact copy exists under the configured Accounts/Reports/IGroup runtime tree"
"IGroup/Reports/IBCombinedDoctorWiseSummaryStatement2.rpt","bbcb0310bd52d527fc9b75e44555ff369f96b1d0","51712","Accounts/Reports/IGroup/Reports/IBCombinedDoctorWiseSummaryStatement2.rpt","_Quarantine/CrystalReports_CrossRoot_2026-08-11/ExactDuplicates/IGroup/Reports/IBCombinedDoctorWiseSummaryStatement2.rpt","Exact copy exists under the configured Accounts/Reports/IGroup runtime tree"
"IGroup/Reports/IBCombinedUserWiseSummaryStatement.rpt","ceea4a493df756851cdd3a2e1471e3ffd186f802","49664","Accounts/Reports/IGroup/Reports/IBCombinedUserWiseSummaryStatement.rpt","_Quarantine/CrystalReports_CrossRoot_2026-08-11/ExactDuplicates/IGroup/Reports/IBCombinedUserWiseSummaryStatement.rpt","Exact copy exists under the configured Accounts/Reports/IGroup runtime tree"
"IGroup/Reports/IBDailyReceptionInvoice.rpt","c2ba43973023baea7cc8c26e8769361f83224778","54272","Accounts/Reports/IGroup/Reports/IBDailyReceptionInvoice.rpt","_Quarantine/CrystalReports_CrossRoot_2026-08-11/ExactDuplicates/IGroup/Reports/IBDailyReceptionInvoice.rpt","Exact copy exists under the configured Accounts/Reports/IGroup runtime tree"
"IGroup/Reports/IBDailyReceptionInvoiceNew.rpt","850fd86caefd5347962900a3046974874654e48e","55808","Accounts/Reports/IGroup/Reports/IBDailyReceptionInvoiceNew.rpt","_Quarantine/CrystalReports_CrossRoot_2026-08-11/ExactDuplicates/IGroup/Reports/IBDailyReceptionInvoiceNew.rpt","Exact copy exists under the configured Accounts/Reports/IGroup runtime tree"
"IGroup/Reports/IBDailyReceptionInvoiceSummary.rpt","c41e1e22e64a785439b29b4ac1d62365bdaf27f1","53248","Accounts/Reports/IGroup/Reports/IBDailyReceptionInvoiceSummary.rpt","_Quarantine/CrystalReports_CrossRoot_2026-08-11/ExactDuplicates/IGroup/Reports/IBDailyReceptionInvoiceSummary.rpt","Exact copy exists under the configured Accounts/Reports/IGroup runtime tree"
"IGroup/Reports/IBDrivingLicenseSummary.rpt","71dac6121265fe83173047e5fff7137821e82313","48640","Accounts/Reports/IGroup/IBDrivingLicenseSummary.rpt; Accounts/Reports/IGroup/Reports/IBDrivingLicenseSummary.rpt","_Quarantine/CrystalReports_CrossRoot_2026-08-11/ExactDuplicates/IGroup/Reports/IBDrivingLicenseSummary.rpt","Exact copy exists under the configured Accounts/Reports/IGroup runtime tree"
"IGroup/Reports/IBHealthCardSummary.rpt","1d531b54bcdacf7d8b03cc905a55452cd1b2fd99","48640","Accounts/Reports/IGroup/IBHealthCardSummary.rpt; Accounts/Reports/IGroup/Reports/IBHealthCardSummary.rpt","_Quarantine/CrystalReports_CrossRoot_2026-08-11/ExactDuplicates/IGroup/Reports/IBHealthCardSummary.rpt","Exact copy exists under the configured Accounts/Reports/IGroup runtime tree"
"IGroup/Reports/IBIqamaSummary.rpt","d129c74497c0dca452491d43f1cbdd90cb6e70a7","48640","Accounts/Reports/IGroup/IBIqamaSummary.rpt; Accounts/Reports/IGroup/Reports/IBIqamaSummary.rpt","_Quarantine/CrystalReports_CrossRoot_2026-08-11/ExactDuplicates/IGroup/Reports/IBIqamaSummary.rpt","Exact copy exists under the configured Accounts/Reports/IGroup runtime tree"
"IGroup/Reports/IBLabSamplePrinting2.rpt","c46bec13f20770af184ba9adff8b41b9d87956cc","18432","Accounts/Reports/IGroup/Reports/IBLabSamplePrinting2.rpt","_Quarantine/CrystalReports_CrossRoot_2026-08-11/ExactDuplicates/IGroup/Reports/IBLabSamplePrinting2.rpt","Exact copy exists under the configured Accounts/Reports/IGroup runtime tree"
"IGroup/Reports/IBLabSamplePrintingOrig.rpt","33af3b080cc1a264b2cf70ee2e2a98f12a540d55","18432","Accounts/Reports/IGroup/Reports/IBLabSamplePrintingOrig.rpt","_Quarantine/CrystalReports_CrossRoot_2026-08-11/ExactDuplicates/IGroup/Reports/IBLabSamplePrintingOrig.rpt","Exact copy exists under the configured Accounts/Reports/IGroup runtime tree"
"IGroup/Reports/IBSalesManSummary Manual.rpt","16c4cf8e7e4f2873c1197b04d652cbdaac1b827f","52224","Accounts/Reports/IGroup/Reports/IBSalesManSummary Manual.rpt","_Quarantine/CrystalReports_CrossRoot_2026-08-11/ExactDuplicates/IGroup/Reports/IBSalesManSummary Manual.rpt","Exact copy exists under the configured Accounts/Reports/IGroup runtime tree"
"IGroup/Reports/IBSalesManSummary.rpt","ee3b694ffcdebbbd5db0e9f1f4cbaf7bfb62e5bf","52224","Accounts/Reports/IGroup/Reports/IBSalesManSummary.rpt","_Quarantine/CrystalReports_CrossRoot_2026-08-11/ExactDuplicates/IGroup/Reports/IBSalesManSummary.rpt","Exact copy exists under the configured Accounts/Reports/IGroup runtime tree"
"IGroup/Reports/IBSalesManSummaryX.rpt","9c4fb8d121d90fdc87988fa4ea680a2592b7faec","50688","Accounts/Reports/IGroup/Reports/IBSalesManSummaryX.rpt","_Quarantine/CrystalReports_CrossRoot_2026-08-11/ExactDuplicates/IGroup/Reports/IBSalesManSummaryX.rpt","Exact copy exists under the configured Accounts/Reports/IGroup runtime tree"
"IGroup/Reports/IGroup Payroll Report.rpt","31420db27c1f67e87ce54e1891e47a201e85183a","94720","Accounts/Reports/IGroup/Reports/IGroup Payroll Report.rpt","_Quarantine/CrystalReports_CrossRoot_2026-08-11/ExactDuplicates/IGroup/Reports/IGroup Payroll Report.rpt","Exact copy exists under the configured Accounts/Reports/IGroup runtime tree"
"IGroup/Reports/Income Summary Pharmacy.rpt","98203d98a703b63cb5e87a375eeb2b00ca6ff31e","56832","Accounts/Reports/IGroup/Reports/Income Summary Pharmacy.rpt","_Quarantine/CrystalReports_CrossRoot_2026-08-11/ExactDuplicates/IGroup/Reports/Income Summary Pharmacy.rpt","Exact copy exists under the configured Accounts/Reports/IGroup runtime tree"
"IGroup/Reports/Injection Consumption (based on invoice items) (detailed).rpt","efad5a24bf2d03b3183c7411ffcda98980d83d61","76288","Accounts/Reports/IGroup/Reports/Injection Consumption (based on invoice items) (detailed).rpt","_Quarantine/CrystalReports_CrossRoot_2026-08-11/ExactDuplicates/IGroup/Reports/Injection Consumption (based on invoice items) (detailed).rpt","Exact copy exists under the configured Accounts/Reports/IGroup runtime tree"
"IGroup/Reports/Injection Consumption (based on invoice items) Summarized.rpt","1681633f8eb9cca1cbeba885cd4c701487764525","108032","Accounts/Reports/IGroup/Reports/Injection Consumption (based on invoice items) Summarized.rpt","_Quarantine/CrystalReports_CrossRoot_2026-08-11/ExactDuplicates/IGroup/Reports/Injection Consumption (based on invoice items) Summarized.rpt","Exact copy exists under the configured Accounts/Reports/IGroup runtime tree"
"IGroup/Reports/Injection Consumption based on Item Used.rpt","6df53565f11b4afca7d2de12a3aadc5ba1a9634f","66048","Accounts/Reports/IGroup/Reports/Injection Consumption based on Item Used.rpt","_Quarantine/CrystalReports_CrossRoot_2026-08-11/ExactDuplicates/IGroup/Reports/Injection Consumption based on Item Used.rpt","Exact copy exists under the configured Accounts/Reports/IGroup runtime tree"
"IGroup/Reports/Injection Consumption based on sales.rpt","e736309a6add3ac22f3a863cdf0b1d1dc3ee003d","59392","Accounts/Reports/IGroup/Reports/Injection Consumption based on sales.rpt","_Quarantine/CrystalReports_CrossRoot_2026-08-11/ExactDuplicates/IGroup/Reports/Injection Consumption based on sales.rpt","Exact copy exists under the configured Accounts/Reports/IGroup runtime tree"
"IGroup/Reports/Injection Consumption.rpt","a3e8338d6c67e32e132d018ab53bde662e433d4d","107520","Accounts/Reports/IGroup/Reports/Injection Consumption.rpt","_Quarantine/CrystalReports_CrossRoot_2026-08-11/ExactDuplicates/IGroup/Reports/Injection Consumption.rpt","Exact copy exists under the configured Accounts/Reports/IGroup runtime tree"
"IGroup/Reports/Injection Cost Consumption.rpt","87a84f45f608ce7d9570dce6b8b8ee14f7973629","166912","Accounts/Reports/IGroup/Reports/Injection Cost Consumption.rpt","_Quarantine/CrystalReports_CrossRoot_2026-08-11/ExactDuplicates/IGroup/Reports/Injection Cost Consumption.rpt","Exact copy exists under the configured Accounts/Reports/IGroup runtime tree"
"IGroup/Reports/Injection Qty. Consumption.rpt","f8898695a838b4d514485ab4c118843771cb92e5","108544","Accounts/Reports/IGroup/Reports/Injection Qty. Consumption.rpt","_Quarantine/CrystalReports_CrossRoot_2026-08-11/ExactDuplicates/IGroup/Reports/Injection Qty. Consumption.rpt","Exact copy exists under the configured Accounts/Reports/IGroup runtime tree"
"IGroup/Reports/Injections Consumed for a given period  Items (itemized).rpt","a6bc13fb4105bca66fe683b07f909bddfaa95f28","331776","Accounts/Reports/IGroup/Reports/Injections Consumed for a given period  Items (itemized).rpt","_Quarantine/CrystalReports_CrossRoot_2026-08-11/ExactDuplicates/IGroup/Reports/Injections Consumed for a given period  Items (itemized).rpt","Exact copy exists under the configured Accounts/Reports/IGroup runtime tree"
"IGroup/Reports/Injections Consumed for a given period (itemized).rpt","0fa83bc0b5564eb8bb0633fcaf2475928d88ccf3","332800","Accounts/Reports/IGroup/Reports/Injections Consumed for a given period (itemized).rpt","_Quarantine/CrystalReports_CrossRoot_2026-08-11/ExactDuplicates/IGroup/Reports/Injections Consumed for a given period (itemized).rpt","Exact copy exists under the configured Accounts/Reports/IGroup runtime tree"
"IGroup/Reports/Injections Transfered to ER for a given period  Items (itemized).rpt","2330f96067201ea33cf3ea80be41cae23c0929c4","61952","Accounts/Reports/IGroup/Reports/Injections Transfered to ER for a given period  Items (itemized).rpt","_Quarantine/CrystalReports_CrossRoot_2026-08-11/ExactDuplicates/IGroup/Reports/Injections Transfered to ER for a given period  Items (itemized).rpt","Exact copy exists under the configured Accounts/Reports/IGroup runtime tree"
"IGroup/Reports/Injections Transfered to ER for a given period  Items (summarized).rpt","c376c38dc5b2a42635b505b7439d3f19ec9354b5","62976","Accounts/Reports/IGroup/Reports/Injections Transfered to ER for a given period  Items (summarized).rpt","_Quarantine/CrystalReports_CrossRoot_2026-08-11/ExactDuplicates/IGroup/Reports/Injections Transfered to ER for a given period  Items (summarized).rpt","Exact copy exists under the configured Accounts/Reports/IGroup runtime tree"
"IGroup/Reports/Injections Transferred to ER 2.rpt","7025e0edf50e4a1a4d543b9bafd6c78769e7ece1","62464","Accounts/Reports/IGroup/Reports/Injections Transferred to ER 2.rpt","_Quarantine/CrystalReports_CrossRoot_2026-08-11/ExactDuplicates/IGroup/Reports/Injections Transferred to ER 2.rpt","Exact copy exists under the configured Accounts/Reports/IGroup runtime tree"
"IGroup/Reports/Injections Transferred to ER for a given period  Items (itemized).rpt","9d736a132355bf553f7ca79492140ff81e30b6d3","60928","Accounts/Reports/IGroup/Reports/Injections Transferred to ER for a given period  Items (itemized).rpt","_Quarantine/CrystalReports_CrossRoot_2026-08-11/ExactDuplicates/IGroup/Reports/Injections Transferred to ER for a given period  Items (itemized).rpt","Exact copy exists under the configured Accounts/Reports/IGroup runtime tree"
"IGroup/Reports/Injections Transferred to ER.rpt","2aaae6ee2efa771b19809961baebdd9155068e26","61952","Accounts/Reports/IGroup/Reports/Injections Transferred to ER.rpt","_Quarantine/CrystalReports_CrossRoot_2026-08-11/ExactDuplicates/IGroup/Reports/Injections Transferred to ER.rpt","Exact copy exists under the configured Accounts/Reports/IGroup runtime tree"
"IGroup/Reports/InsClinicBillPrint.rpt","c5b50b539c4bc22961c22a8e97cbe45fe576a8f9","14336","Accounts/Reports/IGroup/Reports/Copy of ClinicBillPrint.rpt; Accounts/Reports/IGroup/Reports/InsClinicBillPrint.rpt; Accounts/Reports/IGroup/Reports/Report Backups/Copy of ClinicBillPrint.rpt; Accounts/Reports/IGroup/Reports/Report Backups/InsClinicBillPrint.rpt","_Quarantine/CrystalReports_CrossRoot_2026-08-11/ExactDuplicates/IGroup/Reports/InsClinicBillPrint.rpt","Exact copy exists under the configured Accounts/Reports/IGroup runtime tree"
"IGroup/Reports/InsClinicBillPrint1.rpt","1ed2d0240e36e9f41870e36d8d419f23189fb6b0","13312","Accounts/Reports/IGroup/Reports/InsClinicBillPrint1.rpt; Accounts/Reports/IGroup/Reports/Report Backups/InsClinicBillPrint1.rpt","_Quarantine/CrystalReports_CrossRoot_2026-08-11/ExactDuplicates/IGroup/Reports/InsClinicBillPrint1.rpt","Exact copy exists under the configured Accounts/Reports/IGroup runtime tree"
"IGroup/Reports/InsPharmacyInvoicePrint.rpt","680f8aa1ab6edc14d3af5c3b8c4a23de558a340b","12288","Accounts/Reports/IGroup/Reports/InsPharmacyInvoicePrint.rpt; Accounts/Reports/IGroup/Reports/Report Backups/InsPharmacyInvoicePrint.rpt","_Quarantine/CrystalReports_CrossRoot_2026-08-11/ExactDuplicates/IGroup/Reports/InsPharmacyInvoicePrint.rpt","Exact copy exists under the configured Accounts/Reports/IGroup runtime tree"
"IGroup/Reports/InsPharmacyInvoicePrint1.rpt","7347246662ff9df8419c455b6db91491f7dafd6d","11776","Accounts/Reports/IGroup/Reports/InsPharmacyInvoicePrint1.rpt; Accounts/Reports/IGroup/Reports/Report Backups/InsPharmacyInvoicePrint1.rpt","_Quarantine/CrystalReports_CrossRoot_2026-08-11/ExactDuplicates/IGroup/Reports/InsPharmacyInvoicePrint1.rpt","Exact copy exists under the configured Accounts/Reports/IGroup runtime tree"
"IGroup/Reports/InsuranceActualSummary.rpt","41b64549e45e62638441e6a1381a24f7ab28e950","21504","Accounts/Reports/IGroup/Reports/InsuranceActualSummary.rpt; Accounts/Reports/IGroup/Reports/Report Backups/InsuranceActualSummary.rpt","_Quarantine/CrystalReports_CrossRoot_2026-08-11/ExactDuplicates/IGroup/Reports/InsuranceActualSummary.rpt","Exact copy exists under the configured Accounts/Reports/IGroup runtime tree"
"IGroup/Reports/InsuranceBupaEclaim.rpt","03c5e912fb65ef30e175db3ab64304e2e269ab90","17408","Accounts/Reports/IGroup/Reports/InsuranceBupaEclaim.rpt; Accounts/Reports/IGroup/Reports/Report Backups/InsuranceBupaEclaim.rpt","_Quarantine/CrystalReports_CrossRoot_2026-08-11/ExactDuplicates/IGroup/Reports/InsuranceBupaEclaim.rpt","Exact copy exists under the configured Accounts/Reports/IGroup runtime tree"
"IGroup/Reports/InsuranceBupaEclaimRep.rpt","3cbe177b4ca82339c343af6d46b52b0f3b543353","19456","Accounts/Reports/IGroup/Reports/InsuranceBupaEclaimRep.rpt; Accounts/Reports/IGroup/Reports/Report Backups/InsuranceBupaEclaimRep.rpt","_Quarantine/CrystalReports_CrossRoot_2026-08-11/ExactDuplicates/IGroup/Reports/InsuranceBupaEclaimRep.rpt","Exact copy exists under the configured Accounts/Reports/IGroup runtime tree"
"IGroup/Reports/InsuranceCompanyReport.rpt","87c12a510762a0177767776bc841e97fb2e61471","32768","Accounts/Reports/IGroup/Reports/InsuranceCompanyReport.rpt; Accounts/Reports/IGroup/Reports/Report Backups/InsuranceCompanyReport.rpt","_Quarantine/CrystalReports_CrossRoot_2026-08-11/ExactDuplicates/IGroup/Reports/InsuranceCompanyReport.rpt","Exact copy exists under the configured Accounts/Reports/IGroup runtime tree"
"IGroup/Reports/INSURANCEGlobeMedEclaim.rpt","270765abe3f384788394af65321803f3f79dff3a","17920","Accounts/Reports/IGroup/Reports/INSURANCEGlobeMedEclaim.rpt; Accounts/Reports/IGroup/Reports/Report Backups/INSURANCEGlobeMedEclaim.rpt","_Quarantine/CrystalReports_CrossRoot_2026-08-11/ExactDuplicates/IGroup/Reports/INSURANCEGlobeMedEclaim.rpt","Exact copy exists under the configured Accounts/Reports/IGroup runtime tree"
"IGroup/Reports/InsuranceMonthlySubmission.rpt","88f64e03f348af26a7e738c2583a465cf2d4bc3a","18432","Accounts/Reports/IGroup/Reports/InsuranceMonthlySubmission.rpt; Accounts/Reports/IGroup/Reports/Report Backups/InsuranceMonthlySubmission.rpt","_Quarantine/CrystalReports_CrossRoot_2026-08-11/ExactDuplicates/IGroup/Reports/InsuranceMonthlySubmission.rpt","Exact copy exists under the configured Accounts/Reports/IGroup runtime tree"
"IGroup/Reports/InsurancePriceList.rpt","9839d1625e6013bbb2193eb629a1a4fd5cfc0792","87040","Accounts/Reports/IGroup/Reports/InsurancePriceList.rpt; Accounts/Reports/IGroup/Reports/Report Backups/InsurancePriceList.rpt","_Quarantine/CrystalReports_CrossRoot_2026-08-11/ExactDuplicates/IGroup/Reports/InsurancePriceList.rpt","Exact copy exists under the configured Accounts/Reports/IGroup runtime tree"
"IGroup/Reports/InsuranceStatement.rpt","3207cb1f6bac5aae44b2e1a280ba29b07c3ec7c7","21504","Accounts/Reports/IGroup/Reports/InsuranceStatement.rpt; Accounts/Reports/IGroup/Reports/Report Backups/InsuranceStatement.rpt","_Quarantine/CrystalReports_CrossRoot_2026-08-11/ExactDuplicates/IGroup/Reports/InsuranceStatement.rpt","Exact copy exists under the configured Accounts/Reports/IGroup runtime tree"
"IGroup/Reports/InsuranceSummary.rpt","a554147bbb33b63fefcebfec2411060cda138563","20992","Accounts/Reports/IGroup/Reports/InsuranceSummary.rpt; Accounts/Reports/IGroup/Reports/Report Backups/InsuranceSummary.rpt","_Quarantine/CrystalReports_CrossRoot_2026-08-11/ExactDuplicates/IGroup/Reports/InsuranceSummary.rpt","Exact copy exists under the configured Accounts/Reports/IGroup runtime tree"
"IGroup/Reports/InsuranceSummaryOfAccount.rpt","aa459705847b64a13aaffadd709d9afd9cd49fb3","144896","Accounts/Reports/IGroup/Reports/InsuranceSummaryOfAccount.rpt; Accounts/Reports/IGroup/Reports/Report Backups/InsuranceSummaryOfAccount.rpt","_Quarantine/CrystalReports_CrossRoot_2026-08-11/ExactDuplicates/IGroup/Reports/InsuranceSummaryOfAccount.rpt","Exact copy exists under the configured Accounts/Reports/IGroup runtime tree"
"IGroup/Reports/Inventory Report at Clinic for a given date (summarized).rpt","249eb31e52861ac0337df12985e09e0856617d1a","209920","Accounts/Reports/IGroup/Reports/Inventory Report at Clinic for a given date (summarized).rpt","_Quarantine/CrystalReports_CrossRoot_2026-08-11/ExactDuplicates/IGroup/Reports/Inventory Report at Clinic for a given date (summarized).rpt","Exact copy exists under the configured Accounts/Reports/IGroup runtime tree"
"IGroup/Reports/Inventory Report at Pharmacy for a given date (summarized).rpt","660406859fd3197797dd9a9cfe76802e11c057b5","206848","Accounts/Reports/IGroup/Reports/Inventory Report at Pharmacy for a given date (summarized).rpt","_Quarantine/CrystalReports_CrossRoot_2026-08-11/ExactDuplicates/IGroup/Reports/Inventory Report at Pharmacy for a given date (summarized).rpt","Exact copy exists under the configured Accounts/Reports/IGroup runtime tree"
"IGroup/Reports/Inventory Report at Stock Room for a given date (summarized).rpt","73e885811222b26effe8cccc19af5b543f3e4aad","169472","Accounts/Reports/IGroup/Reports/Inventory Report at Stock Room for a given date (summarized).rpt","_Quarantine/CrystalReports_CrossRoot_2026-08-11/ExactDuplicates/IGroup/Reports/Inventory Report at Stock Room for a given date (summarized).rpt","Exact copy exists under the configured Accounts/Reports/IGroup runtime tree"
"IGroup/Reports/Inventory Report for a given date.rpt","19653e486e7583590a47e9f93a63f7f354b5218c","109056","Accounts/Reports/IGroup/Reports/Inventory Report for a given date.rpt","_Quarantine/CrystalReports_CrossRoot_2026-08-11/ExactDuplicates/IGroup/Reports/Inventory Report for a given date.rpt","Exact copy exists under the configured Accounts/Reports/IGroup runtime tree"
"IGroup/Reports/Inventory Report for a specified Ending Date Clinic New.rpt","4ea52ea2d8113e03531e49e56b9d6f7fd900e1e8","91648","Accounts/Reports/IGroup/Reports/Inventory Report for a specified Ending Date Clinic New.rpt","_Quarantine/CrystalReports_CrossRoot_2026-08-11/ExactDuplicates/IGroup/Reports/Inventory Report for a specified Ending Date Clinic New.rpt","Exact copy exists under the configured Accounts/Reports/IGroup runtime tree"
"IGroup/Reports/Inventory Report for a specified Ending Date Clinic New2.rpt","0d3a8eff3fda39982e2127a083363bf85f0c9bf8","148992","Accounts/Reports/IGroup/Reports/Inventory Report for a specified Ending Date Clinic New2.rpt","_Quarantine/CrystalReports_CrossRoot_2026-08-11/ExactDuplicates/IGroup/Reports/Inventory Report for a specified Ending Date Clinic New2.rpt","Exact copy exists under the configured Accounts/Reports/IGroup runtime tree"
"IGroup/Reports/Inventory Report for a specified Ending Date Clinic.rpt","1f05c900f6c0f9fe62604a0ecdb4855d5047ce30","90112","Accounts/Reports/IGroup/Reports/Inventory Report for a specified Ending Date Clinic.rpt","_Quarantine/CrystalReports_CrossRoot_2026-08-11/ExactDuplicates/IGroup/Reports/Inventory Report for a specified Ending Date Clinic.rpt","Exact copy exists under the configured Accounts/Reports/IGroup runtime tree"
"IGroup/Reports/Inventory Report for a specified Ending Date.rpt","04023819bcec92605e12e1a75de08cb0b2c194d1","88576","Accounts/Reports/IGroup/Reports/Inventory Report for a specified Ending Date.rpt","_Quarantine/CrystalReports_CrossRoot_2026-08-11/ExactDuplicates/IGroup/Reports/Inventory Report for a specified Ending Date.rpt","Exact copy exists under the configured Accounts/Reports/IGroup runtime tree"
"IGroup/Reports/Inventory Report for ER except Cleaning Materials for a given date (summarized).rpt","d00df2b790bb2f157ac65843258d5fd0439445eb","67072","Accounts/Reports/IGroup/Reports/Inventory Report for ER except Cleaning Materials for a given date (summarized).rpt","_Quarantine/CrystalReports_CrossRoot_2026-08-11/ExactDuplicates/IGroup/Reports/Inventory Report for ER except Cleaning Materials for a given date (summarized).rpt","Exact copy exists under the configured Accounts/Reports/IGroup runtime tree"
"IGroup/Reports/Inventory Report for except Cleaning Materials for a given date (summarized).rpt","8bf70930236b283531d31489998da1ad6935bc67","55808","Accounts/Reports/IGroup/Reports/Inventory Report for except Cleaning Materials for a given date (summarized).rpt","_Quarantine/CrystalReports_CrossRoot_2026-08-11/ExactDuplicates/IGroup/Reports/Inventory Report for except Cleaning Materials for a given date (summarized).rpt","Exact copy exists under the configured Accounts/Reports/IGroup runtime tree"
"IGroup/Reports/Inventory Report for Injection for a given date (detailed).rpt","f0548ace0b5e63cb669edf18e368df84b2ec763b","60416","Accounts/Reports/IGroup/Reports/Inventory Report for Injection for a given date (detailed).rpt","_Quarantine/CrystalReports_CrossRoot_2026-08-11/ExactDuplicates/IGroup/Reports/Inventory Report for Injection for a given date (detailed).rpt","Exact copy exists under the configured Accounts/Reports/IGroup runtime tree"
"IGroup/Reports/Inventory Report for Injection for a given date (summarized).rpt","e60e5db25866f50a492c23810127e31ddf022b55","60416","Accounts/Reports/IGroup/Reports/Inventory Report for Injection for a given date (summarized).rpt","_Quarantine/CrystalReports_CrossRoot_2026-08-11/ExactDuplicates/IGroup/Reports/Inventory Report for Injection for a given date (summarized).rpt","Exact copy exists under the configured Accounts/Reports/IGroup runtime tree"
"IGroup/Reports/Inventory Report for Injection for a given date.rpt","f62d2bf0ee7509f647197368326524f31299d1e4","59392","Accounts/Reports/IGroup/Reports/Inventory Report for Injection for a given date.rpt","_Quarantine/CrystalReports_CrossRoot_2026-08-11/ExactDuplicates/IGroup/Reports/Inventory Report for Injection for a given date.rpt","Exact copy exists under the configured Accounts/Reports/IGroup runtime tree"
"IGroup/Reports/Inventory Report for Injections at ER for a given date (summarized).rpt","89f0a3b10205fa5623a9f89b7ce7b95467b5abcf","67072","Accounts/Reports/IGroup/Reports/Inventory Report for Injections at ER for a given date (summarized).rpt","_Quarantine/CrystalReports_CrossRoot_2026-08-11/ExactDuplicates/IGroup/Reports/Inventory Report for Injections at ER for a given date (summarized).rpt","Exact copy exists under the configured Accounts/Reports/IGroup runtime tree"
"IGroup/Reports/Inventory Report for testing.rpt","c2b682693335eecaf5f0f8691d29d3ede04512d4","65024","Accounts/Reports/IGroup/Reports/Inventory Report for testing.rpt","_Quarantine/CrystalReports_CrossRoot_2026-08-11/ExactDuplicates/IGroup/Reports/Inventory Report for testing.rpt","Exact copy exists under the configured Accounts/Reports/IGroup runtime tree"
"IGroup/Reports/InvoiceSummaryTimeWiseGraph.rpt","6366d78d54bf2f251df1b0f12aa9c1a1b87fd150","31744","Accounts/Reports/IGroup/Reports/InvoiceSummaryTimeWiseGraph.rpt; Accounts/Reports/IGroup/Reports/Report Backups/InvoiceSummaryTimeWiseGraph.rpt","_Quarantine/CrystalReports_CrossRoot_2026-08-11/ExactDuplicates/IGroup/Reports/InvoiceSummaryTimeWiseGraph.rpt","Exact copy exists under the configured Accounts/Reports/IGroup runtime tree"
"IGroup/Reports/Iqama-Baladiya-DriversLicenseTests Done for a given Period.rpt","a533befff6bc157c6adbd9341de82cb276a3fc13","295936","Accounts/Reports/IGroup/Reports/Iqama-Baladiya-DriversLicenseTests Done for a given Period.rpt","_Quarantine/CrystalReports_CrossRoot_2026-08-11/ExactDuplicates/IGroup/Reports/Iqama-Baladiya-DriversLicenseTests Done for a given Period.rpt","Exact copy exists under the configured Accounts/Reports/IGroup runtime tree"
"IGroup/Reports/ISP/ATM-Cash Income Summary Per Month Per Service Per Doctor Multple.rpt","a212ba02138217ba474cdb17abdbc601808d513a","57856","Accounts/Reports/IGroup/Reports/ISP/ATM-Cash Income Summary Per Month Per Service Per Doctor Multple.rpt","_Quarantine/CrystalReports_CrossRoot_2026-08-11/ExactDuplicates/IGroup/Reports/ISP/ATM-Cash Income Summary Per Month Per Service Per Doctor Multple.rpt","Exact copy exists under the configured Accounts/Reports/IGroup runtime tree"
"IGroup/Reports/ISP/ATM-Cash Income Summary Per Month Per Service Per Doctor.rpt","831a7a3c85c3d1f66d79227c230fbf61d52cc6d4","57856","Accounts/Reports/IGroup/Reports/ISP/ATM-Cash Income Summary Per Month Per Service Per Doctor.rpt","_Quarantine/CrystalReports_CrossRoot_2026-08-11/ExactDuplicates/IGroup/Reports/ISP/ATM-Cash Income Summary Per Month Per Service Per Doctor.rpt","Exact copy exists under the configured Accounts/Reports/IGroup runtime tree"
"IGroup/Reports/ISP/ATM-Cash Income Summary Per Month Per Service.rpt","6101ff98f65a37759de3a33c60f6cd87cc753853","57856","Accounts/Reports/IGroup/Reports/ISP/ATM-Cash Income Summary Per Month Per Service.rpt","_Quarantine/CrystalReports_CrossRoot_2026-08-11/ExactDuplicates/IGroup/Reports/ISP/ATM-Cash Income Summary Per Month Per Service.rpt","Exact copy exists under the configured Accounts/Reports/IGroup runtime tree"
"IGroup/Reports/ISP/ATM-Cash Income Summary Per Month Summary Per Department per Service.rpt","56a261e6d4e0b35c7a6263886c877a8442090df3","59904","Accounts/Reports/IGroup/Reports/ISP/ATM-Cash Income Summary Per Month Summary Per Department per Service.rpt","_Quarantine/CrystalReports_CrossRoot_2026-08-11/ExactDuplicates/IGroup/Reports/ISP/ATM-Cash Income Summary Per Month Summary Per Department per Service.rpt","Exact copy exists under the configured Accounts/Reports/IGroup runtime tree"
"IGroup/Reports/ISP/ATM-Cash Income Summary Per Month Summary Per Month Per Service Per Doctor.rpt","957657477d16de928197beb634422b63d84eefb4","59904","Accounts/Reports/IGroup/Reports/ISP/ATM-Cash Income Summary Per Month Summary Per Month Per Service Per Doctor.rpt","_Quarantine/CrystalReports_CrossRoot_2026-08-11/ExactDuplicates/IGroup/Reports/ISP/ATM-Cash Income Summary Per Month Summary Per Month Per Service Per Doctor.rpt","Exact copy exists under the configured Accounts/Reports/IGroup runtime tree"
"IGroup/Reports/ISP/ATM-Cash Income Summary Per Month Summary Per Month Per Service.rpt","e290f9c18eb1170237beb9b2e9c1f5349c124ba9","57856","Accounts/Reports/IGroup/Reports/ISP/ATM-Cash Income Summary Per Month Summary Per Month Per Service.rpt","_Quarantine/CrystalReports_CrossRoot_2026-08-11/ExactDuplicates/IGroup/Reports/ISP/ATM-Cash Income Summary Per Month Summary Per Month Per Service.rpt","Exact copy exists under the configured Accounts/Reports/IGroup runtime tree"
"IGroup/Reports/ISP/ATM-Cash Income Summary Statement Per Month Post Final Summary Per Department per Service.rpt","97db664c372f79b61a4855c4c0f6f7bc2392b0f8","56832","Accounts/Reports/IGroup/Reports/ISP/ATM-Cash Income Summary Statement Per Month Post Final Summary Per Department per Service.rpt","_Quarantine/CrystalReports_CrossRoot_2026-08-11/ExactDuplicates/IGroup/Reports/ISP/ATM-Cash Income Summary Statement Per Month Post Final Summary Per Department per Service.rpt","Exact copy exists under the configured Accounts/Reports/IGroup runtime tree"
"IGroup/Reports/ISP/ATM-Cash Income Summary Statement Per Month Post Final Summary Per Department per Service2.rpt","227441544b0078d4b9ec773fb849bac688383ed6","59904","Accounts/Reports/IGroup/Reports/ISP/ATM-Cash Income Summary Statement Per Month Post Final Summary Per Department per Service2.rpt","_Quarantine/CrystalReports_CrossRoot_2026-08-11/ExactDuplicates/IGroup/Reports/ISP/ATM-Cash Income Summary Statement Per Month Post Final Summary Per Department per Service2.rpt","Exact copy exists under the configured Accounts/Reports/IGroup runtime tree"
"IGroup/Reports/ISP/ATM-Cash Income Summary Statement Per Month Post Final Summary Per Department per Service3.rpt","1b1af2c761c08404f64ca0416604724cb8d23f96","59904","Accounts/Reports/IGroup/Reports/ISP/ATM-Cash Income Summary Statement Per Month Post Final Summary Per Department per Service3.rpt","_Quarantine/CrystalReports_CrossRoot_2026-08-11/ExactDuplicates/IGroup/Reports/ISP/ATM-Cash Income Summary Statement Per Month Post Final Summary Per Department per Service3.rpt","Exact copy exists under the configured Accounts/Reports/IGroup runtime tree"
"IGroup/Reports/ISP/ATM-Cash Income Summary Statement Per Month Post Final Summary Per Hour per Doctor with VAT.rpt","13a74198dc46d13c9bdf7c63f8795e3f2e98d908","57856","Accounts/Reports/IGroup/Reports/ISP/ATM-Cash Income Summary Statement Per Month Post Final Summary Per Hour per Doctor with VAT.rpt","_Quarantine/CrystalReports_CrossRoot_2026-08-11/ExactDuplicates/IGroup/Reports/ISP/ATM-Cash Income Summary Statement Per Month Post Final Summary Per Hour per Doctor with VAT.rpt","Exact copy exists under the configured Accounts/Reports/IGroup runtime tree"
"IGroup/Reports/ISP/ATM-Cash Income Summary Statement Per Month Post Final Summary Per Hour per Doctor without VAT.rpt","8ad5509bc857b494002df238ca68f0b35c4c1107","59904","Accounts/Reports/IGroup/Reports/ISP/ATM-Cash Income Summary Statement Per Month Post Final Summary Per Hour per Doctor without VAT.rpt","_Quarantine/CrystalReports_CrossRoot_2026-08-11/ExactDuplicates/IGroup/Reports/ISP/ATM-Cash Income Summary Statement Per Month Post Final Summary Per Hour per Doctor without VAT.rpt","Exact copy exists under the configured Accounts/Reports/IGroup runtime tree"
"IGroup/Reports/ISP/ATM-Cash Income Summary Statement Per Month Post Final Summary Per Hour per Doctor.rpt","d133f586be461dcc733635cad7ce30b48c00b179","57856","Accounts/Reports/IGroup/Reports/ISP/ATM-Cash Income Summary Statement Per Month Post Final Summary Per Hour per Doctor.rpt","_Quarantine/CrystalReports_CrossRoot_2026-08-11/ExactDuplicates/IGroup/Reports/ISP/ATM-Cash Income Summary Statement Per Month Post Final Summary Per Hour per Doctor.rpt","Exact copy exists under the configured Accounts/Reports/IGroup runtime tree"
"IGroup/Reports/ISP/ATM-Cash Income Summary Statement Per Month Post Final Summary Per Hour per Service.rpt","2a5ae35558896cc96457b2e6fea44f7f90ef58b8","57856","Accounts/Reports/IGroup/Reports/ISP/ATM-Cash Income Summary Statement Per Month Post Final Summary Per Hour per Service.rpt","_Quarantine/CrystalReports_CrossRoot_2026-08-11/ExactDuplicates/IGroup/Reports/ISP/ATM-Cash Income Summary Statement Per Month Post Final Summary Per Hour per Service.rpt","Exact copy exists under the configured Accounts/Reports/IGroup runtime tree"
"IGroup/Reports/ISP/ATM-Cash Income Summary Statement Per Month Post Final Summary Per Hour per Service2.rpt","7c296f603585ada9a2b67ccb4eb5064e988b103d","59904","Accounts/Reports/IGroup/Reports/ISP/ATM-Cash Income Summary Statement Per Month Post Final Summary Per Hour per Service2.rpt","_Quarantine/CrystalReports_CrossRoot_2026-08-11/ExactDuplicates/IGroup/Reports/ISP/ATM-Cash Income Summary Statement Per Month Post Final Summary Per Hour per Service2.rpt","Exact copy exists under the configured Accounts/Reports/IGroup runtime tree"
"IGroup/Reports/ISP/ATM-Cash Income Summary Statement Per Month Post Final Summary.rpt","54b93e242a890b5db34416c9a5c91481b1c476ad","60416","Accounts/Reports/IGroup/Reports/ISP/ATM-Cash Income Summary Statement Per Month Post Final Summary.rpt","_Quarantine/CrystalReports_CrossRoot_2026-08-11/ExactDuplicates/IGroup/Reports/ISP/ATM-Cash Income Summary Statement Per Month Post Final Summary.rpt","Exact copy exists under the configured Accounts/Reports/IGroup runtime tree"
"IGroup/Reports/ISP/ATM-Cash Summary Statement Per Month Post Final Summary 2.rpt","17641ba73dc98b730f10b6391290f3e9d7ba42a2","60416","Accounts/Reports/IGroup/Reports/ISP/ATM-Cash Summary Statement Per Month Post Final Summary 2.rpt","_Quarantine/CrystalReports_CrossRoot_2026-08-11/ExactDuplicates/IGroup/Reports/ISP/ATM-Cash Summary Statement Per Month Post Final Summary 2.rpt","Exact copy exists under the configured Accounts/Reports/IGroup runtime tree"
"IGroup/Reports/ISP/ATM-Cash Summary Statement Per Month Post Final Summary Without Pharmacy.rpt","74136a5d7f99dfdbcbabcc38dfba75460b78159e","58368","Accounts/Reports/IGroup/Reports/ISP/ATM-Cash Summary Statement Per Month Post Final Summary Without Pharmacy.rpt","_Quarantine/CrystalReports_CrossRoot_2026-08-11/ExactDuplicates/IGroup/Reports/ISP/ATM-Cash Summary Statement Per Month Post Final Summary Without Pharmacy.rpt","Exact copy exists under the configured Accounts/Reports/IGroup runtime tree"
"IGroup/Reports/ISP/ATM-Cash Summary Statement Per Month Post Final Summary.rpt","bc0d13fe7118924c6e4b3b83144db3b163be513e","58368","Accounts/Reports/IGroup/Reports/ISP/ATM-Cash Summary Statement Per Month Post Final Summary.rpt","_Quarantine/CrystalReports_CrossRoot_2026-08-11/ExactDuplicates/IGroup/Reports/ISP/ATM-Cash Summary Statement Per Month Post Final Summary.rpt","Exact copy exists under the configured Accounts/Reports/IGroup runtime tree"
"IGroup/Reports/ISP/ATM-CashIncomePerDepartmentPostSummary.rpt","3c4f4bd47f1c954a181465924b32a0ad615bbb88","52736","Accounts/Reports/IGroup/Reports/ISP/ATM-CashIncomePerDepartmentPostSummary.rpt","_Quarantine/CrystalReports_CrossRoot_2026-08-11/ExactDuplicates/IGroup/Reports/ISP/ATM-CashIncomePerDepartmentPostSummary.rpt","Exact copy exists under the configured Accounts/Reports/IGroup runtime tree"
"IGroup/Reports/ISP/ATM-CashIncomePostSummary.rpt","9b15aad1da0e68f215a7e87fbbf9b1dee90e7566","51712","Accounts/Reports/IGroup/Reports/ISP/ATM-CashIncomePostSummary.rpt","_Quarantine/CrystalReports_CrossRoot_2026-08-11/ExactDuplicates/IGroup/Reports/ISP/ATM-CashIncomePostSummary.rpt","Exact copy exists under the configured Accounts/Reports/IGroup runtime tree"
"IGroup/Reports/ISP/ATM-CashIncomePostSummaryClinic.rpt","b60729c2c3f210416ed893203f4c23d909e0d1e4","52224","Accounts/Reports/IGroup/Reports/ISP/ATM-CashIncomePostSummaryClinic.rpt","_Quarantine/CrystalReports_CrossRoot_2026-08-11/ExactDuplicates/IGroup/Reports/ISP/ATM-CashIncomePostSummaryClinic.rpt","Exact copy exists under the configured Accounts/Reports/IGroup runtime tree"
"IGroup/Reports/ISP/ATM-CashIncomePostSummaryPharmacy.rpt","566def92efb24e468be286c6f1d6ec1d2b5b3105","52224","Accounts/Reports/IGroup/Reports/ISP/ATM-CashIncomePostSummaryPharmacy.rpt","_Quarantine/CrystalReports_CrossRoot_2026-08-11/ExactDuplicates/IGroup/Reports/ISP/ATM-CashIncomePostSummaryPharmacy.rpt","Exact copy exists under the configured Accounts/Reports/IGroup runtime tree"
"IGroup/Reports/ISP/ATM-CashIncomePostSummaryPharmacyDetailed.rpt","ec7fd3d80aef65a97717a239ce2fdbc037daeef7","52224","Accounts/Reports/IGroup/Reports/ISP/ATM-CashIncomePostSummaryPharmacyDetailed.rpt","_Quarantine/CrystalReports_CrossRoot_2026-08-11/ExactDuplicates/IGroup/Reports/ISP/ATM-CashIncomePostSummaryPharmacyDetailed.rpt","Exact copy exists under the configured Accounts/Reports/IGroup runtime tree"
"IGroup/Reports/ISP/ATM-CashIncomeSummaryPerDayBasedOnInvDetails.rpt","8d4e5be33d2457404b42c8fec22d0120790e2f96","52736","Accounts/Reports/IGroup/Reports/ISP/ATM-CashIncomeSummaryPerDayBasedOnInvDetails.rpt","_Quarantine/CrystalReports_CrossRoot_2026-08-11/ExactDuplicates/IGroup/Reports/ISP/ATM-CashIncomeSummaryPerDayBasedOnInvDetails.rpt","Exact copy exists under the configured Accounts/Reports/IGroup runtime tree"
"IGroup/Reports/ISP/ATM-CashIncomeSummaryPerDoctorBasedOnInvDetails.rpt","bd4a611bac56a988bba5369f2485c6ba9eb5b569","51200","Accounts/Reports/IGroup/Reports/ISP/ATM-CashIncomeSummaryPerDoctorBasedOnInvDetails.rpt","_Quarantine/CrystalReports_CrossRoot_2026-08-11/ExactDuplicates/IGroup/Reports/ISP/ATM-CashIncomeSummaryPerDoctorBasedOnInvDetails.rpt","Exact copy exists under the configured Accounts/Reports/IGroup runtime tree"
"IGroup/Reports/ISP/ATM-CashIncomeSummaryPerDoctorBasedOnInvDetails_summary.rpt","a64eb034585a0ac741706ba50ac3b404cc30fc3b","51200","Accounts/Reports/IGroup/Reports/ISP/ATM-CashIncomeSummaryPerDoctorBasedOnInvDetails_summary.rpt","_Quarantine/CrystalReports_CrossRoot_2026-08-11/ExactDuplicates/IGroup/Reports/ISP/ATM-CashIncomeSummaryPerDoctorBasedOnInvDetails_summary.rpt","Exact copy exists under the configured Accounts/Reports/IGroup runtime tree"
"IGroup/Reports/ISP/ATM-CashIncomeSummaryPerDoctorBasedOnInvDetails_summaryPerService for a given period range..rpt","bea6dbff69e09d1bf5aad217af78bdd216715d71","59392","Accounts/Reports/IGroup/Reports/ISP/ATM-CashIncomeSummaryPerDoctorBasedOnInvDetails_summaryPerService for a given period range..rpt","_Quarantine/CrystalReports_CrossRoot_2026-08-11/ExactDuplicates/IGroup/Reports/ISP/ATM-CashIncomeSummaryPerDoctorBasedOnInvDetails_summaryPerService for a given period range..rpt","Exact copy exists under the configured Accounts/Reports/IGroup runtime tree"
"IGroup/Reports/ISP/ATM-CashIncomeSummaryPerDoctorBasedOnInvDetails_summaryPerService landscape mode.rpt","9a6589185cb4f2d4f8d7bfcad5dac15f050de8bd","52736","Accounts/Reports/IGroup/Reports/ISP/ATM-CashIncomeSummaryPerDoctorBasedOnInvDetails_summaryPerService landscape mode.rpt","_Quarantine/CrystalReports_CrossRoot_2026-08-11/ExactDuplicates/IGroup/Reports/ISP/ATM-CashIncomeSummaryPerDoctorBasedOnInvDetails_summaryPerService landscape mode.rpt","Exact copy exists under the configured Accounts/Reports/IGroup runtime tree"
"IGroup/Reports/ISP/ATM-CashIncomeSummaryPerDoctorBasedOnInvDetails_summaryPerService.rpt","c09f4023b0c010b7104244a9f64ab1b0c49fb9df","52736","Accounts/Reports/IGroup/Reports/ISP/ATM-CashIncomeSummaryPerDoctorBasedOnInvDetails_summaryPerService.rpt","_Quarantine/CrystalReports_CrossRoot_2026-08-11/ExactDuplicates/IGroup/Reports/ISP/ATM-CashIncomeSummaryPerDoctorBasedOnInvDetails_summaryPerService.rpt","Exact copy exists under the configured Accounts/Reports/IGroup runtime tree"
"IGroup/Reports/ISP/ATM-CashIncomeSummaryStatementPerDay.rpt","4048785ea83843c80e790f0d874dc2ba8a2a7464","50688","Accounts/Reports/IGroup/Reports/ISP/ATM-CashIncomeSummaryStatementPerDay.rpt","_Quarantine/CrystalReports_CrossRoot_2026-08-11/ExactDuplicates/IGroup/Reports/ISP/ATM-CashIncomeSummaryStatementPerDay.rpt","Exact copy exists under the configured Accounts/Reports/IGroup runtime tree"
"IGroup/Reports/ISP/ATM-CashIncomeSummaryStatementPerDayPerDoctor.rpt","39af43788c11ce1ba0253418f3257b9cbdede1d5","52736","Accounts/Reports/IGroup/Reports/ISP/ATM-CashIncomeSummaryStatementPerDayPerDoctor.rpt","_Quarantine/CrystalReports_CrossRoot_2026-08-11/ExactDuplicates/IGroup/Reports/ISP/ATM-CashIncomeSummaryStatementPerDayPerDoctor.rpt","Exact copy exists under the configured Accounts/Reports/IGroup runtime tree"
"IGroup/Reports/ISP/ATM-ClinicDailyReceptionUserWise111.rpt","8d849ace9ccc803278721c17e7893dd951237b97","51712","Accounts/Reports/IGroup/Reports/ClinicDailyReceptionUserWise111.rpt; Accounts/Reports/IGroup/Reports/ISP/ATM-ClinicDailyReceptionUserWise111.rpt; Accounts/Reports/IGroup/Reports/Report Backups/ClinicDailyReceptionUserWise111.rpt","_Quarantine/CrystalReports_CrossRoot_2026-08-11/ExactDuplicates/IGroup/Reports/ISP/ATM-ClinicDailyReceptionUserWise111.rpt","Exact copy exists under the configured Accounts/Reports/IGroup runtime tree"
"IGroup/Reports/ISP/ATM-ClinicDailyReceptionUserWise3.rpt","94c6292fcbea32fda99ad37401ebcf9ed7350c1e","54784","Accounts/Reports/IGroup/Reports/ClinicDailyReceptionUserWise3.rpt; Accounts/Reports/IGroup/Reports/ISP/ATM-ClinicDailyReceptionUserWise3.rpt; Accounts/Reports/IGroup/Reports/Report Backups/ClinicDailyReceptionUserWise3.rpt","_Quarantine/CrystalReports_CrossRoot_2026-08-11/ExactDuplicates/IGroup/Reports/ISP/ATM-ClinicDailyReceptionUserWise3.rpt","Exact copy exists under the configured Accounts/Reports/IGroup runtime tree"
"IGroup/Reports/ISP/ATM-ClinicDailyReceptionUserWiseNew.rpt","59f1fe625f2def1031bef1d906bcc5de3f0af9e3","51200","Accounts/Reports/IGroup/Reports/ISP/ATM-ClinicDailyReceptionUserWiseNew.rpt; Accounts/Reports/IGroup/Reports/Report Backups/ClinicDailyReceptionUserWiseNew.rpt","_Quarantine/CrystalReports_CrossRoot_2026-08-11/ExactDuplicates/IGroup/Reports/ISP/ATM-ClinicDailyReceptionUserWiseNew.rpt","Exact copy exists under the configured Accounts/Reports/IGroup runtime tree"
"IGroup/Reports/ISP/ATM-Company Summary Statement Per Month Post Final Summary Except Self Sale.rpt","5ad7cc114573c1830a9e3eaa5d5e5743dd4cf510","58880","Accounts/Reports/IGroup/Reports/ISP/ATM-Company Summary Statement Per Month Post Final Summary Except Self Sale.rpt","_Quarantine/CrystalReports_CrossRoot_2026-08-11/ExactDuplicates/IGroup/Reports/ISP/ATM-Company Summary Statement Per Month Post Final Summary Except Self Sale.rpt","Exact copy exists under the configured Accounts/Reports/IGroup runtime tree"
"IGroup/Reports/ISP/ATM-Company Summary Statement Per Month Post Final Summary.rpt","a8a596884ea863af9793a22e2582a16641443fa8","58368","Accounts/Reports/IGroup/Reports/ISP/ATM-Company Summary Statement Per Month Post Final Summary.rpt","_Quarantine/CrystalReports_CrossRoot_2026-08-11/ExactDuplicates/IGroup/Reports/ISP/ATM-Company Summary Statement Per Month Post Final Summary.rpt","Exact copy exists under the configured Accounts/Reports/IGroup runtime tree"
"IGroup/Reports/ISP/ATM-Company Summary Statement Per Month Post Summary.rpt","1856ce084086d67c825ead8097127188e5986eac","60928","Accounts/Reports/IGroup/Reports/ISP/ATM-Company Summary Statement Per Month Post Summary.rpt","_Quarantine/CrystalReports_CrossRoot_2026-08-11/ExactDuplicates/IGroup/Reports/ISP/ATM-Company Summary Statement Per Month Post Summary.rpt","Exact copy exists under the configured Accounts/Reports/IGroup runtime tree"
"IGroup/Reports/ISP/ATM-Company Summary StatementPer Month Post Summary.rpt","0edfc5be15080af3f75960379143d4a472991aa9","58880","Accounts/Reports/IGroup/Reports/ISP/ATM-Company Summary StatementPer Month Post Summary.rpt","_Quarantine/CrystalReports_CrossRoot_2026-08-11/ExactDuplicates/IGroup/Reports/ISP/ATM-Company Summary StatementPer Month Post Summary.rpt","Exact copy exists under the configured Accounts/Reports/IGroup runtime tree"
"IGroup/Reports/ISP/ATM-CompanySummaryStatement per Month.rpt","82f181f312fef5fdb50b372358bb2ff86501a6ed","55296","Accounts/Reports/IGroup/Reports/ISP/ATM-CompanySummaryStatement per Month.rpt","_Quarantine/CrystalReports_CrossRoot_2026-08-11/ExactDuplicates/IGroup/Reports/ISP/ATM-CompanySummaryStatement per Month.rpt","Exact copy exists under the configured Accounts/Reports/IGroup runtime tree"
"IGroup/Reports/ISP/ATM-CompanySummaryStatementPerMonthlyPostSummary Format 2.rpt","cea2fcf3e652d8e296184bd0cc8d28fc5ba69345","53248","Accounts/Reports/IGroup/Reports/ISP/ATM-CompanySummaryStatementPerMonthlyPostSummary Format 2.rpt","_Quarantine/CrystalReports_CrossRoot_2026-08-11/ExactDuplicates/IGroup/Reports/ISP/ATM-CompanySummaryStatementPerMonthlyPostSummary Format 2.rpt","Exact copy exists under the configured Accounts/Reports/IGroup runtime tree"
"IGroup/Reports/ISP/ATM-CompanySummaryStatementPerMonthlyPostSummary Format 2b.rpt","5a642e19231aa02db594fe8eaafc46d2c5a8f6d0","52224","Accounts/Reports/IGroup/Reports/ISP/ATM-CompanySummaryStatementPerMonthlyPostSummary Format 2b.rpt","_Quarantine/CrystalReports_CrossRoot_2026-08-11/ExactDuplicates/IGroup/Reports/ISP/ATM-CompanySummaryStatementPerMonthlyPostSummary Format 2b.rpt","Exact copy exists under the configured Accounts/Reports/IGroup runtime tree"
"IGroup/Reports/ISP/ATM-CompanySummaryStatementPerMonthlyPostSummary Format 2BA.rpt","aaa22de3f67217d887b490787092f45bef96321a","59392","Accounts/Reports/IGroup/Reports/ISP/ATM-CompanySummaryStatementPerMonthlyPostSummary Format 2BA.rpt","_Quarantine/CrystalReports_CrossRoot_2026-08-11/ExactDuplicates/IGroup/Reports/ISP/ATM-CompanySummaryStatementPerMonthlyPostSummary Format 2BA.rpt","Exact copy exists under the configured Accounts/Reports/IGroup runtime tree"
"IGroup/Reports/ISP/ATM-CompanySummaryStatementPerMonthlyPostSummary Summarized New per invoice.rpt","c2ceabe471929cfb9309f5f87b542127cf3b8191","58880","Accounts/Reports/IGroup/Reports/ISP/ATM-CompanySummaryStatementPerMonthlyPostSummary Summarized New per invoice.rpt","_Quarantine/CrystalReports_CrossRoot_2026-08-11/ExactDuplicates/IGroup/Reports/ISP/ATM-CompanySummaryStatementPerMonthlyPostSummary Summarized New per invoice.rpt","Exact copy exists under the configured Accounts/Reports/IGroup runtime tree"
"IGroup/Reports/ISP/ATM-CompanySummaryStatementPerMonthlyPostSummary Summarized New.rpt","2b40a584ae6a3847b1717335a587c9d0f2c40d08","58880","Accounts/Reports/IGroup/Reports/ISP/ATM-CompanySummaryStatementPerMonthlyPostSummary Summarized New.rpt","_Quarantine/CrystalReports_CrossRoot_2026-08-11/ExactDuplicates/IGroup/Reports/ISP/ATM-CompanySummaryStatementPerMonthlyPostSummary Summarized New.rpt","Exact copy exists under the configured Accounts/Reports/IGroup runtime tree"
"IGroup/Reports/ISP/ATM-CompanySummaryStatementPerMonthlyPostSummary Summarized per Invoice New.rpt","d3c334a1bfd39246133451ef965e65b1097ed11f","58368","Accounts/Reports/IGroup/Reports/ISP/ATM-CompanySummaryStatementPerMonthlyPostSummary Summarized per Invoice New.rpt","_Quarantine/CrystalReports_CrossRoot_2026-08-11/ExactDuplicates/IGroup/Reports/ISP/ATM-CompanySummaryStatementPerMonthlyPostSummary Summarized per Invoice New.rpt","Exact copy exists under the configured Accounts/Reports/IGroup runtime tree"
"IGroup/Reports/ISP/ATM-CompanySummaryStatementPerMonthlyPostSummary Summarized per Invoice.rpt","ba3a8097e7fbb6a4fc447aa5b4e826e04a76dc62","58880","Accounts/Reports/IGroup/Reports/ISP/ATM-CompanySummaryStatementPerMonthlyPostSummary Summarized per Invoice.rpt","_Quarantine/CrystalReports_CrossRoot_2026-08-11/ExactDuplicates/IGroup/Reports/ISP/ATM-CompanySummaryStatementPerMonthlyPostSummary Summarized per Invoice.rpt","Exact copy exists under the configured Accounts/Reports/IGroup runtime tree"
"IGroup/Reports/ISP/ATM-CompanySummaryStatementPerMonthlyPostSummary.rpt","eb215a0875a578ed2f818b553a07896de115c61d","54272","Accounts/Reports/IGroup/Reports/ISP/ATM-CompanySummaryStatementPerMonthlyPostSummary.rpt","_Quarantine/CrystalReports_CrossRoot_2026-08-11/ExactDuplicates/IGroup/Reports/ISP/ATM-CompanySummaryStatementPerMonthlyPostSummary.rpt","Exact copy exists under the configured Accounts/Reports/IGroup runtime tree"
"IGroup/Reports/ISP/ATM-CompanySummaryStatementPerMonthlyPostSummary2.rpt","72f706a0327e50b41ac74fe27df840604ca633b6","52224","Accounts/Reports/IGroup/Reports/ISP/ATM-CompanySummaryStatementPerMonthlyPostSummary2.rpt","_Quarantine/CrystalReports_CrossRoot_2026-08-11/ExactDuplicates/IGroup/Reports/ISP/ATM-CompanySummaryStatementPerMonthlyPostSummary2.rpt","Exact copy exists under the configured Accounts/Reports/IGroup runtime tree"
"IGroup/Reports/ISP/ATM-CompanySummaryStatementPerMonthlyPostSummaryByTransNo.rpt","d581acf57b8db72fbaffa2933a316e081953e5fa","52736","Accounts/Reports/IGroup/Reports/ISP/ATM-CompanySummaryStatementPerMonthlyPostSummaryByTransNo.rpt","_Quarantine/CrystalReports_CrossRoot_2026-08-11/ExactDuplicates/IGroup/Reports/ISP/ATM-CompanySummaryStatementPerMonthlyPostSummaryByTransNo.rpt","Exact copy exists under the configured Accounts/Reports/IGroup runtime tree"
"IGroup/Reports/ISP/ATM-CompanySummaryStatementPerMonthlyPostSummaryNew.rpt","6e14844439e722b985c31d82657b311d0a5d6c29","54272","Accounts/Reports/IGroup/Reports/ISP/ATM-CompanySummaryStatementPerMonthlyPostSummaryNew.rpt","_Quarantine/CrystalReports_CrossRoot_2026-08-11/ExactDuplicates/IGroup/Reports/ISP/ATM-CompanySummaryStatementPerMonthlyPostSummaryNew.rpt","Exact copy exists under the configured Accounts/Reports/IGroup runtime tree"
"IGroup/Reports/ISP/ATM-CompanySummaryStatementPerMonthSingleCompany(onNewTable).rpt","390f591fd5c41d18e41e1eb077034257d31924c6","54784","Accounts/Reports/IGroup/Reports/ISP/ATM-CompanySummaryStatementPerMonthSingleCompany(onNewTable).rpt","_Quarantine/CrystalReports_CrossRoot_2026-08-11/ExactDuplicates/IGroup/Reports/ISP/ATM-CompanySummaryStatementPerMonthSingleCompany(onNewTable).rpt","Exact copy exists under the configured Accounts/Reports/IGroup runtime tree"
"IGroup/Reports/ISP/ATM-CompanySummaryStatementPerMonthSingleCompany(onNewTable)Detailed.rpt","6b26eea869e2ec4b64d92541ad5f29de29a19e6a","55296","Accounts/Reports/IGroup/Reports/ISP/ATM-CompanySummaryStatementPerMonthSingleCompany(onNewTable)Detailed.rpt","_Quarantine/CrystalReports_CrossRoot_2026-08-11/ExactDuplicates/IGroup/Reports/ISP/ATM-CompanySummaryStatementPerMonthSingleCompany(onNewTable)Detailed.rpt","Exact copy exists under the configured Accounts/Reports/IGroup runtime tree"
"IGroup/Reports/ISP/ATM-CompanySummaryStatementPerMonthSingleCompany.rpt","eb97b7bce9b2bcbb88732533cd6476e8619ab122","55296","Accounts/Reports/IGroup/Reports/ISP/ATM-CompanySummaryStatementPerMonthSingleCompany.rpt","_Quarantine/CrystalReports_CrossRoot_2026-08-11/ExactDuplicates/IGroup/Reports/ISP/ATM-CompanySummaryStatementPerMonthSingleCompany.rpt","Exact copy exists under the configured Accounts/Reports/IGroup runtime tree"
"IGroup/Reports/ISP/ATM-Credit Income Summary per Company N Pharma.rpt","40996e8f008a9033e59ae6e79fba602faf8cf5dc","53248","Accounts/Reports/IGroup/Reports/ISP/ATM-Credit Income Summary per Company N Pharma.rpt","_Quarantine/CrystalReports_CrossRoot_2026-08-11/ExactDuplicates/IGroup/Reports/ISP/ATM-Credit Income Summary per Company N Pharma.rpt","Exact copy exists under the configured Accounts/Reports/IGroup runtime tree"
"IGroup/Reports/ISP/ATM-CreditIncomePostSummaryClinicNPharma.rpt","3a63eb0d15eef2c0d18ad81a97da126a5a1e976b","52224","Accounts/Reports/IGroup/Reports/ISP/ATM-CreditIncomePostSummaryClinicNPharma.rpt","_Quarantine/CrystalReports_CrossRoot_2026-08-11/ExactDuplicates/IGroup/Reports/ISP/ATM-CreditIncomePostSummaryClinicNPharma.rpt","Exact copy exists under the configured Accounts/Reports/IGroup runtime tree"
"IGroup/Reports/ISP/ATM-Pharmacy Summary Statement Per Month Post Final Summary.rpt","a71af2e6c900a1a854c7ff1423087172a3e7cf34","58368","Accounts/Reports/IGroup/Reports/ISP/ATM-Pharmacy Summary Statement Per Month Post Final Summary.rpt","_Quarantine/CrystalReports_CrossRoot_2026-08-11/ExactDuplicates/IGroup/Reports/ISP/ATM-Pharmacy Summary Statement Per Month Post Final Summary.rpt","Exact copy exists under the configured Accounts/Reports/IGroup runtime tree"
"IGroup/Reports/ISP/ATM-Summary Statement Per Month Post Final Summary.rpt","25286480533f0a1a6dcecff883cc52aed0312c6d","58368","Accounts/Reports/IGroup/Reports/ISP/ATM-Summary Statement Per Month Post Final Summary.rpt","_Quarantine/CrystalReports_CrossRoot_2026-08-11/ExactDuplicates/IGroup/Reports/ISP/ATM-Summary Statement Per Month Post Final Summary.rpt","Exact copy exists under the configured Accounts/Reports/IGroup runtime tree"
"IGroup/Reports/ISP/CashCompanySummaryStatementDetailed.rpt","7af07223f45363b92ec3bcfbeba11d442bfd77ea","51712","Accounts/Reports/IGroup/Reports/ISP/CashCompanySummaryStatementDetailed.rpt","_Quarantine/CrystalReports_CrossRoot_2026-08-11/ExactDuplicates/IGroup/Reports/ISP/CashCompanySummaryStatementDetailed.rpt","Exact copy exists under the configured Accounts/Reports/IGroup runtime tree"
"IGroup/Reports/ISP/CashCompanySummaryStatementDetailedEntered as Credit.rpt","da0eb7efe5a4333926e0336eee11d44b6bdb3cbc","52224","Accounts/Reports/IGroup/Reports/ISP/CashCompanySummaryStatementDetailedEntered as Credit.rpt","_Quarantine/CrystalReports_CrossRoot_2026-08-11/ExactDuplicates/IGroup/Reports/ISP/CashCompanySummaryStatementDetailedEntered as Credit.rpt","Exact copy exists under the configured Accounts/Reports/IGroup runtime tree"
"IGroup/Reports/ISP/Clinic Cash Income per Service per Doctor per Hour Period.rpt","a4487c4d5986aa2a0695889681ee9ac56d0de37d","51200","Accounts/Reports/IGroup/Reports/ISP/Clinic Cash Income per Service per Doctor per Hour Period.rpt","_Quarantine/CrystalReports_CrossRoot_2026-08-11/ExactDuplicates/IGroup/Reports/ISP/Clinic Cash Income per Service per Doctor per Hour Period.rpt","Exact copy exists under the configured Accounts/Reports/IGroup runtime tree"
"IGroup/Reports/ISP/Clinic Cash Income per Service per Doctor per Month.rpt","bbaa6cce85ac06a23677d815290118ad5e898392","53248","Accounts/Reports/IGroup/Reports/ISP/Clinic Cash Income per Service per Doctor per Month.rpt","_Quarantine/CrystalReports_CrossRoot_2026-08-11/ExactDuplicates/IGroup/Reports/ISP/Clinic Cash Income per Service per Doctor per Month.rpt","Exact copy exists under the configured Accounts/Reports/IGroup runtime tree"
"IGroup/Reports/ISP/Clinic Cash Income per Service per Doctor per Period Single Doctor per item.rpt","67efc2a3e5299b900a77a1bce9bdc8458e6d6f52","51200","Accounts/Reports/IGroup/Reports/ISP/Clinic Cash Income per Service per Doctor per Period Single Doctor per item.rpt","_Quarantine/CrystalReports_CrossRoot_2026-08-11/ExactDuplicates/IGroup/Reports/ISP/Clinic Cash Income per Service per Doctor per Period Single Doctor per item.rpt","Exact copy exists under the configured Accounts/Reports/IGroup runtime tree"
"IGroup/Reports/ISP/Clinic Cash Income per Service per Doctor per Period Single Doctor.rpt","fe3f29add6a56d1d14d7dd608edad4fc26bab520","52736","Accounts/Reports/IGroup/Reports/ISP/Clinic Cash Income per Service per Doctor per Period Single Doctor.rpt","_Quarantine/CrystalReports_CrossRoot_2026-08-11/ExactDuplicates/IGroup/Reports/ISP/Clinic Cash Income per Service per Doctor per Period Single Doctor.rpt","Exact copy exists under the configured Accounts/Reports/IGroup runtime tree"
"IGroup/Reports/ISP/Clinic Cash Income per Service per Doctor per Period.rpt","b21cfd32451da337950fe45268a96d885391ac8e","53248","Accounts/Reports/IGroup/Reports/ISP/Clinic Cash Income per Service per Doctor per Period.rpt","_Quarantine/CrystalReports_CrossRoot_2026-08-11/ExactDuplicates/IGroup/Reports/ISP/Clinic Cash Income per Service per Doctor per Period.rpt","Exact copy exists under the configured Accounts/Reports/IGroup runtime tree"
"IGroup/Reports/ISP/CompanySummaryStatement.rpt","5d9c96b57c4ca95524b5706091f657baed8e8ccd","51200","Accounts/Reports/IGroup/Reports/ISP/CompanySummaryStatement.rpt","_Quarantine/CrystalReports_CrossRoot_2026-08-11/ExactDuplicates/IGroup/Reports/ISP/CompanySummaryStatement.rpt","Exact copy exists under the configured Accounts/Reports/IGroup runtime tree"
"IGroup/Reports/ISP/Doctors Cash & Credit Income per Service per Month per given Doctor.rpt","e03c2a0d5300a4df93a7acb883404f8643415cab","98816","Accounts/Reports/IGroup/Reports/ISP/Doctors Cash & Credit Income per Service per Month per given Doctor.rpt","_Quarantine/CrystalReports_CrossRoot_2026-08-11/ExactDuplicates/IGroup/Reports/ISP/Doctors Cash & Credit Income per Service per Month per given Doctor.rpt","Exact copy exists under the configured Accounts/Reports/IGroup runtime tree"
"IGroup/Reports/ISP/Doctors Cash and Credit Income per Service per given Doctor.rpt","eb767f58fcfaabf4c5c11fe1a0d9081528047539","91136","Accounts/Reports/IGroup/Reports/ISP/Doctors Cash and Credit Income per Service per given Doctor.rpt","_Quarantine/CrystalReports_CrossRoot_2026-08-11/ExactDuplicates/IGroup/Reports/ISP/Doctors Cash and Credit Income per Service per given Doctor.rpt","Exact copy exists under the configured Accounts/Reports/IGroup runtime tree"
"IGroup/Reports/ISP/Doctors Cash Income per Service per Doctor per Month.rpt","7cb79bc5cfc9f77913dcaedaaf3f88746e36ca3e","51200","Accounts/Reports/IGroup/Reports/ISP/Doctors Cash Income per Service per Doctor per Month.rpt","_Quarantine/CrystalReports_CrossRoot_2026-08-11/ExactDuplicates/IGroup/Reports/ISP/Doctors Cash Income per Service per Doctor per Month.rpt","Exact copy exists under the configured Accounts/Reports/IGroup runtime tree"
"IGroup/Reports/ISP/Doctors Cash Income per Service per Doctor.rpt","6d19bf6d50d94df97cbfb4a85dc371480342fb95","51200","Accounts/Reports/IGroup/Reports/ISP/Doctors Cash Income per Service per Doctor.rpt","_Quarantine/CrystalReports_CrossRoot_2026-08-11/ExactDuplicates/IGroup/Reports/ISP/Doctors Cash Income per Service per Doctor.rpt","Exact copy exists under the configured Accounts/Reports/IGroup runtime tree"
"IGroup/Reports/ISP/Doctors Cash Income per Service per given Doctor.rpt","4867ede2e24a44f26890191e89b253afcd05ba44","89088","Accounts/Reports/IGroup/Reports/ISP/Doctors Cash Income per Service per given Doctor.rpt","_Quarantine/CrystalReports_CrossRoot_2026-08-11/ExactDuplicates/IGroup/Reports/ISP/Doctors Cash Income per Service per given Doctor.rpt","Exact copy exists under the configured Accounts/Reports/IGroup runtime tree"
"IGroup/Reports/ISP/Doctors Cash Income per Service per given Doctor2.rpt","dc015188643eebeb9dafaefa9112c3d4b915be4d","87552","Accounts/Reports/IGroup/Reports/ISP/Doctors Cash Income per Service per given Doctor2.rpt","_Quarantine/CrystalReports_CrossRoot_2026-08-11/ExactDuplicates/IGroup/Reports/ISP/Doctors Cash Income per Service per given Doctor2.rpt","Exact copy exists under the configured Accounts/Reports/IGroup runtime tree"
"IGroup/Reports/ISP/Doctors Cash Income per Service per Month per given Doctor.rpt","8ee71358ec269a6e7d6295991e93cb862459c12a","101376","Accounts/Reports/IGroup/Reports/ISP/Doctors Cash Income per Service per Month per given Doctor.rpt","_Quarantine/CrystalReports_CrossRoot_2026-08-11/ExactDuplicates/IGroup/Reports/ISP/Doctors Cash Income per Service per Month per given Doctor.rpt","Exact copy exists under the configured Accounts/Reports/IGroup runtime tree"
"IGroup/Reports/ISP/Doctors Cash Income per Service.rpt","bfc0c51315f1a60bc41f90ce7e16b1ef0f5b787a","89088","Accounts/Reports/IGroup/Reports/ISP/Doctors Cash Income per Service.rpt","_Quarantine/CrystalReports_CrossRoot_2026-08-11/ExactDuplicates/IGroup/Reports/ISP/Doctors Cash Income per Service.rpt","Exact copy exists under the configured Accounts/Reports/IGroup runtime tree"
"IGroup/Reports/ISP/Doctors Credit Income per Service per given Doctor.rpt","5308fa75c56de24b5c3439f1f35e72df3b5ff630","89088","Accounts/Reports/IGroup/Reports/ISP/Doctors Credit Income per Service per given Doctor.rpt","_Quarantine/CrystalReports_CrossRoot_2026-08-11/ExactDuplicates/IGroup/Reports/ISP/Doctors Credit Income per Service per given Doctor.rpt","Exact copy exists under the configured Accounts/Reports/IGroup runtime tree"
"IGroup/Reports/ISP/Doctors Credit Income per Service per given Doctor2.rpt","44dce09ce50b6048415402f796177a25f03f361c","89600","Accounts/Reports/IGroup/Reports/ISP/Doctors Credit Income per Service per given Doctor2.rpt","_Quarantine/CrystalReports_CrossRoot_2026-08-11/ExactDuplicates/IGroup/Reports/ISP/Doctors Credit Income per Service per given Doctor2.rpt","Exact copy exists under the configured Accounts/Reports/IGroup runtime tree"
"IGroup/Reports/ISP/Doctors Credit Income per Service per Month per given Doctor.rpt","f679b3e0df3790f85a16251472c1802354ae9f40","88576","Accounts/Reports/IGroup/Reports/ISP/Doctors Credit Income per Service per Month per given Doctor.rpt","_Quarantine/CrystalReports_CrossRoot_2026-08-11/ExactDuplicates/IGroup/Reports/ISP/Doctors Credit Income per Service per Month per given Doctor.rpt","Exact copy exists under the configured Accounts/Reports/IGroup runtime tree"
"IGroup/Reports/ISP/Doctors Credit Income per Service.rpt","2e81672264b62c6ceed91b1665d857a957a8066e","89088","Accounts/Reports/IGroup/Reports/ISP/Doctors Credit Income per Service.rpt","_Quarantine/CrystalReports_CrossRoot_2026-08-11/ExactDuplicates/IGroup/Reports/ISP/Doctors Credit Income per Service.rpt","Exact copy exists under the configured Accounts/Reports/IGroup runtime tree"
"IGroup/Reports/ISP/Doctors Income Per Service.rpt","16bac2f45d29832b72d4bb46b4d167c229be6161","60928","Accounts/Reports/IGroup/Reports/ISP/Doctors Income Per Service.rpt","_Quarantine/CrystalReports_CrossRoot_2026-08-11/ExactDuplicates/IGroup/Reports/ISP/Doctors Income Per Service.rpt","Exact copy exists under the configured Accounts/Reports/IGroup runtime tree"
"IGroup/Reports/ISP/ItemMovementReportPeriodic.rpt","fed2d2f4492de472cdc723b0566951fb60c60ea6","51712","Accounts/Reports/IGroup/Reports/ISP/ItemMovementReportPeriodic.rpt","_Quarantine/CrystalReports_CrossRoot_2026-08-11/ExactDuplicates/IGroup/Reports/ISP/ItemMovementReportPeriodic.rpt","Exact copy exists under the configured Accounts/Reports/IGroup runtime tree"
"IGroup/Reports/ISP/ItemMovementReportPeriodic1.rpt","c4d1e4e94d636af64d3a1db767e04ecdda80fb3d","54272","Accounts/Reports/IGroup/Reports/ISP/ItemMovementReportPeriodic1.rpt","_Quarantine/CrystalReports_CrossRoot_2026-08-11/ExactDuplicates/IGroup/Reports/ISP/ItemMovementReportPeriodic1.rpt","Exact copy exists under the configured Accounts/Reports/IGroup runtime tree"
"IGroup/Reports/ISP/ItemMovementReportPeriodic2.rpt","16db0f026789d02aeca6bbf970052b5951a2d375","53248","Accounts/Reports/IGroup/Reports/ISP/ItemMovementReportPeriodic2.rpt","_Quarantine/CrystalReports_CrossRoot_2026-08-11/ExactDuplicates/IGroup/Reports/ISP/ItemMovementReportPeriodic2.rpt","Exact copy exists under the configured Accounts/Reports/IGroup runtime tree"
"IGroup/Reports/ISP/ItemMovementReportPeriodicNew.rpt","e68193d32103a52f09f55f6091a42d61820137a4","51200","Accounts/Reports/IGroup/Reports/ISP/ItemMovementReportPeriodicNew.rpt","_Quarantine/CrystalReports_CrossRoot_2026-08-11/ExactDuplicates/IGroup/Reports/ISP/ItemMovementReportPeriodicNew.rpt","Exact copy exists under the configured Accounts/Reports/IGroup runtime tree"
"IGroup/Reports/ISP/National Day Services for a given period  Items (itemized).rpt","9ca75fc3e610af64e9859ef5067966350f89af20","59392","Accounts/Reports/IGroup/Reports/ISP/National Day Services for a given period  Items (itemized).rpt","_Quarantine/CrystalReports_CrossRoot_2026-08-11/ExactDuplicates/IGroup/Reports/ISP/National Day Services for a given period  Items (itemized).rpt","Exact copy exists under the configured Accounts/Reports/IGroup runtime tree"
"IGroup/Reports/ISP/No of Diagnostic Test services per Month.rpt","added601aab2ee70bc784c174e0e83f88f8fcd2e","52736","Accounts/Reports/IGroup/Reports/ISP/No of Diagnostic Test services per Month.rpt","_Quarantine/CrystalReports_CrossRoot_2026-08-11/ExactDuplicates/IGroup/Reports/ISP/No of Diagnostic Test services per Month.rpt","Exact copy exists under the configured Accounts/Reports/IGroup runtime tree"
"IGroup/Reports/ISP/No of services per Day.rpt","dac70e0d6ed7025ce10020b217daf3dfee0c012a","51200","Accounts/Reports/IGroup/Reports/ISP/No of services per Day.rpt","_Quarantine/CrystalReports_CrossRoot_2026-08-11/ExactDuplicates/IGroup/Reports/ISP/No of services per Day.rpt","Exact copy exists under the configured Accounts/Reports/IGroup runtime tree"
"IGroup/Reports/ISP/No of services per Day1.rpt","5b57562f24350509ca544aefa50e9be7bedffefa","52224","Accounts/Reports/IGroup/Reports/ISP/No of services per Day1.rpt","_Quarantine/CrystalReports_CrossRoot_2026-08-11/ExactDuplicates/IGroup/Reports/ISP/No of services per Day1.rpt","Exact copy exists under the configured Accounts/Reports/IGroup runtime tree"
"IGroup/Reports/ISP/No of services per Day2.rpt","d96258f1babee42c67322ecb6494016ccbf5576b","52224","Accounts/Reports/IGroup/Reports/ISP/No of services per Day2.rpt","_Quarantine/CrystalReports_CrossRoot_2026-08-11/ExactDuplicates/IGroup/Reports/ISP/No of services per Day2.rpt","Exact copy exists under the configured Accounts/Reports/IGroup runtime tree"
"IGroup/Reports/ISP/No of services per month Diagnostic Services.rpt","862c265fec976160e7d56b5cfca81664286b02a6","52736","Accounts/Reports/IGroup/Reports/ISP/No of services per month Diagnostic Services.rpt","_Quarantine/CrystalReports_CrossRoot_2026-08-11/ExactDuplicates/IGroup/Reports/ISP/No of services per month Diagnostic Services.rpt","Exact copy exists under the configured Accounts/Reports/IGroup runtime tree"
"IGroup/Reports/ISP/No. of Patients per clinic Single Doctor.rpt","2635cf72b8fe99edf7544fecd5543964bd7ed7d1","218112","Accounts/Reports/IGroup/Reports/ISP/No. of Patients per clinic Single Doctor.rpt","_Quarantine/CrystalReports_CrossRoot_2026-08-11/ExactDuplicates/IGroup/Reports/ISP/No. of Patients per clinic Single Doctor.rpt","Exact copy exists under the configured Accounts/Reports/IGroup runtime tree"
"IGroup/Reports/ISP/No. of Patients per doctor per day.rpt","0084cf1643c5e74d471ae8f260d4f52cf7fcd439","79872","Accounts/Reports/IGroup/Reports/ISP/No. of Patients per doctor per day.rpt","_Quarantine/CrystalReports_CrossRoot_2026-08-11/ExactDuplicates/IGroup/Reports/ISP/No. of Patients per doctor per day.rpt","Exact copy exists under the configured Accounts/Reports/IGroup runtime tree"
"IGroup/Reports/ISP/Payroll Report Per Month Per Employee.rpt","01791bddca9bd1ea519d691e5dc084f376e241ad","95744","Accounts/Reports/IGroup/Reports/ISP/Payroll Report Per Month Per Employee.rpt","_Quarantine/CrystalReports_CrossRoot_2026-08-11/ExactDuplicates/IGroup/Reports/ISP/Payroll Report Per Month Per Employee.rpt","Exact copy exists under the configured Accounts/Reports/IGroup runtime tree"
"IGroup/Reports/ISP/PurchaseOrderAnalysis.rpt","6cec18205f1c93263d4fdd72d07c5638681cb723","17408","Accounts/Reports/IGroup/Reports/ISP/PurchaseOrderAnalysis.rpt","_Quarantine/CrystalReports_CrossRoot_2026-08-11/ExactDuplicates/IGroup/Reports/ISP/PurchaseOrderAnalysis.rpt","Exact copy exists under the configured Accounts/Reports/IGroup runtime tree"
"IGroup/Reports/ISP/Report1.rpt","5dd559d9c6189a0767d86dc46598d49193e6a82f","48128","Accounts/Reports/IGroup/Reports/ISP/Report1.rpt","_Quarantine/CrystalReports_CrossRoot_2026-08-11/ExactDuplicates/IGroup/Reports/ISP/Report1.rpt","Exact copy exists under the configured Accounts/Reports/IGroup runtime tree"
"IGroup/Reports/ISP/Statement of Employee Payroll.rpt","56a667740a3e274e633c3b7196a8b86e90697e70","88064","Accounts/Reports/IGroup/Reports/ISP/Statement of Employee Payroll.rpt","_Quarantine/CrystalReports_CrossRoot_2026-08-11/ExactDuplicates/IGroup/Reports/ISP/Statement of Employee Payroll.rpt","Exact copy exists under the configured Accounts/Reports/IGroup runtime tree"
"IGroup/Reports/ISP/temp.rpt","299455b4adaf9b90aa9038551cfe00e809cb0443","60416","Accounts/Reports/IGroup/Reports/ISP/temp.rpt","_Quarantine/CrystalReports_CrossRoot_2026-08-11/ExactDuplicates/IGroup/Reports/ISP/temp.rpt","Exact copy exists under the configured Accounts/Reports/IGroup runtime tree"
"IGroup/Reports/ISP/VatAdjustedDailyInvoices.rpt","8ee00f12fcbbe228a3466d2feb851afbf5d0c643","56832","Accounts/Reports/IGroup/Reports/ISP/VatAdjustedDailyInvoices.rpt","_Quarantine/CrystalReports_CrossRoot_2026-08-11/ExactDuplicates/IGroup/Reports/ISP/VatAdjustedDailyInvoices.rpt","Exact copy exists under the configured Accounts/Reports/IGroup runtime tree"
"IGroup/Reports/ISP/VatAdjustedDailyInvoicesFinal.rpt","5ecfc5a3c3c6bc582d1344fd09eef06c8e78255d","52224","Accounts/Reports/IGroup/Reports/ISP/VatAdjustedDailyInvoicesFinal.rpt","_Quarantine/CrystalReports_CrossRoot_2026-08-11/ExactDuplicates/IGroup/Reports/ISP/VatAdjustedDailyInvoicesFinal.rpt","Exact copy exists under the configured Accounts/Reports/IGroup runtime tree"
"IGroup/Reports/ISP/VatAdjustedDailyInvoicesNew.rpt","d2d754aca9ae2fdc5d9aa686cf02204ac93130d2","55808","Accounts/Reports/IGroup/Reports/ISP/VatAdjustedDailyInvoicesNew.rpt","_Quarantine/CrystalReports_CrossRoot_2026-08-11/ExactDuplicates/IGroup/Reports/ISP/VatAdjustedDailyInvoicesNew.rpt","Exact copy exists under the configured Accounts/Reports/IGroup runtime tree"
"IGroup/Reports/ISP/VatAdjustedDailyInvoicesNew2.rpt","2bed26ade6b0477ed19c6ca78961352bcce3136c","57856","Accounts/Reports/IGroup/Reports/ISP/VatAdjustedDailyInvoicesNew2.rpt","_Quarantine/CrystalReports_CrossRoot_2026-08-11/ExactDuplicates/IGroup/Reports/ISP/VatAdjustedDailyInvoicesNew2.rpt","Exact copy exists under the configured Accounts/Reports/IGroup runtime tree"
"IGroup/Reports/ISP/VatAdjustedDailyInvoicesNew3.rpt","8f54289975ab55261c0a9553d7aac4edb7ac691d","55808","Accounts/Reports/IGroup/Reports/ISP/VatAdjustedDailyInvoicesNew3.rpt","_Quarantine/CrystalReports_CrossRoot_2026-08-11/ExactDuplicates/IGroup/Reports/ISP/VatAdjustedDailyInvoicesNew3.rpt","Exact copy exists under the configured Accounts/Reports/IGroup runtime tree"
"IGroup/Reports/ISP/VatAdjustedInvoices.rpt","61a45adb79a6aac6fdf80e5c72365c8b2faa0fad","53760","Accounts/Reports/IGroup/Reports/ISP/VatAdjustedInvoices.rpt","_Quarantine/CrystalReports_CrossRoot_2026-08-11/ExactDuplicates/IGroup/Reports/ISP/VatAdjustedInvoices.rpt","Exact copy exists under the configured Accounts/Reports/IGroup runtime tree"
"IGroup/Reports/ISP/VatAdjustedInvoices4thQuarter.rpt","720254670443cdc2a9058c0f8c28451ac0c81dba","53248","Accounts/Reports/IGroup/Reports/ISP/VatAdjustedInvoices4thQuarter.rpt","_Quarantine/CrystalReports_CrossRoot_2026-08-11/ExactDuplicates/IGroup/Reports/ISP/VatAdjustedInvoices4thQuarter.rpt","Exact copy exists under the configured Accounts/Reports/IGroup runtime tree"
"IGroup/Reports/ISP/VatAdjustedInvoicesNew.rpt","e352f2eeb5d557bdc8dafa789cb45ec9fedb30cb","53760","Accounts/Reports/IGroup/Reports/ISP/VatAdjustedInvoicesNew.rpt","_Quarantine/CrystalReports_CrossRoot_2026-08-11/ExactDuplicates/IGroup/Reports/ISP/VatAdjustedInvoicesNew.rpt","Exact copy exists under the configured Accounts/Reports/IGroup runtime tree"
"IGroup/Reports/ISP/VatAdjustedInvoicesVatSubmission.rpt","d495e19d0a971c36623c9414709508179cabd9a6","53760","Accounts/Reports/IGroup/Reports/ISP/VatAdjustedInvoicesVatSubmission.rpt","_Quarantine/CrystalReports_CrossRoot_2026-08-11/ExactDuplicates/IGroup/Reports/ISP/VatAdjustedInvoicesVatSubmission.rpt","Exact copy exists under the configured Accounts/Reports/IGroup runtime tree"
"IGroup/Reports/ISP/VatAdjustedInvoicesVatSubmission2.rpt","6aba65401f46d375f8c7f289950a04cf837c6655","51712","Accounts/Reports/IGroup/Reports/ISP/VatAdjustedInvoicesVatSubmission2.rpt","_Quarantine/CrystalReports_CrossRoot_2026-08-11/ExactDuplicates/IGroup/Reports/ISP/VatAdjustedInvoicesVatSubmission2.rpt","Exact copy exists under the configured Accounts/Reports/IGroup runtime tree"
"IGroup/Reports/ISP/VatPurchases4thQuarter.rpt","a5317703fae8355f79912343602a0289b8d90eea","48640","Accounts/Reports/IGroup/Reports/ISP/VatPurchases4thQuarter.rpt","_Quarantine/CrystalReports_CrossRoot_2026-08-11/ExactDuplicates/IGroup/Reports/ISP/VatPurchases4thQuarter.rpt","Exact copy exists under the configured Accounts/Reports/IGroup runtime tree"
"IGroup/Reports/ISP/Warehouse Summary Usage.rpt","8cb1e6806f779edc9f782ef6eb0290cac5848c3b","53248","Accounts/Reports/IGroup/Reports/ISP/Warehouse Summary Usage.rpt","_Quarantine/CrystalReports_CrossRoot_2026-08-11/ExactDuplicates/IGroup/Reports/ISP/Warehouse Summary Usage.rpt","Exact copy exists under the configured Accounts/Reports/IGroup runtime tree"
"IGroup/Reports/ItemMovementReport.rpt","3ddaf206ec791edbefac13458c55b023ec7e3ba3","15872","Accounts/Reports/IGroup/Reports/ItemMovementReport.rpt; Accounts/Reports/IGroup/Reports/Report Backups/ItemMovementReport.rpt","_Quarantine/CrystalReports_CrossRoot_2026-08-11/ExactDuplicates/IGroup/Reports/ItemMovementReport.rpt","Exact copy exists under the configured Accounts/Reports/IGroup runtime tree"
"IGroup/Reports/ItemMovementReportFromOS.rpt","6c7cc393be303777e84bd2572bc4bfac1d79817d","50688","Accounts/Reports/IGroup/Reports/ItemMovementReportFromOS.rpt","_Quarantine/CrystalReports_CrossRoot_2026-08-11/ExactDuplicates/IGroup/Reports/ItemMovementReportFromOS.rpt","Exact copy exists under the configured Accounts/Reports/IGroup runtime tree"
"IGroup/Reports/ItemMovementReportPeriodic.rpt","cde5ae5dbda06b9a9e46ce777433ef22b2253533","51712","Accounts/Reports/IGroup/Reports/ItemMovementReportPeriodic.rpt","_Quarantine/CrystalReports_CrossRoot_2026-08-11/ExactDuplicates/IGroup/Reports/ItemMovementReportPeriodic.rpt","Exact copy exists under the configured Accounts/Reports/IGroup runtime tree"
"IGroup/Reports/ItemMovementReportPeriodicOrig.rpt","69a483009ccb90e3a4f398d372e8747497d9c341","52736","Accounts/Reports/IGroup/Reports/ItemMovementReportPeriodicOrig.rpt","_Quarantine/CrystalReports_CrossRoot_2026-08-11/ExactDuplicates/IGroup/Reports/ItemMovementReportPeriodicOrig.rpt","Exact copy exists under the configured Accounts/Reports/IGroup runtime tree"
"IGroup/Reports/ItemPriceList.rpt","3f592b37f1a80aee19c19cd6d352c9891505ef2f","1161728","Accounts/Reports/IGroup/Reports/ItemPriceList.rpt; Accounts/Reports/IGroup/Reports/Report Backups/ItemPriceList.rpt","_Quarantine/CrystalReports_CrossRoot_2026-08-11/ExactDuplicates/IGroup/Reports/ItemPriceList.rpt","Exact copy exists under the configured Accounts/Reports/IGroup runtime tree"
"IGroup/Reports/ItemWisePurchaseHistory.rpt","9b2631d46b8356320b08f8387e4747fd441b0ec5","49664","Accounts/Reports/IGroup/Reports/ItemWisePurchaseHistory.rpt","_Quarantine/CrystalReports_CrossRoot_2026-08-11/ExactDuplicates/IGroup/Reports/ItemWisePurchaseHistory.rpt","Exact copy exists under the configured Accounts/Reports/IGroup runtime tree"
"IGroup/Reports/Lab Summary Report by Invoice (Friday Only).rpt","db0144a7868fe2f1ef718f9a90036669df0615a0","57344","Accounts/Reports/IGroup/Reports/Lab Summary Report by Invoice (Friday Only).rpt","_Quarantine/CrystalReports_CrossRoot_2026-08-11/ExactDuplicates/IGroup/Reports/Lab Summary Report by Invoice (Friday Only).rpt","Exact copy exists under the configured Accounts/Reports/IGroup runtime tree"
"IGroup/Reports/Lab Summary Report by Invoice Summary per Month.rpt","d732960f57fad3217a767a527dccb081b5f8babf","179712","Accounts/Reports/IGroup/Reports/Lab Summary Report by Invoice Summary per Month.rpt","_Quarantine/CrystalReports_CrossRoot_2026-08-11/ExactDuplicates/IGroup/Reports/Lab Summary Report by Invoice Summary per Month.rpt","Exact copy exists under the configured Accounts/Reports/IGroup runtime tree"
"IGroup/Reports/Lab Summary Report by Invoice with amount (Friday Only).rpt","6e4f90ee8957731568caec88e444edf1e708bf68","57344","Accounts/Reports/IGroup/Reports/Lab Summary Report by Invoice with amount (Friday Only).rpt","_Quarantine/CrystalReports_CrossRoot_2026-08-11/ExactDuplicates/IGroup/Reports/Lab Summary Report by Invoice with amount (Friday Only).rpt","Exact copy exists under the configured Accounts/Reports/IGroup runtime tree"
"IGroup/Reports/Lab Summary Report by Lab Test (Friday Only).rpt","d23e846e37e27951cd90f8a341484786232a48ed","57856","Accounts/Reports/IGroup/Reports/Lab Summary Report by Lab Test (Friday Only).rpt","_Quarantine/CrystalReports_CrossRoot_2026-08-11/ExactDuplicates/IGroup/Reports/Lab Summary Report by Lab Test (Friday Only).rpt","Exact copy exists under the configured Accounts/Reports/IGroup runtime tree"
"IGroup/Reports/Lab Summary Report by Lab Tests (Friday Only).rpt","2506fa9e1e0ae9f26658e098ce39f79f3bb77cc1","55808","Accounts/Reports/IGroup/Reports/Lab Summary Report by Lab Tests (Friday Only).rpt","_Quarantine/CrystalReports_CrossRoot_2026-08-11/ExactDuplicates/IGroup/Reports/Lab Summary Report by Lab Tests (Friday Only).rpt","Exact copy exists under the configured Accounts/Reports/IGroup runtime tree"
"IGroup/Reports/Lab Summary Report.rpt","1d7a31ee9b39b6fef6bbcee0a152d573fe1ee4ee","56320","Accounts/Reports/IGroup/Reports/Lab Summary Report.rpt","_Quarantine/CrystalReports_CrossRoot_2026-08-11/ExactDuplicates/IGroup/Reports/Lab Summary Report.rpt","Exact copy exists under the configured Accounts/Reports/IGroup runtime tree"
"IGroup/Reports/LabInvp001.rpt","ae1534be523360633ebd5cdad8ef0474519b86e5","57856","Accounts/Reports/IGroup/Reports/LabInvp001.rpt","_Quarantine/CrystalReports_CrossRoot_2026-08-11/ExactDuplicates/IGroup/Reports/LabInvp001.rpt","Exact copy exists under the configured Accounts/Reports/IGroup runtime tree"
"IGroup/Reports/Laboratory Tests Done for a given Period per nationality.rpt","4a4b921a5358cfd9e69c572dbf5476584bc9db79","206848","Accounts/Reports/IGroup/Reports/Laboratory Tests Done for a given Period per nationality.rpt","_Quarantine/CrystalReports_CrossRoot_2026-08-11/ExactDuplicates/IGroup/Reports/Laboratory Tests Done for a given Period per nationality.rpt","Exact copy exists under the configured Accounts/Reports/IGroup runtime tree"
"IGroup/Reports/Laboratory Tests Done for a given Period per Unknown Nationality.rpt","f2908ed47b39b2ad97f171f5b5bef8353689baf5","76288","Accounts/Reports/IGroup/Reports/Laboratory Tests Done for a given Period per Unknown Nationality.rpt","_Quarantine/CrystalReports_CrossRoot_2026-08-11/ExactDuplicates/IGroup/Reports/Laboratory Tests Done for a given Period per Unknown Nationality.rpt","Exact copy exists under the configured Accounts/Reports/IGroup runtime tree"
"IGroup/Reports/LabPlain.rpt","80b3329559cb6814884425c1a4e385c666568a89","55808","Accounts/Reports/IGroup/Reports/LabPlain.rpt","_Quarantine/CrystalReports_CrossRoot_2026-08-11/ExactDuplicates/IGroup/Reports/LabPlain.rpt","Exact copy exists under the configured Accounts/Reports/IGroup runtime tree"
"IGroup/Reports/ListofDailyPatients.rpt","e7e332a6c7f063ef9f0f950d32f53ca1bd85c7d4","48640","Accounts/Reports/IGroup/Reports/ListofDailyPatients.rpt","_Quarantine/CrystalReports_CrossRoot_2026-08-11/ExactDuplicates/IGroup/Reports/ListofDailyPatients.rpt","Exact copy exists under the configured Accounts/Reports/IGroup runtime tree"
"IGroup/Reports/ListofDailyPatients2.rpt","1487d7e414c8591ef4c92ecdb1a019fec3367e9e","50176","Accounts/Reports/IGroup/Reports/ListofDailyPatients2.rpt","_Quarantine/CrystalReports_CrossRoot_2026-08-11/ExactDuplicates/IGroup/Reports/ListofDailyPatients2.rpt","Exact copy exists under the configured Accounts/Reports/IGroup runtime tree"
"IGroup/Reports/ListofDailyPatientsNewFormat.rpt","e83daa42ee1b2fc597caa32c7d3a378c0bc2d3cd","50688","Accounts/Reports/IGroup/Reports/ListofDailyPatientsNewFormat.rpt","_Quarantine/CrystalReports_CrossRoot_2026-08-11/ExactDuplicates/IGroup/Reports/ListofDailyPatientsNewFormat.rpt","Exact copy exists under the configured Accounts/Reports/IGroup runtime tree"
"IGroup/Reports/ListofDailyPatientsNewFormat2.rpt","1e7ebc799d70ea85577585315e6a409626dccf9f","48640","Accounts/Reports/IGroup/Reports/ListofDailyPatientsNewFormat2.rpt","_Quarantine/CrystalReports_CrossRoot_2026-08-11/ExactDuplicates/IGroup/Reports/ListofDailyPatientsNewFormat2.rpt","Exact copy exists under the configured Accounts/Reports/IGroup runtime tree"
"IGroup/Reports/ListofDailyPatientsOrig2.rpt","4181a8917b987b1c52a98d00d7d313e59d679352","48640","Accounts/Reports/IGroup/Reports/ListofDailyPatientsOrig2.rpt","_Quarantine/CrystalReports_CrossRoot_2026-08-11/ExactDuplicates/IGroup/Reports/ListofDailyPatientsOrig2.rpt","Exact copy exists under the configured Accounts/Reports/IGroup runtime tree"
"IGroup/Reports/ListofDailyPatientsPerDoctor.rpt","34d72a0058d79d5896ebc53bad59e33a723edca2","51712","Accounts/Reports/IGroup/Reports/ListofDailyPatientsPerDoctor.rpt","_Quarantine/CrystalReports_CrossRoot_2026-08-11/ExactDuplicates/IGroup/Reports/ListofDailyPatientsPerDoctor.rpt","Exact copy exists under the configured Accounts/Reports/IGroup runtime tree"
"IGroup/Reports/ListofMonthlyPatients.rpt","f7d6fb7d0315ea0ea3f1d09666ba9f10b0c3e32b","48128","Accounts/Reports/IGroup/Reports/ListofMonthlyPatients.rpt","_Quarantine/CrystalReports_CrossRoot_2026-08-11/ExactDuplicates/IGroup/Reports/ListofMonthlyPatients.rpt","Exact copy exists under the configured Accounts/Reports/IGroup runtime tree"
"IGroup/Reports/MedicalServicePriceList.rpt","a12e211b7b5dd44a78a8ea4ad6ccb92d15b65232","119296","Accounts/Reports/IGroup/Reports/MedicalServicePriceList.rpt; Accounts/Reports/IGroup/Reports/Report Backups/MedicalServicePriceList.rpt","_Quarantine/CrystalReports_CrossRoot_2026-08-11/ExactDuplicates/IGroup/Reports/MedicalServicePriceList.rpt","Exact copy exists under the configured Accounts/Reports/IGroup runtime tree"
"IGroup/Reports/MedicalServicePriceListCash.rpt","e4bcbf426235515d60d0363621544df8414b920c","48640","Accounts/Reports/IGroup/Reports/MedicalServicePriceListCash.rpt","_Quarantine/CrystalReports_CrossRoot_2026-08-11/ExactDuplicates/IGroup/Reports/MedicalServicePriceListCash.rpt","Exact copy exists under the configured Accounts/Reports/IGroup runtime tree"
"IGroup/Reports/MedicalServicePriceListCredit.rpt","d3cd599d884e5cfb446ff56063034cd01a43184a","118784","Accounts/Reports/IGroup/Reports/MedicalServicePriceListCredit.rpt; Accounts/Reports/IGroup/Reports/Report Backups/MedicalServicePriceListCredit.rpt","_Quarantine/CrystalReports_CrossRoot_2026-08-11/ExactDuplicates/IGroup/Reports/MedicalServicePriceListCredit.rpt","Exact copy exists under the configured Accounts/Reports/IGroup runtime tree"
"IGroup/Reports/Mine/ClinicBillPrint.rpt","bcc8be23da80b56b705d3b453ac184f4647160b0","14848","Accounts/Reports/IGroup/Reports/ClinicBillPrint4.rpt; Accounts/Reports/IGroup/Reports/Mine/ClinicBillPrint.rpt","_Quarantine/CrystalReports_CrossRoot_2026-08-11/ExactDuplicates/IGroup/Reports/Mine/ClinicBillPrint.rpt","Exact copy exists under the configured Accounts/Reports/IGroup runtime tree"
"IGroup/Reports/Mine/ClinicBillPrint1.rpt","11b23defe0932a34bae764412a29fa10c079ec5f","14848","Accounts/Reports/IGroup/Reports/Mine/ClinicBillPrint1.rpt","_Quarantine/CrystalReports_CrossRoot_2026-08-11/ExactDuplicates/IGroup/Reports/Mine/ClinicBillPrint1.rpt","Exact copy exists under the configured Accounts/Reports/IGroup runtime tree"
"IGroup/Reports/Mine/ClinicDailyReceptionDoctorWise.rpt","e65a7cf009ca7be8ee9f105f15875477c1ccc8fb","51200","Accounts/Reports/IGroup/Reports/ClinicDailyReceptionDoctorWise.rpt; Accounts/Reports/IGroup/Reports/Mine/ClinicDailyReceptionDoctorWise.rpt; Accounts/Reports/IGroup/Reports/Report Backups/ClinicDailyReceptionDoctorWise.rpt","_Quarantine/CrystalReports_CrossRoot_2026-08-11/ExactDuplicates/IGroup/Reports/Mine/ClinicDailyReceptionDoctorWise.rpt","Exact copy exists under the configured Accounts/Reports/IGroup runtime tree"
"IGroup/Reports/Mine/ClinicDailyReceptionInvoice.rpt","9e0924b38854b50ad7fdd81d4b8881bdd3d4e230","54784","Accounts/Reports/IGroup/Reports/Mine/ClinicDailyReceptionInvoice.rpt","_Quarantine/CrystalReports_CrossRoot_2026-08-11/ExactDuplicates/IGroup/Reports/Mine/ClinicDailyReceptionInvoice.rpt","Exact copy exists under the configured Accounts/Reports/IGroup runtime tree"
"IGroup/Reports/Mine/ClinicDailyReceptionInvoiceER.rpt","da86a1f43e0079c320372acacba8b4627a7cd2b0","54272","Accounts/Reports/IGroup/Reports/Mine/ClinicDailyReceptionInvoiceER.rpt","_Quarantine/CrystalReports_CrossRoot_2026-08-11/ExactDuplicates/IGroup/Reports/Mine/ClinicDailyReceptionInvoiceER.rpt","Exact copy exists under the configured Accounts/Reports/IGroup runtime tree"
"IGroup/Reports/Mine/ClinicDailyReceptionInvoiceMine.rpt","2d090b9e890f4c822ae42cf2988ca18f952d33b8","54272","Accounts/Reports/IGroup/Reports/Mine/ClinicDailyReceptionInvoiceMine.rpt","_Quarantine/CrystalReports_CrossRoot_2026-08-11/ExactDuplicates/IGroup/Reports/Mine/ClinicDailyReceptionInvoiceMine.rpt","Exact copy exists under the configured Accounts/Reports/IGroup runtime tree"
"IGroup/Reports/Mine/ClinicDailyReceptionInvoicePerDate.rpt","5ff1b20c686728d641799ceac848a108abe62bb8","53760","Accounts/Reports/IGroup/Reports/Mine/ClinicDailyReceptionInvoicePerDate.rpt; Accounts/Reports/IGroup/Reports/Orig/ClinicDailyReceptionInvoicePerDay.rpt","_Quarantine/CrystalReports_CrossRoot_2026-08-11/ExactDuplicates/IGroup/Reports/Mine/ClinicDailyReceptionInvoicePerDate.rpt","Exact copy exists under the configured Accounts/Reports/IGroup runtime tree"
"IGroup/Reports/Mine/ClinicDailyReceptionInvoicePerInvoice.rpt","d0fd722685b6f5511bf12802bd45b31369a068c0","56832","Accounts/Reports/IGroup/Reports/Mine/ClinicDailyReceptionInvoicePerInvoice.rpt","_Quarantine/CrystalReports_CrossRoot_2026-08-11/ExactDuplicates/IGroup/Reports/Mine/ClinicDailyReceptionInvoicePerInvoice.rpt","Exact copy exists under the configured Accounts/Reports/IGroup runtime tree"
"IGroup/Reports/Mine/ClinicDailyReceptionUserWise(gross).rpt","806e822a2425d8fac4cf708b9555a732845790d6","53760","Accounts/Reports/IGroup/Reports/Mine/ClinicDailyReceptionUserWise(gross).rpt","_Quarantine/CrystalReports_CrossRoot_2026-08-11/ExactDuplicates/IGroup/Reports/Mine/ClinicDailyReceptionUserWise(gross).rpt","Exact copy exists under the configured Accounts/Reports/IGroup runtime tree"
"IGroup/Reports/Mine/ClinicDailyReceptionUserWise.rpt","4fa9864cff31abc4ed3a79cc6d76dbb24ca8697c","54784","Accounts/Reports/IGroup/Reports/Mine/ClinicDailyReceptionUserWise.rpt","_Quarantine/CrystalReports_CrossRoot_2026-08-11/ExactDuplicates/IGroup/Reports/Mine/ClinicDailyReceptionUserWise.rpt","Exact copy exists under the configured Accounts/Reports/IGroup runtime tree"
"IGroup/Reports/Mine/ClinicDailyReceptionUserWise2.rpt","5436033757d19d27ea255fb2d45b60381de61e23","54272","Accounts/Reports/IGroup/Reports/Mine/ClinicDailyReceptionUserWise2.rpt","_Quarantine/CrystalReports_CrossRoot_2026-08-11/ExactDuplicates/IGroup/Reports/Mine/ClinicDailyReceptionUserWise2.rpt","Exact copy exists under the configured Accounts/Reports/IGroup runtime tree"
"IGroup/Reports/Mine/ClinicReceptionCollection.rpt","a04889223c191ad0e995caff64b12b784d5d86c7","53760","Accounts/Reports/IGroup/Reports/Mine/ClinicReceptionCollection.rpt; Accounts/Reports/IGroup/Reports/Orig/ClinicReceptionCollection.rpt","_Quarantine/CrystalReports_CrossRoot_2026-08-11/ExactDuplicates/IGroup/Reports/Mine/ClinicReceptionCollection.rpt","Exact copy exists under the configured Accounts/Reports/IGroup runtime tree"
"IGroup/Reports/Mine/Combined Clinic Cash Income Only per day per Branch with Before Vat Total.rpt","a79509b334f49802617998887911d97cc7644551","190976","Accounts/Reports/IGroup/Reports/Mine/Combined Clinic Cash Income Only per day per Branch with Before Vat Total.rpt","_Quarantine/CrystalReports_CrossRoot_2026-08-11/ExactDuplicates/IGroup/Reports/Mine/Combined Clinic Cash Income Only per day per Branch with Before Vat Total.rpt","Exact copy exists under the configured Accounts/Reports/IGroup runtime tree"
"IGroup/Reports/Mine/Combined Clinic Cash Income Only per day per Branch.rpt","d2a0dff5b4f5db47aa52eefeff9e2b2b29325060","93184","Accounts/Reports/IGroup/Reports/Mine/Combined Clinic Cash Income Only per day per Branch.rpt","_Quarantine/CrystalReports_CrossRoot_2026-08-11/ExactDuplicates/IGroup/Reports/Mine/Combined Clinic Cash Income Only per day per Branch.rpt","Exact copy exists under the configured Accounts/Reports/IGroup runtime tree"
"IGroup/Reports/Mine/Combined Clinic Cash Income Only per day per center with Before Vat Total.rpt","e4a92b7b2bf43fdd52801317f61439478005bb85","141824","Accounts/Reports/IGroup/Reports/Mine/Combined Clinic Cash Income Only per day per center with Before Vat Total.rpt","_Quarantine/CrystalReports_CrossRoot_2026-08-11/ExactDuplicates/IGroup/Reports/Mine/Combined Clinic Cash Income Only per day per center with Before Vat Total.rpt","Exact copy exists under the configured Accounts/Reports/IGroup runtime tree"
"IGroup/Reports/Mine/Combined Clinic Cash Income per day per Branch (with detailed discount).rpt","201634a6d1ba9f8ab5fe8d4a5772be097683e7d8","159232","Accounts/Reports/IGroup/Reports/Mine/Combined Clinic Cash Income per day per Branch (with detailed discount).rpt","_Quarantine/CrystalReports_CrossRoot_2026-08-11/ExactDuplicates/IGroup/Reports/Mine/Combined Clinic Cash Income per day per Branch (with detailed discount).rpt","Exact copy exists under the configured Accounts/Reports/IGroup runtime tree"
"IGroup/Reports/Mine/Combined Clinic Cash Income per day per Branch Old Format.rpt","66dd9c32dadb0ff9420a67edc53c2432ec416240","150528","Accounts/Reports/IGroup/Reports/Mine/Combined Clinic Cash Income per day per Branch Old Format.rpt","_Quarantine/CrystalReports_CrossRoot_2026-08-11/ExactDuplicates/IGroup/Reports/Mine/Combined Clinic Cash Income per day per Branch Old Format.rpt","Exact copy exists under the configured Accounts/Reports/IGroup runtime tree"
"IGroup/Reports/Mine/Combined Clinic Cash Income per user per Branch (with detailed discount).rpt","0c7551c54a9d25bf76d00304a90b5c29718491ee","92672","Accounts/Reports/IGroup/Reports/Mine/Combined Clinic Cash Income per user per Branch (with detailed discount).rpt","_Quarantine/CrystalReports_CrossRoot_2026-08-11/ExactDuplicates/IGroup/Reports/Mine/Combined Clinic Cash Income per user per Branch (with detailed discount).rpt","Exact copy exists under the configured Accounts/Reports/IGroup runtime tree"
"IGroup/Reports/Mine/Combined Clinic Cash Income per user per Center (with detailed discount).rpt","bb14b993e686d2881988986de3f8eb99683cdc69","92672","Accounts/Reports/IGroup/Reports/Mine/Combined Clinic Cash Income per user per Center (with detailed discount).rpt","_Quarantine/CrystalReports_CrossRoot_2026-08-11/ExactDuplicates/IGroup/Reports/Mine/Combined Clinic Cash Income per user per Center (with detailed discount).rpt","Exact copy exists under the configured Accounts/Reports/IGroup runtime tree"
"IGroup/Reports/Mine/Combined Income Report Cash & Credit per user (with detailed discount).rpt","915427c032bd20979134480ecc00890d41d91cf5","92160","Accounts/Reports/IGroup/Reports/Mine/Combined Income Report Cash & Credit per user (with detailed discount).rpt","_Quarantine/CrystalReports_CrossRoot_2026-08-11/ExactDuplicates/IGroup/Reports/Mine/Combined Income Report Cash & Credit per user (with detailed discount).rpt","Exact copy exists under the configured Accounts/Reports/IGroup runtime tree"
"IGroup/Reports/Mine/Combined Income Report Cash & Credit per user per Center (with detailed discount).rpt","c2390e5b1ea7c7de05881f8d508f987fb685dafe","93184","Accounts/Reports/IGroup/Reports/Mine/Combined Income Report Cash & Credit per user per Center (with detailed discount).rpt","_Quarantine/CrystalReports_CrossRoot_2026-08-11/ExactDuplicates/IGroup/Reports/Mine/Combined Income Report Cash & Credit per user per Center (with detailed discount).rpt","Exact copy exists under the configured Accounts/Reports/IGroup runtime tree"
"IGroup/Reports/Mine/Combined Income Report Cash & Credit per user.rpt","257dfd593e7c158432caadc49316513694dc3985","93184","Accounts/Reports/IGroup/Reports/Mine/Combined Income Report Cash & Credit per user.rpt","_Quarantine/CrystalReports_CrossRoot_2026-08-11/ExactDuplicates/IGroup/Reports/Mine/Combined Income Report Cash & Credit per user.rpt","Exact copy exists under the configured Accounts/Reports/IGroup runtime tree"
"IGroup/Reports/Mine/Combined Income Report Cash Only per day with Before Vat Total.rpt","86e0cd4573cee6ea94eff32eb50b89ca65a1d802","140800","Accounts/Reports/IGroup/Reports/Mine/Combined Income Report Cash Only per day with Before Vat Total.rpt","_Quarantine/CrystalReports_CrossRoot_2026-08-11/ExactDuplicates/IGroup/Reports/Mine/Combined Income Report Cash Only per day with Before Vat Total.rpt","Exact copy exists under the configured Accounts/Reports/IGroup runtime tree"
"IGroup/Reports/Mine/Combined Income Report Cash Only per user per Invoice.rpt","cb4a031480129dc3d65cf1275ae88cdef254e2e2","126464","Accounts/Reports/IGroup/Reports/Mine/Combined Income Report Cash Only per user per Invoice.rpt","_Quarantine/CrystalReports_CrossRoot_2026-08-11/ExactDuplicates/IGroup/Reports/Mine/Combined Income Report Cash Only per user per Invoice.rpt","Exact copy exists under the configured Accounts/Reports/IGroup runtime tree"
"IGroup/Reports/Mine/Combined Income Report Cash Only per user with Before Vat Total.rpt","a9fcc9b4bbebef52926eba0f4c4cb9a77b0a4ac2","93696","Accounts/Reports/IGroup/Reports/Mine/Combined Income Report Cash Only per user with Before Vat Total.rpt","_Quarantine/CrystalReports_CrossRoot_2026-08-11/ExactDuplicates/IGroup/Reports/Mine/Combined Income Report Cash Only per user with Before Vat Total.rpt","Exact copy exists under the configured Accounts/Reports/IGroup runtime tree"
"IGroup/Reports/Mine/Combined Income Report Cash Only per user.rpt","5e55e0f8a4769a9f29dfb1273c9969fdd3d12708","92160","Accounts/Reports/IGroup/Reports/Mine/Combined Income Report Cash Only per user.rpt","_Quarantine/CrystalReports_CrossRoot_2026-08-11/ExactDuplicates/IGroup/Reports/Mine/Combined Income Report Cash Only per user.rpt","Exact copy exists under the configured Accounts/Reports/IGroup runtime tree"
"IGroup/Reports/Mine/Combined Income Report Cash per user per Center (with detailed discount).rpt","d11c40ff12f34d45368ebb2072aca8dc17a051d9","92160","Accounts/Reports/IGroup/Reports/Mine/Combined Income Report Cash per user per Center (with detailed discount).rpt","_Quarantine/CrystalReports_CrossRoot_2026-08-11/ExactDuplicates/IGroup/Reports/Mine/Combined Income Report Cash per user per Center (with detailed discount).rpt","Exact copy exists under the configured Accounts/Reports/IGroup runtime tree"
"IGroup/Reports/Mine/CombinedSummaryStatementDateWise.rpt","b36d35ce3ab5c91bcdf5809ea7799f90bc4d78d6","54272","Accounts/Reports/IGroup/Reports/Mine/CombinedSummaryStatementDateWise.rpt","_Quarantine/CrystalReports_CrossRoot_2026-08-11/ExactDuplicates/IGroup/Reports/Mine/CombinedSummaryStatementDateWise.rpt","Exact copy exists under the configured Accounts/Reports/IGroup runtime tree"
"IGroup/Reports/Mine/CreditCoMonthlySubmission.rpt","a50534a4dc0ef7607fa2aa12226d1a9b066ef8a8","52224","Accounts/Reports/IGroup/Reports/Mine/CreditCoMonthlySubmission.rpt","_Quarantine/CrystalReports_CrossRoot_2026-08-11/ExactDuplicates/IGroup/Reports/Mine/CreditCoMonthlySubmission.rpt","Exact copy exists under the configured Accounts/Reports/IGroup runtime tree"
"IGroup/Reports/Mine/DCBillPrint.rpt","5a509309ba37fbccb7f56d91b9e7ed79a1d65d56","14848","Accounts/Reports/IGroup/Reports/Mine/DCBillPrint.rpt","_Quarantine/CrystalReports_CrossRoot_2026-08-11/ExactDuplicates/IGroup/Reports/Mine/DCBillPrint.rpt","Exact copy exists under the configured Accounts/Reports/IGroup runtime tree"
"IGroup/Reports/Mine/Dental Services Price List.rpt","4d7098a9c1b334c89c7348004b2d6eaf08aa9ecd","87040","Accounts/Reports/IGroup/Reports/Mine/Dental Services Price List.rpt","_Quarantine/CrystalReports_CrossRoot_2026-08-11/ExactDuplicates/IGroup/Reports/Mine/Dental Services Price List.rpt","Exact copy exists under the configured Accounts/Reports/IGroup runtime tree"
"IGroup/Reports/Mine/Dr. Noma Patients.rpt","e63081d4722bb2f29b1d55eca4e1aae9a552f7a7","48640","Accounts/Reports/IGroup/Reports/Mine/Dr. Noma Patients.rpt","_Quarantine/CrystalReports_CrossRoot_2026-08-11/ExactDuplicates/IGroup/Reports/Mine/Dr. Noma Patients.rpt","Exact copy exists under the configured Accounts/Reports/IGroup runtime tree"
"IGroup/Reports/Mine/Final/Combined Clinic Cash Income Only per day per Branch.rpt","e739f91056d55ef94f8a8a4758921e87fa32fde6","201216","Accounts/Reports/IGroup/Reports/Mine/Final/Combined Clinic Cash Income Only per day per Branch.rpt","_Quarantine/CrystalReports_CrossRoot_2026-08-11/ExactDuplicates/IGroup/Reports/Mine/Final/Combined Clinic Cash Income Only per day per Branch.rpt","Exact copy exists under the configured Accounts/Reports/IGroup runtime tree"
"IGroup/Reports/Mine/Final/Combined Clinic Cash Income Only per day per Center.rpt","f00a51e6e98c65ad6164a7a0a0336371ef381cc8","178176","Accounts/Reports/IGroup/Reports/Mine/Final/Combined Clinic Cash Income Only per day per Center.rpt","_Quarantine/CrystalReports_CrossRoot_2026-08-11/ExactDuplicates/IGroup/Reports/Mine/Final/Combined Clinic Cash Income Only per day per Center.rpt","Exact copy exists under the configured Accounts/Reports/IGroup runtime tree"
"IGroup/Reports/Mine/Final/Combined Clinic Cash Income Only per day per User per Center.rpt","df538fe206ede51c4c5593808628e10eb48d2da5","93696","Accounts/Reports/IGroup/Reports/Mine/Final/Combined Clinic Cash Income Only per day per User per Center.rpt","_Quarantine/CrystalReports_CrossRoot_2026-08-11/ExactDuplicates/IGroup/Reports/Mine/Final/Combined Clinic Cash Income Only per day per User per Center.rpt","Exact copy exists under the configured Accounts/Reports/IGroup runtime tree"
"IGroup/Reports/Mine/IBDailyReceptionInvoice.rpt","ee5c6c765661ae04b2407842664057550c13c234","53248","Accounts/Reports/IGroup/Reports/Mine/IBDailyReceptionInvoice.rpt","_Quarantine/CrystalReports_CrossRoot_2026-08-11/ExactDuplicates/IGroup/Reports/Mine/IBDailyReceptionInvoice.rpt","Exact copy exists under the configured Accounts/Reports/IGroup runtime tree"
"IGroup/Reports/Mine/IBDrivingLicenseSummary.rpt","ef391c1f16260f93244c2817c3f0eb72e39bd760","48640","Accounts/Reports/IGroup/Reports/Mine/IBDrivingLicenseSummary.rpt","_Quarantine/CrystalReports_CrossRoot_2026-08-11/ExactDuplicates/IGroup/Reports/Mine/IBDrivingLicenseSummary.rpt","Exact copy exists under the configured Accounts/Reports/IGroup runtime tree"
"IGroup/Reports/Mine/IBHealthCardSummary.rpt","e4c91e87bc5abaf570a061364a00edd5b1ca18a8","48640","Accounts/Reports/IGroup/Reports/Mine/IBHealthCardSummary.rpt","_Quarantine/CrystalReports_CrossRoot_2026-08-11/ExactDuplicates/IGroup/Reports/Mine/IBHealthCardSummary.rpt","Exact copy exists under the configured Accounts/Reports/IGroup runtime tree"
"IGroup/Reports/Mine/IBIqamaSummary.rpt","6685a2b318e932d9cd5dfc768f669c72f8f36eef","48640","Accounts/Reports/IGroup/Reports/Mine/IBIqamaSummary.rpt","_Quarantine/CrystalReports_CrossRoot_2026-08-11/ExactDuplicates/IGroup/Reports/Mine/IBIqamaSummary.rpt","Exact copy exists under the configured Accounts/Reports/IGroup runtime tree"
"IGroup/Reports/Mine/IBSalesManSummary.rpt","a3e4fa87acbbcc91d50f0e56db8b97d29d156842","49664","Accounts/Reports/IGroup/Reports/Mine/IBSalesManSummary.rpt","_Quarantine/CrystalReports_CrossRoot_2026-08-11/ExactDuplicates/IGroup/Reports/Mine/IBSalesManSummary.rpt","Exact copy exists under the configured Accounts/Reports/IGroup runtime tree"
"IGroup/Reports/Mine/LabInvp001.rpt","908b90dfa516a5591b46b557a118bccf6b69f09c","52736","Accounts/Reports/IGroup/Reports/Mine/LabInvp001.rpt; Accounts/Reports/IGroup/Reports/Report Backups/LabInvp001.rpt","_Quarantine/CrystalReports_CrossRoot_2026-08-11/ExactDuplicates/IGroup/Reports/Mine/LabInvp001.rpt","Exact copy exists under the configured Accounts/Reports/IGroup runtime tree"
"IGroup/Reports/Mine/LabInvp0011.rpt","3fa5f8849373089817a0f27bdc03aa257f05d73b","53248","Accounts/Reports/IGroup/Reports/Mine/LabInvp0011.rpt","_Quarantine/CrystalReports_CrossRoot_2026-08-11/ExactDuplicates/IGroup/Reports/Mine/LabInvp0011.rpt","Exact copy exists under the configured Accounts/Reports/IGroup runtime tree"
"IGroup/Reports/Mine/Laboratory Price List.rpt","04bbd0d1e3c8a956c18b2f1b7a11de59fe1a6ac1","91648","Accounts/Reports/IGroup/Reports/Mine/Laboratory Price List.rpt","_Quarantine/CrystalReports_CrossRoot_2026-08-11/ExactDuplicates/IGroup/Reports/Mine/Laboratory Price List.rpt","Exact copy exists under the configured Accounts/Reports/IGroup runtime tree"
"IGroup/Reports/Mine/Medical Services Price List ER.rpt","7bf09758fbabf4c1f992c357b680988e65bb6bb5","88576","Accounts/Reports/IGroup/Reports/Mine/Medical Services Price List ER.rpt","_Quarantine/CrystalReports_CrossRoot_2026-08-11/ExactDuplicates/IGroup/Reports/Mine/Medical Services Price List ER.rpt","Exact copy exists under the configured Accounts/Reports/IGroup runtime tree"
"IGroup/Reports/Mine/Medical Services Price List with Auto Discount.rpt","e9c449bae223a6b79d59fac93f9a5d2b29943846","87552","Accounts/Reports/IGroup/Reports/Mine/Medical Services Price List with Auto Discount.rpt","_Quarantine/CrystalReports_CrossRoot_2026-08-11/ExactDuplicates/IGroup/Reports/Mine/Medical Services Price List with Auto Discount.rpt","Exact copy exists under the configured Accounts/Reports/IGroup runtime tree"
"IGroup/Reports/Mine/MOH IB Report Per Month.rpt","b41f7be89915a3efaa3d9d13749d92fe7be5a386","191488","Accounts/Reports/IGroup/Reports/Mine/MOH IB Report Per Month.rpt","_Quarantine/CrystalReports_CrossRoot_2026-08-11/ExactDuplicates/IGroup/Reports/Mine/MOH IB Report Per Month.rpt","Exact copy exists under the configured Accounts/Reports/IGroup runtime tree"
"IGroup/Reports/Mine/MOH IB Report.rpt","00023437ca787c396d462ca6fbdb7f14f821ce5f","75776","Accounts/Reports/IGroup/Reports/Mine/MOH IB Report.rpt","_Quarantine/CrystalReports_CrossRoot_2026-08-11/ExactDuplicates/IGroup/Reports/Mine/MOH IB Report.rpt","Exact copy exists under the configured Accounts/Reports/IGroup runtime tree"
"IGroup/Reports/Mine/MOH Report per Doctor.rpt","9779d0380a1252365b037334be3109ac36b8422a","113664","Accounts/Reports/IGroup/Reports/Mine/MOH Report per Doctor.rpt; Accounts/Reports/IGroup/Reports/MOH Report per Doctor.rpt","_Quarantine/CrystalReports_CrossRoot_2026-08-11/ExactDuplicates/IGroup/Reports/Mine/MOH Report per Doctor.rpt","Exact copy exists under the configured Accounts/Reports/IGroup runtime tree"
"IGroup/Reports/Mine/MOH Report.rpt","f8ef5a961be1c5ee89832210ed311c097e30e2ce","96768","Accounts/Reports/IGroup/Reports/Mine/MOH Report.rpt","_Quarantine/CrystalReports_CrossRoot_2026-08-11/ExactDuplicates/IGroup/Reports/Mine/MOH Report.rpt","Exact copy exists under the configured Accounts/Reports/IGroup runtime tree"
"IGroup/Reports/Mine/PharmacyDailySalesInvoice.rpt","15535030a020284056e92f95f8d97c91298b18a4","54784","Accounts/Reports/IGroup/Reports/Mine/PharmacyDailySalesInvoice.rpt","_Quarantine/CrystalReports_CrossRoot_2026-08-11/ExactDuplicates/IGroup/Reports/Mine/PharmacyDailySalesInvoice.rpt","Exact copy exists under the configured Accounts/Reports/IGroup runtime tree"
"IGroup/Reports/Mine/PharmacyInvoicePrintBig.rpt","6a0270478d3790a3932dc25d9d3cca66547e1daa","13312","Accounts/Reports/IGroup/Reports/Mine/PharmacyInvoicePrintBig.rpt","_Quarantine/CrystalReports_CrossRoot_2026-08-11/ExactDuplicates/IGroup/Reports/Mine/PharmacyInvoicePrintBig.rpt","Exact copy exists under the configured Accounts/Reports/IGroup runtime tree"
"IGroup/Reports/Mine/Revenue Collection Per Center per Doctor New.rpt","1e178ca6939e2208b1fb74abf22f0c9a01f7ba8c","96256","Accounts/Reports/IGroup/Reports/Mine/Revenue Collection Per Center per Doctor New.rpt","_Quarantine/CrystalReports_CrossRoot_2026-08-11/ExactDuplicates/IGroup/Reports/Mine/Revenue Collection Per Center per Doctor New.rpt","Exact copy exists under the configured Accounts/Reports/IGroup runtime tree"
"IGroup/Reports/Mine/Revenue Collection Per Center per Doctor per Period.rpt","0d969c6f0a89944da51497321a42906d95dbc428","55296","Accounts/Reports/IGroup/Reports/Mine/Revenue Collection Per Center per Doctor per Period.rpt","_Quarantine/CrystalReports_CrossRoot_2026-08-11/ExactDuplicates/IGroup/Reports/Mine/Revenue Collection Per Center per Doctor per Period.rpt","Exact copy exists under the configured Accounts/Reports/IGroup runtime tree"
"IGroup/Reports/Mine/Revenue Collection Per Center per Doctor.rpt","7d6201a968584832379319e8a54b85f372c00f4d","90112","Accounts/Reports/IGroup/Reports/Mine/Revenue Collection Per Center per Doctor.rpt","_Quarantine/CrystalReports_CrossRoot_2026-08-11/ExactDuplicates/IGroup/Reports/Mine/Revenue Collection Per Center per Doctor.rpt","Exact copy exists under the configured Accounts/Reports/IGroup runtime tree"
"IGroup/Reports/Mine/XrayPlainReport.rpt","cf86aefdfc484f1eb1dda7807fc2c44f3d3cc576","48640","Accounts/Reports/IGroup/Reports/Mine/XrayPlainReport.rpt","_Quarantine/CrystalReports_CrossRoot_2026-08-11/ExactDuplicates/IGroup/Reports/Mine/XrayPlainReport.rpt","Exact copy exists under the configured Accounts/Reports/IGroup runtime tree"
"IGroup/Reports/MOH IB Report Final1.rpt","3a8507e6bf3e3b5997c2916b9c7c8e6a820bc335","52736","Accounts/Reports/IGroup/Reports/MOH IB Report Final1.rpt","_Quarantine/CrystalReports_CrossRoot_2026-08-11/ExactDuplicates/IGroup/Reports/MOH IB Report Final1.rpt","Exact copy exists under the configured Accounts/Reports/IGroup runtime tree"
"IGroup/Reports/MOH IB Report.rpt","d0550f76f9c9f4eeede6b9b0728556d10dd084ea","68608","Accounts/Reports/IGroup/Reports/MOH IB Report.rpt","_Quarantine/CrystalReports_CrossRoot_2026-08-11/ExactDuplicates/IGroup/Reports/MOH IB Report.rpt","Exact copy exists under the configured Accounts/Reports/IGroup runtime tree"
"IGroup/Reports/MOH Patient List.rpt","b008b7bb6e254ccbc0bcb566ee38c536724d023d","829440","Accounts/Reports/IGroup/Reports/MOH Patient List.rpt","_Quarantine/CrystalReports_CrossRoot_2026-08-11/ExactDuplicates/IGroup/Reports/MOH Patient List.rpt","Exact copy exists under the configured Accounts/Reports/IGroup runtime tree"
"IGroup/Reports/MOH Report Clinic.rpt","ad470fc729af4e4273178c64f5e51e5af91b8af5","48640","Accounts/Reports/IGroup/Reports/MOH Report Clinic.rpt","_Quarantine/CrystalReports_CrossRoot_2026-08-11/ExactDuplicates/IGroup/Reports/MOH Report Clinic.rpt","Exact copy exists under the configured Accounts/Reports/IGroup runtime tree"
"IGroup/Reports/MOH Report Final per doctor per service.rpt","348e0debe93c2929f23cdff748cde9ddde42443c","706048","Accounts/Reports/IGroup/Reports/MOH Report Final per doctor per service.rpt","_Quarantine/CrystalReports_CrossRoot_2026-08-11/ExactDuplicates/IGroup/Reports/MOH Report Final per doctor per service.rpt","Exact copy exists under the configured Accounts/Reports/IGroup runtime tree"
"IGroup/Reports/MOH Report per Doctor per service.rpt","405f035fe52a2cbc21e96072635091b0e85ca54f","119808","Accounts/Reports/IGroup/Reports/MOH Report per Doctor per service.rpt","_Quarantine/CrystalReports_CrossRoot_2026-08-11/ExactDuplicates/IGroup/Reports/MOH Report per Doctor per service.rpt","Exact copy exists under the configured Accounts/Reports/IGroup runtime tree"
"IGroup/Reports/MOH Report per Doctor per vaccine service.rpt","749a0a857a42cf04b0192c3365e7551e6ab79fbb","119808","Accounts/Reports/IGroup/Reports/MOH Report per Doctor per vaccine service.rpt","_Quarantine/CrystalReports_CrossRoot_2026-08-11/ExactDuplicates/IGroup/Reports/MOH Report per Doctor per vaccine service.rpt","Exact copy exists under the configured Accounts/Reports/IGroup runtime tree"
"IGroup/Reports/MOH Report per Doctor.rpt","9779d0380a1252365b037334be3109ac36b8422a","113664","Accounts/Reports/IGroup/Reports/Mine/MOH Report per Doctor.rpt; Accounts/Reports/IGroup/Reports/MOH Report per Doctor.rpt","_Quarantine/CrystalReports_CrossRoot_2026-08-11/ExactDuplicates/IGroup/Reports/MOH Report per Doctor.rpt","Exact copy exists under the configured Accounts/Reports/IGroup runtime tree"
"IGroup/Reports/MOH Report.rpt","96e157b5a6f54a69a6c57b8b6aaaf00bf9f81b50","98304","Accounts/Reports/IGroup/Reports/MOH Report.rpt","_Quarantine/CrystalReports_CrossRoot_2026-08-11/ExactDuplicates/IGroup/Reports/MOH Report.rpt","Exact copy exists under the configured Accounts/Reports/IGroup runtime tree"
"IGroup/Reports/MOHReportClinic.rpt","9eeb7c705c14a9235335859b0c28c59e720be332","48640","Accounts/Reports/IGroup/Reports/MOHReportClinic.rpt","_Quarantine/CrystalReports_CrossRoot_2026-08-11/ExactDuplicates/IGroup/Reports/MOHReportClinic.rpt","Exact copy exists under the configured Accounts/Reports/IGroup runtime tree"
"IGroup/Reports/No PHotos.rpt","6fa9db530478f4c813fcbb310a2a8113f72d29ae","6889984","Accounts/Reports/IGroup/Reports/No PHotos.rpt","_Quarantine/CrystalReports_CrossRoot_2026-08-11/ExactDuplicates/IGroup/Reports/No PHotos.rpt","Exact copy exists under the configured Accounts/Reports/IGroup runtime tree"
"IGroup/Reports/OpeningStock.rpt","125fcdb39947ecb4bc277db6a546b21e3910e9b4","15872","Accounts/Reports/IGroup/Reports/OpeningStock.rpt; Accounts/Reports/IGroup/Reports/Report Backups/OpeningStock.rpt","_Quarantine/CrystalReports_CrossRoot_2026-08-11/ExactDuplicates/IGroup/Reports/OpeningStock.rpt","Exact copy exists under the configured Accounts/Reports/IGroup runtime tree"
"IGroup/Reports/OpeningStockDifference.rpt","9484a079bc90b2e952331255336d0accb4b7670a","15360","Accounts/Reports/IGroup/Reports/OpeningStockDifference.rpt; Accounts/Reports/IGroup/Reports/Report Backups/OpeningStockDifference.rpt","_Quarantine/CrystalReports_CrossRoot_2026-08-11/ExactDuplicates/IGroup/Reports/OpeningStockDifference.rpt","Exact copy exists under the configured Accounts/Reports/IGroup runtime tree"
"IGroup/Reports/PatientBookingSchedule.rpt","a3f37a652ac1a83367a9f0ecb37d7d71f28cc5f7","37376","Accounts/Reports/IGroup/Reports/PatientBookingSchedule.rpt; Accounts/Reports/IGroup/Reports/Report Backups/PatientBookingSchedule.rpt","_Quarantine/CrystalReports_CrossRoot_2026-08-11/ExactDuplicates/IGroup/Reports/PatientBookingSchedule.rpt","Exact copy exists under the configured Accounts/Reports/IGroup runtime tree"
"IGroup/Reports/PatientBookingSchedule1.rpt","09197caf8a25202ba2399470fbcd865947485e93","37376","Accounts/Reports/IGroup/Reports/PatientBookingSchedule1.rpt; Accounts/Reports/IGroup/Reports/Report Backups/PatientBookingSchedule1.rpt","_Quarantine/CrystalReports_CrossRoot_2026-08-11/ExactDuplicates/IGroup/Reports/PatientBookingSchedule1.rpt","Exact copy exists under the configured Accounts/Reports/IGroup runtime tree"
"IGroup/Reports/PatientDentalCaseSheet.rpt","f20ebe3585c0ecb77a0e9a1a1c738c3f6c913c7b","11776","Accounts/Reports/IGroup/Reports/PatientDentalCaseSheet.rpt; Accounts/Reports/IGroup/Reports/Report Backups/PatientDentalCaseSheet.rpt","_Quarantine/CrystalReports_CrossRoot_2026-08-11/ExactDuplicates/IGroup/Reports/PatientDentalCaseSheet.rpt","Exact copy exists under the configured Accounts/Reports/IGroup runtime tree"
"IGroup/Reports/PatientDermoCaseSheet.rpt","d94187ec4439cc182871c8d8525ef22aed0bab41","11776","Accounts/Reports/IGroup/Reports/PatientDermoCaseSheet.rpt; Accounts/Reports/IGroup/Reports/Report Backups/PatientDermoCaseSheet.rpt","_Quarantine/CrystalReports_CrossRoot_2026-08-11/ExactDuplicates/IGroup/Reports/PatientDermoCaseSheet.rpt","Exact copy exists under the configured Accounts/Reports/IGroup runtime tree"
"IGroup/Reports/PatientList Range.rpt","ef465ca673b54c26c51d62261620be8015cbc16c","10752","Accounts/Reports/IGroup/Reports/PatientList Range.rpt","_Quarantine/CrystalReports_CrossRoot_2026-08-11/ExactDuplicates/IGroup/Reports/PatientList Range.rpt","Exact copy exists under the configured Accounts/Reports/IGroup runtime tree"
"IGroup/Reports/PatientList.rpt","be03a38a4ffb4229fd174608c7a0dba3bb00b61f","10752","Accounts/Reports/IGroup/Reports/PatientList.rpt; Accounts/Reports/IGroup/Reports/Report Backups/PatientList.rpt","_Quarantine/CrystalReports_CrossRoot_2026-08-11/ExactDuplicates/IGroup/Reports/PatientList.rpt","Exact copy exists under the configured Accounts/Reports/IGroup runtime tree"
"IGroup/Reports/Payroll Report Per Employee Per Month.rpt","fcb397e58675fbee10a365410563fe6b6bdfc5ba","102912","Accounts/Reports/IGroup/Reports/Payroll Report Per Employee Per Month.rpt","_Quarantine/CrystalReports_CrossRoot_2026-08-11/ExactDuplicates/IGroup/Reports/Payroll Report Per Employee Per Month.rpt","Exact copy exists under the configured Accounts/Reports/IGroup runtime tree"
"IGroup/Reports/Payroll Report Per Employee.rpt","77885c82242e33a6e161c40c4bc4ad41d677ed61","59904","Accounts/Reports/IGroup/Reports/Payroll Report Per Employee.rpt","_Quarantine/CrystalReports_CrossRoot_2026-08-11/ExactDuplicates/IGroup/Reports/Payroll Report Per Employee.rpt","Exact copy exists under the configured Accounts/Reports/IGroup runtime tree"
"IGroup/Reports/Payroll Report Per EmployeeTotal.rpt","3f7e46768d0704a77f10baa4b43a47c70039cb9b","104448","Accounts/Reports/IGroup/Reports/Payroll Report Per EmployeeTotal.rpt","_Quarantine/CrystalReports_CrossRoot_2026-08-11/ExactDuplicates/IGroup/Reports/Payroll Report Per EmployeeTotal.rpt","Exact copy exists under the configured Accounts/Reports/IGroup runtime tree"
"IGroup/Reports/Payroll Report Statement Detail Per Employee per Month.rpt","b8ed4af61b86285a6525f3b10c4b34e0de23a9ca","86528","Accounts/Reports/IGroup/Reports/Payroll Report Statement Detail Per Employee per Month.rpt","_Quarantine/CrystalReports_CrossRoot_2026-08-11/ExactDuplicates/IGroup/Reports/Payroll Report Statement Detail Per Employee per Month.rpt","Exact copy exists under the configured Accounts/Reports/IGroup runtime tree"
"IGroup/Reports/PaySlip.rpt","3b2488d72d365170b9df918e83abb67a1f182395","25600","Accounts/Reports/IGroup/Reports/PaySlip.rpt; Accounts/Reports/IGroup/Reports/Report Backups/PaySlip.rpt","_Quarantine/CrystalReports_CrossRoot_2026-08-11/ExactDuplicates/IGroup/Reports/PaySlip.rpt","Exact copy exists under the configured Accounts/Reports/IGroup runtime tree"
"IGroup/Reports/Phar_SalesInvoice_DateWiseBar.rpt","a98d5d4d7805d999b936771d311b47e9deeea606","20992","Accounts/Reports/IGroup/Reports/Phar_SalesInvoice_DateWiseBar.rpt; Accounts/Reports/IGroup/Reports/Report Backups/Phar_SalesInvoice_DateWiseBar.rpt","_Quarantine/CrystalReports_CrossRoot_2026-08-11/ExactDuplicates/IGroup/Reports/Phar_SalesInvoice_DateWiseBar.rpt","Exact copy exists under the configured Accounts/Reports/IGroup runtime tree"
"IGroup/Reports/Phar_SalesInvoice_Detailed.rpt","3aa12a4388aa49ed842a622d655b6a1cf47405f1","18944","Accounts/Reports/IGroup/Reports/Phar_SalesInvoice_Detailed.rpt; Accounts/Reports/IGroup/Reports/Report Backups/Phar_SalesInvoice_Detailed.rpt","_Quarantine/CrystalReports_CrossRoot_2026-08-11/ExactDuplicates/IGroup/Reports/Phar_SalesInvoice_Detailed.rpt","Exact copy exists under the configured Accounts/Reports/IGroup runtime tree"
"IGroup/Reports/Phar_SalesInvoice_DetailedPieChart.rpt","4074b6d381a99fa3c240818406135ccddf25747f","18432","Accounts/Reports/IGroup/Reports/Phar_SalesInvoice_DetailedPieChart.rpt; Accounts/Reports/IGroup/Reports/Report Backups/Phar_SalesInvoice_DetailedPieChart.rpt","_Quarantine/CrystalReports_CrossRoot_2026-08-11/ExactDuplicates/IGroup/Reports/Phar_SalesInvoice_DetailedPieChart.rpt","Exact copy exists under the configured Accounts/Reports/IGroup runtime tree"
"IGroup/Reports/Pharmacy Cost of Sales for a given date Range.rpt","63a11598919edbdf09fdd25765b6595fb6a0f8fa","73728","Accounts/Reports/IGroup/Reports/Pharmacy Cost of Sales for a given date Range.rpt","_Quarantine/CrystalReports_CrossRoot_2026-08-11/ExactDuplicates/IGroup/Reports/Pharmacy Cost of Sales for a given date Range.rpt","Exact copy exists under the configured Accounts/Reports/IGroup runtime tree"
"IGroup/Reports/Pharmacy.rpt","a70595604d2375714b1ad95f373e98e7cec34b5e","53760","Accounts/Reports/IGroup/Reports/Pharmacy.rpt","_Quarantine/CrystalReports_CrossRoot_2026-08-11/ExactDuplicates/IGroup/Reports/Pharmacy.rpt","Exact copy exists under the configured Accounts/Reports/IGroup runtime tree"
"IGroup/Reports/PharmacyCreditStatement.rpt","a881a9a2f352aba963150508cca65dfa150ec6ac","87040","Accounts/Reports/IGroup/Reports/PharmacyCreditStatement.rpt; Accounts/Reports/IGroup/Reports/Report Backups/PharmacyCreditStatement.rpt","_Quarantine/CrystalReports_CrossRoot_2026-08-11/ExactDuplicates/IGroup/Reports/PharmacyCreditStatement.rpt","Exact copy exists under the configured Accounts/Reports/IGroup runtime tree"
"IGroup/Reports/PharmacyDailySalesInvoice.rpt","6816a1b720a683693c6e085084b7eddb87f33413","54272","Accounts/Reports/IGroup/Reports/PharmacyDailySalesInvoice.rpt","_Quarantine/CrystalReports_CrossRoot_2026-08-11/ExactDuplicates/IGroup/Reports/PharmacyDailySalesInvoice.rpt","Exact copy exists under the configured Accounts/Reports/IGroup runtime tree"
"IGroup/Reports/PharmacyDailySalesInvoice1.rpt","ed9f55773eb22006c3f4f7ad39bed36cd9a7e526","16896","Accounts/Reports/IGroup/Reports/PharmacyDailySalesInvoice1.rpt; Accounts/Reports/IGroup/Reports/Report Backups/PharmacyDailySalesInvoice1.rpt","_Quarantine/CrystalReports_CrossRoot_2026-08-11/ExactDuplicates/IGroup/Reports/PharmacyDailySalesInvoice1.rpt","Exact copy exists under the configured Accounts/Reports/IGroup runtime tree"
"IGroup/Reports/PharmacyDailySalesInvoiceSummary.rpt","80485714f1ef036b57eb55663726263d51dde9bb","53760","Accounts/Reports/IGroup/Reports/PharmacyDailySalesInvoiceSummary.rpt","_Quarantine/CrystalReports_CrossRoot_2026-08-11/ExactDuplicates/IGroup/Reports/PharmacyDailySalesInvoiceSummary.rpt","Exact copy exists under the configured Accounts/Reports/IGroup runtime tree"
"IGroup/Reports/PharmacyDailySalesInvoiceSummaryTimeWise.rpt","1ab802961a834213122a1994e8b9c0ec8829dc0e","22016","Accounts/Reports/IGroup/Reports/PharmacyDailySalesInvoiceSummaryTimeWise.rpt; Accounts/Reports/IGroup/Reports/Report Backups/PharmacyDailySalesInvoiceSummaryTimeWise.rpt","_Quarantine/CrystalReports_CrossRoot_2026-08-11/ExactDuplicates/IGroup/Reports/PharmacyDailySalesInvoiceSummaryTimeWise.rpt","Exact copy exists under the configured Accounts/Reports/IGroup runtime tree"
"IGroup/Reports/PharmacyDailySalesInvoiceSummaryTimeWise1.rpt","5dc18a621562f23d23394e091e2973378649ac89","20480","Accounts/Reports/IGroup/Reports/PharmacyDailySalesInvoiceSummaryTimeWise1.rpt; Accounts/Reports/IGroup/Reports/Report Backups/PharmacyDailySalesInvoiceSummaryTimeWise1.rpt","_Quarantine/CrystalReports_CrossRoot_2026-08-11/ExactDuplicates/IGroup/Reports/PharmacyDailySalesInvoiceSummaryTimeWise1.rpt","Exact copy exists under the configured Accounts/Reports/IGroup runtime tree"
"IGroup/Reports/PharmacyDailySalesUserWise.rpt","7e5e31049ae377e02c92ca6ac4f92c28050e085f","53248","Accounts/Reports/IGroup/Reports/PharmacyDailySalesUserWise.rpt","_Quarantine/CrystalReports_CrossRoot_2026-08-11/ExactDuplicates/IGroup/Reports/PharmacyDailySalesUserWise.rpt","Exact copy exists under the configured Accounts/Reports/IGroup runtime tree"
"IGroup/Reports/PharmacyDateWiseVATStatement.rpt","2e89c41832965d329002d6c23c6f62b9fbfd70a3","50176","Accounts/Reports/IGroup/Reports/PharmacyDateWiseVATStatement.rpt","_Quarantine/CrystalReports_CrossRoot_2026-08-11/ExactDuplicates/IGroup/Reports/PharmacyDateWiseVATStatement.rpt","Exact copy exists under the configured Accounts/Reports/IGroup runtime tree"
"IGroup/Reports/PharmacyDosageArabic 10 x 5.rpt","afbd3b112930694f7a24d5919be66c7ec826fb63","9216","Accounts/Reports/IGroup/Reports/PharmacyDosageArabic 10 x 5.rpt","_Quarantine/CrystalReports_CrossRoot_2026-08-11/ExactDuplicates/IGroup/Reports/PharmacyDosageArabic 10 x 5.rpt","Exact copy exists under the configured Accounts/Reports/IGroup runtime tree"
"IGroup/Reports/PharmacyDosageArabic 6 x 4.rpt","21172fba915b1ca5b7dd439cd408747ae7cdb373","11264","Accounts/Reports/IGroup/Reports/PharmacyDosageArabic 6 x 4.rpt","_Quarantine/CrystalReports_CrossRoot_2026-08-11/ExactDuplicates/IGroup/Reports/PharmacyDosageArabic 6 x 4.rpt","Exact copy exists under the configured Accounts/Reports/IGroup runtime tree"
"IGroup/Reports/PharmacyDosageArabic 9 x 4.rpt","4f2003a579345bbb33554d94a898df8bbd5bc96e","15360","Accounts/Reports/IGroup/Reports/PharmacyDosageArabic 9 x 4.rpt","_Quarantine/CrystalReports_CrossRoot_2026-08-11/ExactDuplicates/IGroup/Reports/PharmacyDosageArabic 9 x 4.rpt","Exact copy exists under the configured Accounts/Reports/IGroup runtime tree"
"IGroup/Reports/PharmacyDosageArabic.rpt","97f1a1e1a9bd099f1307275638b596127b38bd6f","15360","Accounts/Reports/IGroup/Reports/PharmacyDosageArabic.rpt","_Quarantine/CrystalReports_CrossRoot_2026-08-11/ExactDuplicates/IGroup/Reports/PharmacyDosageArabic.rpt","Exact copy exists under the configured Accounts/Reports/IGroup runtime tree"
"IGroup/Reports/PharmacyDosageArabic2.rpt","a6f75907b17b8aca2ef29e0487a7b7f95d13f247","11264","Accounts/Reports/IGroup/Reports/PharmacyDosageArabic2.rpt","_Quarantine/CrystalReports_CrossRoot_2026-08-11/ExactDuplicates/IGroup/Reports/PharmacyDosageArabic2.rpt","Exact copy exists under the configured Accounts/Reports/IGroup runtime tree"
"IGroup/Reports/PharmacyDosageArabicxxx.rpt","53f2f6de164d4bddabc6226ff5abfda58a0f9695","8704","Accounts/Reports/IGroup/Reports/PharmacyDosageArabic - New.rpt; Accounts/Reports/IGroup/Reports/PharmacyDosageArabicxxx.rpt","_Quarantine/CrystalReports_CrossRoot_2026-08-11/ExactDuplicates/IGroup/Reports/PharmacyDosageArabicxxx.rpt","Exact copy exists under the configured Accounts/Reports/IGroup runtime tree"
"IGroup/Reports/PharmacyIEDateWise.rpt","2a6470c86ac19da7ba5145c43ab6c42bfbee4689","86016","Accounts/Reports/IGroup/Reports/PharmacyIEDateWise.rpt; Accounts/Reports/IGroup/Reports/Report Backups/PharmacyIEDateWise.rpt","_Quarantine/CrystalReports_CrossRoot_2026-08-11/ExactDuplicates/IGroup/Reports/PharmacyIEDateWise.rpt","Exact copy exists under the configured Accounts/Reports/IGroup runtime tree"
"IGroup/Reports/PharmacyIEDetailed.rpt","04d9df63b14eb4a56036a23edda3a0d6091c0a4a","86016","Accounts/Reports/IGroup/Reports/PharmacyIEDetailed.rpt; Accounts/Reports/IGroup/Reports/Report Backups/PharmacyIEDetailed.rpt","_Quarantine/CrystalReports_CrossRoot_2026-08-11/ExactDuplicates/IGroup/Reports/PharmacyIEDetailed.rpt","Exact copy exists under the configured Accounts/Reports/IGroup runtime tree"
"IGroup/Reports/PharmacyInvoicePrintSmall.rpt","1283c8e3332235022400915bf07fc0f1c3f8ea5c","12288","Accounts/Reports/IGroup/Reports/PharmacyInvoicePrintSmall.rpt; Accounts/Reports/IGroup/Reports/Report Backups/PharmacyInvoicePrintSmall.rpt","_Quarantine/CrystalReports_CrossRoot_2026-08-11/ExactDuplicates/IGroup/Reports/PharmacyInvoicePrintSmall.rpt","Exact copy exists under the configured Accounts/Reports/IGroup runtime tree"
"IGroup/Reports/PharmacyItemWiseSalesHistory.rpt","580a8818e567b9b54713b97fb9000eb95a590c9b","52736","Accounts/Reports/IGroup/Reports/PharmacyItemWiseSalesHistory.rpt","_Quarantine/CrystalReports_CrossRoot_2026-08-11/ExactDuplicates/IGroup/Reports/PharmacyItemWiseSalesHistory.rpt","Exact copy exists under the configured Accounts/Reports/IGroup runtime tree"
"IGroup/Reports/PharmacyItemWiseSalesHistorySummary.rpt","350ebeca94aad84cd46e0b7541caf5bff0f59063","51200","Accounts/Reports/IGroup/Reports/PharmacyItemWiseSalesHistorySummary.rpt","_Quarantine/CrystalReports_CrossRoot_2026-08-11/ExactDuplicates/IGroup/Reports/PharmacyItemWiseSalesHistorySummary.rpt","Exact copy exists under the configured Accounts/Reports/IGroup runtime tree"
"IGroup/Reports/PharmacyPatientProfile.rpt","481c7a8f988ed1f0854403741036a90b1f07d987","54784","Accounts/Reports/IGroup/Reports/PharmacyPatientProfile.rpt; Accounts/Reports/IGroup/Reports/Report Backups/PharmacyPatientProfile.rpt","_Quarantine/CrystalReports_CrossRoot_2026-08-11/ExactDuplicates/IGroup/Reports/PharmacyPatientProfile.rpt","Exact copy exists under the configured Accounts/Reports/IGroup runtime tree"
"IGroup/Reports/PharmacyPurchaseVATStatement.rpt","d78d2be73e71c10dd1136de5952560323d8080d3","48640","Accounts/Reports/IGroup/Reports/PharmacyPurchaseVATStatement.rpt","_Quarantine/CrystalReports_CrossRoot_2026-08-11/ExactDuplicates/IGroup/Reports/PharmacyPurchaseVATStatement.rpt","Exact copy exists under the configured Accounts/Reports/IGroup runtime tree"
"IGroup/Reports/PharmacySummaryStatementDateWise.rpt","6eb03971d515d8375d59f83f078dd08245306a51","50176","Accounts/Reports/IGroup/Reports/PharmacySummaryStatementDateWise.rpt","_Quarantine/CrystalReports_CrossRoot_2026-08-11/ExactDuplicates/IGroup/Reports/PharmacySummaryStatementDateWise.rpt","Exact copy exists under the configured Accounts/Reports/IGroup runtime tree"
"IGroup/Reports/PMR Entries per Doctor.rpt","325bcac262157c9ddc13dc605f3a732d77633b99","53760","Accounts/Reports/IGroup/Reports/PMR Entries per Doctor.rpt","_Quarantine/CrystalReports_CrossRoot_2026-08-11/ExactDuplicates/IGroup/Reports/PMR Entries per Doctor.rpt","Exact copy exists under the configured Accounts/Reports/IGroup runtime tree"
"IGroup/Reports/PMRDcafBlank.rpt","fe69350d315e52d788e47fe2c4cd8a54c35e34bf","256000","Accounts/Reports/IGroup/Reports/PMRDcafBlank.rpt; Accounts/Reports/IGroup/Reports/Report Backups/PMRDcafBlank.rpt","_Quarantine/CrystalReports_CrossRoot_2026-08-11/ExactDuplicates/IGroup/Reports/PMRDcafBlank.rpt","Exact copy exists under the configured Accounts/Reports/IGroup runtime tree"
"IGroup/Reports/PMROcaf.rpt","fff452cacbc2dff2402598e5c108f86e40667780","779776","Accounts/Reports/IGroup/Reports/PMROcaf.rpt; Accounts/Reports/IGroup/Reports/Report Backups/PMROcaf.rpt","_Quarantine/CrystalReports_CrossRoot_2026-08-11/ExactDuplicates/IGroup/Reports/PMROcaf.rpt","Exact copy exists under the configured Accounts/Reports/IGroup runtime tree"
"IGroup/Reports/PMRPatientDentalProfile.rpt","0730806025534084c412c6ec90c517901d788924","84992","Accounts/Reports/IGroup/Reports/PMRPatientDentalProfile.rpt; Accounts/Reports/IGroup/Reports/Report Backups/PMRPatientDentalProfile.rpt","_Quarantine/CrystalReports_CrossRoot_2026-08-11/ExactDuplicates/IGroup/Reports/PMRPatientDentalProfile.rpt","Exact copy exists under the configured Accounts/Reports/IGroup runtime tree"
"IGroup/Reports/PMRPatientProfileOrig.rpt","ac656de7313bdf7b12f6f9f7e3fbf41675b6adf2","55808","Accounts/Reports/IGroup/Reports/PMRPatientProfileOrig.rpt","_Quarantine/CrystalReports_CrossRoot_2026-08-11/ExactDuplicates/IGroup/Reports/PMRPatientProfileOrig.rpt","Exact copy exists under the configured Accounts/Reports/IGroup runtime tree"
"IGroup/Reports/PMRPatientSickLeave.rpt","7b567c3c4176d0c41ed23ea4f57b24614f8dcf08","790528","Accounts/Reports/IGroup/Reports/PMRPatientSickLeave.rpt","_Quarantine/CrystalReports_CrossRoot_2026-08-11/ExactDuplicates/IGroup/Reports/PMRPatientSickLeave.rpt","Exact copy exists under the configured Accounts/Reports/IGroup runtime tree"
"IGroup/Reports/PMRPatientSickLeaveOrig.rpt","e8e8c981aa59448229f64ec88f14ed645be9fb15","102912","Accounts/Reports/IGroup/Reports/PMRPatientSickLeaveOrig.rpt","_Quarantine/CrystalReports_CrossRoot_2026-08-11/ExactDuplicates/IGroup/Reports/PMRPatientSickLeaveOrig.rpt","Exact copy exists under the configured Accounts/Reports/IGroup runtime tree"
"IGroup/Reports/PMRPharmacyMedicineNCPrescription.rpt","eb5b15d593e61a9af701cef7a83aad487b06a79e","14336","Accounts/Reports/IGroup/Reports/PMRPharmacyMedicineNCPrescription.rpt","_Quarantine/CrystalReports_CrossRoot_2026-08-11/ExactDuplicates/IGroup/Reports/PMRPharmacyMedicineNCPrescription.rpt","Exact copy exists under the configured Accounts/Reports/IGroup runtime tree"
"IGroup/Reports/PMRPharmacyMedicinePrescriptionWithGeneric.rpt","495309a6fae2b1f966a6915c483d2b6ed1f1c9f2","71680","Accounts/Reports/IGroup/Reports/PMRPharmacyMedicinePrescriptionWithGeneric.rpt","_Quarantine/CrystalReports_CrossRoot_2026-08-11/ExactDuplicates/IGroup/Reports/PMRPharmacyMedicinePrescriptionWithGeneric.rpt","Exact copy exists under the configured Accounts/Reports/IGroup runtime tree"
"IGroup/Reports/PMRPharmacyPrescriptionBlank.rpt","fd9007679e0e5658cdf9dac160ea1b5f4de739d6","15360","Accounts/Reports/IGroup/Reports/PMRPharmacyPrescriptionBlank.rpt; Accounts/Reports/IGroup/Reports/Report Backups/PMRPharmacyPrescriptionBlank.rpt","_Quarantine/CrystalReports_CrossRoot_2026-08-11/ExactDuplicates/IGroup/Reports/PMRPharmacyPrescriptionBlank.rpt","Exact copy exists under the configured Accounts/Reports/IGroup runtime tree"
"IGroup/Reports/PMRUcaf.rpt","6cefd6745f0064b5762724a9343f9d49fdaf348d","19968","Accounts/Reports/IGroup/Reports/PMRUcaf.rpt; Accounts/Reports/IGroup/Reports/Report Backups/PMRUcaf.rpt","_Quarantine/CrystalReports_CrossRoot_2026-08-11/ExactDuplicates/IGroup/Reports/PMRUcaf.rpt","Exact copy exists under the configured Accounts/Reports/IGroup runtime tree"
"IGroup/Reports/PMRUcafBlank.rpt","68edc361b7d80a47a573137b16f296d6dc424da5","22016","Accounts/Reports/IGroup/Reports/PMRUcafBlank.rpt; Accounts/Reports/IGroup/Reports/Report Backups/PMRUcafBlank.rpt","_Quarantine/CrystalReports_CrossRoot_2026-08-11/ExactDuplicates/IGroup/Reports/PMRUcafBlank.rpt","Exact copy exists under the configured Accounts/Reports/IGroup runtime tree"
"IGroup/Reports/POAnalysis.rpt","6e030d6a15ca0e417a721917d432d9398296eda8","17920","Accounts/Reports/IGroup/Reports/POAnalysis.rpt","_Quarantine/CrystalReports_CrossRoot_2026-08-11/ExactDuplicates/IGroup/Reports/POAnalysis.rpt","Exact copy exists under the configured Accounts/Reports/IGroup runtime tree"
"IGroup/Reports/Posting/Cash & Credit Income Summary per Cost Center per Department.rpt","0652ee9aa81c7485063db4fde53ed0563d35944b","838656","Accounts/Reports/IGroup/Reports/Posting/Cash & Credit Income Summary per Cost Center per Department.rpt","_Quarantine/CrystalReports_CrossRoot_2026-08-11/ExactDuplicates/IGroup/Reports/Posting/Cash & Credit Income Summary per Cost Center per Department.rpt","Exact copy exists under the configured Accounts/Reports/IGroup runtime tree"
"IGroup/Reports/Posting/Cash & Credit Income Summary per Cost Center per Month.rpt","0e495f5601007a3233cde95521522bfdb3dac7d2","89600","Accounts/Reports/IGroup/Reports/Posting/Cash & Credit Income Summary per Cost Center per Month.rpt","_Quarantine/CrystalReports_CrossRoot_2026-08-11/ExactDuplicates/IGroup/Reports/Posting/Cash & Credit Income Summary per Cost Center per Month.rpt","Exact copy exists under the configured Accounts/Reports/IGroup runtime tree"
"IGroup/Reports/Posting/Cash Income Summary per Cost Center per Department.rpt","3976eac06477576684c7f8924a20ec74e9602749","245760","Accounts/Reports/IGroup/Reports/Posting/Cash Income Summary per Cost Center per Department.rpt","_Quarantine/CrystalReports_CrossRoot_2026-08-11/ExactDuplicates/IGroup/Reports/Posting/Cash Income Summary per Cost Center per Department.rpt","Exact copy exists under the configured Accounts/Reports/IGroup runtime tree"
"IGroup/Reports/Posting/Cash Income Summary per Cost Center per Month.rpt","e8b54fbf0591efd76425268c2af9d4896555f5c3","727040","Accounts/Reports/IGroup/Reports/Posting/Cash Income Summary per Cost Center per Month.rpt","_Quarantine/CrystalReports_CrossRoot_2026-08-11/ExactDuplicates/IGroup/Reports/Posting/Cash Income Summary per Cost Center per Month.rpt","Exact copy exists under the configured Accounts/Reports/IGroup runtime tree"
"IGroup/Reports/Posting/Combined Vat Summary Report Small Font per month Cash & Credit.rpt","5291c0057aef4fc6a71673836d643e54e976f3cd","53760","Accounts/Reports/IGroup/Reports/Posting/Combined Vat Summary Report Small Font per month Cash & Credit.rpt","_Quarantine/CrystalReports_CrossRoot_2026-08-11/ExactDuplicates/IGroup/Reports/Posting/Combined Vat Summary Report Small Font per month Cash & Credit.rpt","Exact copy exists under the configured Accounts/Reports/IGroup runtime tree"
"IGroup/Reports/Posting/Credit Income Summary per Cost Center per Company.rpt","185cf3b2301504b1e39a7588ae44e2cee521306d","63488","Accounts/Reports/IGroup/Reports/Posting/Credit Income Summary per Cost Center per Company.rpt","_Quarantine/CrystalReports_CrossRoot_2026-08-11/ExactDuplicates/IGroup/Reports/Posting/Credit Income Summary per Cost Center per Company.rpt","Exact copy exists under the configured Accounts/Reports/IGroup runtime tree"
"IGroup/Reports/Posting/Credit Income Summary per Cost Center per Department per Company Small Font.rpt","e4c2f0d9f27168dfc35017127c448d2925d453c1","342016","Accounts/Reports/IGroup/Reports/Posting/Credit Income Summary per Cost Center per Department per Company Small Font.rpt","_Quarantine/CrystalReports_CrossRoot_2026-08-11/ExactDuplicates/IGroup/Reports/Posting/Credit Income Summary per Cost Center per Department per Company Small Font.rpt","Exact copy exists under the configured Accounts/Reports/IGroup runtime tree"
"IGroup/Reports/Posting/Credit Income Summary per Cost Center per Month.rpt","f14caf90366e19465a98d9485428252d80546002","82944","Accounts/Reports/IGroup/Reports/Posting/Credit Income Summary per Cost Center per Month.rpt","_Quarantine/CrystalReports_CrossRoot_2026-08-11/ExactDuplicates/IGroup/Reports/Posting/Credit Income Summary per Cost Center per Month.rpt","Exact copy exists under the configured Accounts/Reports/IGroup runtime tree"
"IGroup/Reports/Posting/Credit Income Summary per Cost Center per Period.rpt","7f07b53ba30ce715bfd877bb6164d0ba7fac6565","78848","Accounts/Reports/IGroup/Reports/Posting/Credit Income Summary per Cost Center per Period.rpt","_Quarantine/CrystalReports_CrossRoot_2026-08-11/ExactDuplicates/IGroup/Reports/Posting/Credit Income Summary per Cost Center per Period.rpt","Exact copy exists under the configured Accounts/Reports/IGroup runtime tree"
"IGroup/Reports/Posting/Credit Income Summary per Month.rpt","015d8438613f358b92e2837f6d717e773387bb1f","80896","Accounts/Reports/IGroup/Reports/Posting/Credit Income Summary per Month.rpt","_Quarantine/CrystalReports_CrossRoot_2026-08-11/ExactDuplicates/IGroup/Reports/Posting/Credit Income Summary per Month.rpt","Exact copy exists under the configured Accounts/Reports/IGroup runtime tree"
"IGroup/Reports/Posting/Credit Own Sale-Revenue.rpt","266e7e4fa31f8f55a61894eb4121df569ec384e9","78848","Accounts/Reports/IGroup/Reports/Posting/Credit Own Sale-Revenue.rpt","_Quarantine/CrystalReports_CrossRoot_2026-08-11/ExactDuplicates/IGroup/Reports/Posting/Credit Own Sale-Revenue.rpt","Exact copy exists under the configured Accounts/Reports/IGroup runtime tree"
"IGroup/Reports/Posting/VAT Report Cash & Credit per Month Small Font.rpt","e9d72c48574be92975ee2efd0f47c91aa1065b4f","818176","Accounts/Reports/IGroup/Reports/Posting/VAT Report Cash & Credit per Month Small Font.rpt","_Quarantine/CrystalReports_CrossRoot_2026-08-11/ExactDuplicates/IGroup/Reports/Posting/VAT Report Cash & Credit per Month Small Font.rpt","Exact copy exists under the configured Accounts/Reports/IGroup runtime tree"
"IGroup/Reports/Posting/VAT Report Cash & Credit per Month.rpt","f7b8da8b22c6ee4d0bf186a7f54c32d706cfd29c","840704","Accounts/Reports/IGroup/Reports/Posting/VAT Report Cash & Credit per Month.rpt","_Quarantine/CrystalReports_CrossRoot_2026-08-11/ExactDuplicates/IGroup/Reports/Posting/VAT Report Cash & Credit per Month.rpt","Exact copy exists under the configured Accounts/Reports/IGroup runtime tree"
"IGroup/Reports/Posting/VAT Report Cash Only per Department Small Font.rpt","fa2e3162a8d520b656f81d6770589a330ca84190","755712","Accounts/Reports/IGroup/Reports/Posting/VAT Report Cash Only per Department Small Font.rpt","_Quarantine/CrystalReports_CrossRoot_2026-08-11/ExactDuplicates/IGroup/Reports/Posting/VAT Report Cash Only per Department Small Font.rpt","Exact copy exists under the configured Accounts/Reports/IGroup runtime tree"
"IGroup/Reports/Posting/VAT Report Cash Only per Month Small Font.rpt","7152f149b00cb303aaffd2ab9032d292bd2edcf5","753664","Accounts/Reports/IGroup/Reports/Posting/VAT Report Cash Only per Month Small Font.rpt","_Quarantine/CrystalReports_CrossRoot_2026-08-11/ExactDuplicates/IGroup/Reports/Posting/VAT Report Cash Only per Month Small Font.rpt","Exact copy exists under the configured Accounts/Reports/IGroup runtime tree"
"IGroup/Reports/Posting/VAT Report Credit Only per Department per Month Small Font.rpt","b68def9908354bc2e35d56dbaf175d41f6352f81","90624","Accounts/Reports/IGroup/Reports/Posting/VAT Report Credit Only per Department per Month Small Font.rpt","_Quarantine/CrystalReports_CrossRoot_2026-08-11/ExactDuplicates/IGroup/Reports/Posting/VAT Report Credit Only per Department per Month Small Font.rpt","Exact copy exists under the configured Accounts/Reports/IGroup runtime tree"
"IGroup/Reports/Posting/VAT Report Credit Only per Month Small Font.rpt","dddae8e2c20ebc404d56fa065661fc72bbb16caa","751104","Accounts/Reports/IGroup/Reports/Posting/VAT Report Credit Only per Month Small Font.rpt","_Quarantine/CrystalReports_CrossRoot_2026-08-11/ExactDuplicates/IGroup/Reports/Posting/VAT Report Credit Only per Month Small Font.rpt","Exact copy exists under the configured Accounts/Reports/IGroup runtime tree"
"IGroup/Reports/PurchaseOrder.rpt","6be8cfe4f57c3b3babd0ecdabe34b48354307f5a","15872","Accounts/Reports/IGroup/Reports/PurchaseOrder.rpt; Accounts/Reports/IGroup/Reports/Report Backups/PurchaseOrder.rpt","_Quarantine/CrystalReports_CrossRoot_2026-08-11/ExactDuplicates/IGroup/Reports/PurchaseOrder.rpt","Exact copy exists under the configured Accounts/Reports/IGroup runtime tree"
"IGroup/Reports/PurchaseOrderAnalysis.rpt","90b12631e00139fd05502b2ffba27aefb8d498a5","51200","Accounts/Reports/IGroup/Reports/PurchaseOrderAnalysis.rpt","_Quarantine/CrystalReports_CrossRoot_2026-08-11/ExactDuplicates/IGroup/Reports/PurchaseOrderAnalysis.rpt","Exact copy exists under the configured Accounts/Reports/IGroup runtime tree"
"IGroup/Reports/PurchaseReport.rpt","772653f20ecab0eb074cb9c98197ef99ec93db00","54784","Accounts/Reports/IGroup/Reports/PurchaseReport.rpt","_Quarantine/CrystalReports_CrossRoot_2026-08-11/ExactDuplicates/IGroup/Reports/PurchaseReport.rpt","Exact copy exists under the configured Accounts/Reports/IGroup runtime tree"
"IGroup/Reports/PurchaseReturnReport.rpt","96d7f97ef12046682c2efd84cbf4d7110bd5f22b","54272","Accounts/Reports/IGroup/Reports/PurchaseReturnReport.rpt","_Quarantine/CrystalReports_CrossRoot_2026-08-11/ExactDuplicates/IGroup/Reports/PurchaseReturnReport.rpt","Exact copy exists under the configured Accounts/Reports/IGroup runtime tree"
"IGroup/Reports/QRCODE Printng.rpt","6304d2cc3468a0f0ae1992b6a84e0add2cf77662","57344","Accounts/Reports/IGroup/Reports/QRCODE Printng.rpt","_Quarantine/CrystalReports_CrossRoot_2026-08-11/ExactDuplicates/IGroup/Reports/QRCODE Printng.rpt","Exact copy exists under the configured Accounts/Reports/IGroup runtime tree"
"IGroup/Reports/Report2.rpt","ee5250b12c2fcedb192b3703e021554c3c854079","52736","Accounts/Reports/IGroup/Reports/Report2.rpt","_Quarantine/CrystalReports_CrossRoot_2026-08-11/ExactDuplicates/IGroup/Reports/Report2.rpt","Exact copy exists under the configured Accounts/Reports/IGroup runtime tree"
"IGroup/Reports/RevenuePosting/Combined Total Income per Cost Center Cash New.rpt","42b133d77ec13ff8b51b4615b4dc680cf4c1bd46","53760","Accounts/Reports/IGroup/Reports/RevenuePosting/Combined Total Income per Cost Center Cash New.rpt","_Quarantine/CrystalReports_CrossRoot_2026-08-11/ExactDuplicates/IGroup/Reports/RevenuePosting/Combined Total Income per Cost Center Cash New.rpt","Exact copy exists under the configured Accounts/Reports/IGroup runtime tree"
"IGroup/Reports/RevenuePosting/Combined Total Income per Cost Center Cash Only.rpt","887aa99ed046646c095e2817221b10c454a9d5bd","54784","Accounts/Reports/IGroup/Reports/RevenuePosting/Combined Total Income per Cost Center Cash Only.rpt","_Quarantine/CrystalReports_CrossRoot_2026-08-11/ExactDuplicates/IGroup/Reports/RevenuePosting/Combined Total Income per Cost Center Cash Only.rpt","Exact copy exists under the configured Accounts/Reports/IGroup runtime tree"
"IGroup/Reports/RevenuePosting/Combined Total Income per Cost Center.rpt","03409a64f3a828478124d9788ac00441ae34fb03","53760","Accounts/Reports/IGroup/Reports/RevenuePosting/Combined Total Income per Cost Center.rpt","_Quarantine/CrystalReports_CrossRoot_2026-08-11/ExactDuplicates/IGroup/Reports/RevenuePosting/Combined Total Income per Cost Center.rpt","Exact copy exists under the configured Accounts/Reports/IGroup runtime tree"
"IGroup/Reports/RevenuePosting/Pharmacy Total Income per Company Cost Center.rpt","6f268116b26fca8fc4c7a37e85c319542f6e014f","56832","Accounts/Reports/IGroup/Reports/RevenuePosting/Pharmacy Total Income per Company Cost Center.rpt","_Quarantine/CrystalReports_CrossRoot_2026-08-11/ExactDuplicates/IGroup/Reports/RevenuePosting/Pharmacy Total Income per Company Cost Center.rpt","Exact copy exists under the configured Accounts/Reports/IGroup runtime tree"
"IGroup/Reports/RevenuePosting/Pharmacy Total Income per Cost Center.rpt","6f932bdfa84f1bc329615d2f4b6e2bf66c1a19ab","53760","Accounts/Reports/IGroup/Reports/RevenuePosting/Pharmacy Total Income per Cost Center.rpt","_Quarantine/CrystalReports_CrossRoot_2026-08-11/ExactDuplicates/IGroup/Reports/RevenuePosting/Pharmacy Total Income per Cost Center.rpt","Exact copy exists under the configured Accounts/Reports/IGroup runtime tree"
"IGroup/Reports/RevenueReportDoctorWiseCombined.rpt","ec9c75cd3da75cc7c49eaa935d49080172c4c66f","54784","Accounts/Reports/IGroup/Reports/RevenueReportDoctorWiseCombined.rpt","_Quarantine/CrystalReports_CrossRoot_2026-08-11/ExactDuplicates/IGroup/Reports/RevenueReportDoctorWiseCombined.rpt","Exact copy exists under the configured Accounts/Reports/IGroup runtime tree"
"IGroup/Reports/RevenueReportDoctorWisePatients.rpt","89f4903b5803decfa2a1b762f3decc44a6abc407","54784","Accounts/Reports/IGroup/Reports/RevenueReportDoctorWisePatients.rpt","_Quarantine/CrystalReports_CrossRoot_2026-08-11/ExactDuplicates/IGroup/Reports/RevenueReportDoctorWisePatients.rpt","Exact copy exists under the configured Accounts/Reports/IGroup runtime tree"
"IGroup/Reports/SaleProfitabilityDateWise.rpt","e873142f9618bda8d425f70bdc65c66ea6e0e01a","19456","Accounts/Reports/IGroup/Reports/Report Backups/SaleProfitabilityDateWise.rpt; Accounts/Reports/IGroup/Reports/SaleProfitabilityDateWise.rpt","_Quarantine/CrystalReports_CrossRoot_2026-08-11/ExactDuplicates/IGroup/Reports/SaleProfitabilityDateWise.rpt","Exact copy exists under the configured Accounts/Reports/IGroup runtime tree"
"IGroup/Reports/SaleProfitabilityInvoiceWise.rpt","5ea7e1600f682c5c70a9b80cd89c199869e7024c","17920","Accounts/Reports/IGroup/Reports/Report Backups/SaleProfitabilityInvoiceWise.rpt; Accounts/Reports/IGroup/Reports/SaleProfitabilityInvoiceWise.rpt","_Quarantine/CrystalReports_CrossRoot_2026-08-11/ExactDuplicates/IGroup/Reports/SaleProfitabilityInvoiceWise.rpt","Exact copy exists under the configured Accounts/Reports/IGroup runtime tree"
"IGroup/Reports/SaleProfitabilityItemWise.rpt","7b0b61799c93f78c76db548885e0ffc2d351d19b","16384","Accounts/Reports/IGroup/Reports/Report Backups/SaleProfitabilityItemWise.rpt; Accounts/Reports/IGroup/Reports/SaleProfitabilityItemWise.rpt","_Quarantine/CrystalReports_CrossRoot_2026-08-11/ExactDuplicates/IGroup/Reports/SaleProfitabilityItemWise.rpt","Exact copy exists under the configured Accounts/Reports/IGroup runtime tree"
"IGroup/Reports/Stock Consumption Injections (itemized).rpt","33f18409f47bf424ccb4e6afc28d0bb48f1e884a","76288","Accounts/Reports/IGroup/Reports/Stock Consumption Injections (itemized).rpt","_Quarantine/CrystalReports_CrossRoot_2026-08-11/ExactDuplicates/IGroup/Reports/Stock Consumption Injections (itemized).rpt","Exact copy exists under the configured Accounts/Reports/IGroup runtime tree"
"IGroup/Reports/Stock Consumption Injections (Summarized).rpt","19f370b1ed7a43ce27cd0ec30664be7dc9df7fb8","61440","Accounts/Reports/IGroup/Reports/Stock Consumption Injections (Summarized).rpt","_Quarantine/CrystalReports_CrossRoot_2026-08-11/ExactDuplicates/IGroup/Reports/Stock Consumption Injections (Summarized).rpt","Exact copy exists under the configured Accounts/Reports/IGroup runtime tree"
"IGroup/Reports/Stock Consumption Meds Only.rpt","d179042f232e24eed13e78b4d3b59beb7080ea1d","58880","Accounts/Reports/IGroup/Reports/Stock Consumption Meds Only.rpt","_Quarantine/CrystalReports_CrossRoot_2026-08-11/ExactDuplicates/IGroup/Reports/Stock Consumption Meds Only.rpt","Exact copy exists under the configured Accounts/Reports/IGroup runtime tree"
"IGroup/Reports/Stock Consumption Per Clinic excluding Injections & Cleaning Items (itemized).rpt","e0d23e2dca26d5ee37e6cc92eab353bbcc033b05","75264","Accounts/Reports/IGroup/Reports/Stock Consumption Per Clinic excluding Injections & Cleaning Items (itemized).rpt","_Quarantine/CrystalReports_CrossRoot_2026-08-11/ExactDuplicates/IGroup/Reports/Stock Consumption Per Clinic excluding Injections & Cleaning Items (itemized).rpt","Exact copy exists under the configured Accounts/Reports/IGroup runtime tree"
"IGroup/Reports/Stock Consumption Per Clinic excluding Injections & Cleaning Items (Summarized).rpt","2f3cfd9530dacaa27942fdb6a502bbd166473de7","58880","Accounts/Reports/IGroup/Reports/Stock Consumption Per Clinic excluding Injections & Cleaning Items (Summarized).rpt","_Quarantine/CrystalReports_CrossRoot_2026-08-11/ExactDuplicates/IGroup/Reports/Stock Consumption Per Clinic excluding Injections & Cleaning Items (Summarized).rpt","Exact copy exists under the configured Accounts/Reports/IGroup runtime tree"
"IGroup/Reports/Stock Consumption Per Clinic excluding Injections & Cleaning Items (Summary).rpt","c5483a3c78392b370118940452329d62c2490b88","61440","Accounts/Reports/IGroup/Reports/Stock Consumption Per Clinic excluding Injections & Cleaning Items (Summary).rpt","_Quarantine/CrystalReports_CrossRoot_2026-08-11/ExactDuplicates/IGroup/Reports/Stock Consumption Per Clinic excluding Injections & Cleaning Items (Summary).rpt","Exact copy exists under the configured Accounts/Reports/IGroup runtime tree"
"IGroup/Reports/Stock Consumption Report for a specified Ending Date.rpt","0a7df05c3b92c09c2f62a8dbf928905f55b87beb","82944","Accounts/Reports/IGroup/Reports/Stock Consumption Report for a specified Ending Date.rpt","_Quarantine/CrystalReports_CrossRoot_2026-08-11/ExactDuplicates/IGroup/Reports/Stock Consumption Report for a specified Ending Date.rpt","Exact copy exists under the configured Accounts/Reports/IGroup runtime tree"
"IGroup/Reports/Stock Consumption Report for a specified Ending Date2.rpt","5f5052a4fbab1272d386bf4765c7631d538bd0cc","82944","Accounts/Reports/IGroup/Reports/Stock Consumption Report for a specified Ending Date2.rpt","_Quarantine/CrystalReports_CrossRoot_2026-08-11/ExactDuplicates/IGroup/Reports/Stock Consumption Report for a specified Ending Date2.rpt","Exact copy exists under the configured Accounts/Reports/IGroup runtime tree"
"IGroup/Reports/Stock Consumption with Parameters.rpt","a3fd4645c4e625c7844a26fbfa678a4f8bd6a1f1","56320","Accounts/Reports/IGroup/Reports/Stock Consumption with Parameters.rpt","_Quarantine/CrystalReports_CrossRoot_2026-08-11/ExactDuplicates/IGroup/Reports/Stock Consumption with Parameters.rpt","Exact copy exists under the configured Accounts/Reports/IGroup runtime tree"
"IGroup/Reports/Stock Consumption.rpt","e1e7c9af85221e1cc56e42eaa3e854b94f10e7a0","58880","Accounts/Reports/IGroup/Reports/Stock Consumption.rpt","_Quarantine/CrystalReports_CrossRoot_2026-08-11/ExactDuplicates/IGroup/Reports/Stock Consumption.rpt","Exact copy exists under the configured Accounts/Reports/IGroup runtime tree"
"IGroup/Reports/Stock Consumption2.rpt","8d336b3c1955ff9fdedf56cabab89c170ed6663e","56320","Accounts/Reports/IGroup/Reports/Stock Consumption2.rpt","_Quarantine/CrystalReports_CrossRoot_2026-08-11/ExactDuplicates/IGroup/Reports/Stock Consumption2.rpt","Exact copy exists under the configured Accounts/Reports/IGroup runtime tree"
"IGroup/Reports/StockAdjustment.rpt","ef8d9cc85a310b14bb0be7408c911c00febdafea","15872","Accounts/Reports/IGroup/Reports/Report Backups/StockAdjustment.rpt; Accounts/Reports/IGroup/Reports/StockAdjustment.rpt","_Quarantine/CrystalReports_CrossRoot_2026-08-11/ExactDuplicates/IGroup/Reports/StockAdjustment.rpt","Exact copy exists under the configured Accounts/Reports/IGroup runtime tree"
"IGroup/Reports/StockRegister Summary.rpt","cd0ebb6bd0eb623ca9301ad10498b86c2761bd57","17408","Accounts/Reports/IGroup/Reports/StockRegister Summary.rpt","_Quarantine/CrystalReports_CrossRoot_2026-08-11/ExactDuplicates/IGroup/Reports/StockRegister Summary.rpt","Exact copy exists under the configured Accounts/Reports/IGroup runtime tree"
"IGroup/Reports/StockRegister.rpt","8d5fecbdeaefa10aead6aa4694a18017a643651d","51200","Accounts/Reports/IGroup/Reports/StockRegister.rpt","_Quarantine/CrystalReports_CrossRoot_2026-08-11/ExactDuplicates/IGroup/Reports/StockRegister.rpt","Exact copy exists under the configured Accounts/Reports/IGroup runtime tree"
"IGroup/Reports/StockRegisterClinic.rpt","5a968bf9d08a73497d82efe58b9797f267f4bcfd","21504","Accounts/Reports/IGroup/Reports/StockRegisterClinic.rpt","_Quarantine/CrystalReports_CrossRoot_2026-08-11/ExactDuplicates/IGroup/Reports/StockRegisterClinic.rpt","Exact copy exists under the configured Accounts/Reports/IGroup runtime tree"
"IGroup/Reports/StockRegisterClinicNew.rpt","1a25529a4f21440e689119108d28b23690cc17d2","21504","Accounts/Reports/IGroup/Reports/StockRegisterClinicNew.rpt","_Quarantine/CrystalReports_CrossRoot_2026-08-11/ExactDuplicates/IGroup/Reports/StockRegisterClinicNew.rpt","Exact copy exists under the configured Accounts/Reports/IGroup runtime tree"
"IGroup/Reports/StockRegisterNew.rpt","20e0519c59ec8f156b26675d43c1c229ca6741fe","17408","Accounts/Reports/IGroup/Reports/StockRegisterNew.rpt","_Quarantine/CrystalReports_CrossRoot_2026-08-11/ExactDuplicates/IGroup/Reports/StockRegisterNew.rpt","Exact copy exists under the configured Accounts/Reports/IGroup runtime tree"
"IGroup/Reports/StockRegisterPharmacy.rpt","93308d451ca0eed455dd4091722a98b71988fdaa","21504","Accounts/Reports/IGroup/Reports/StockRegisterPharmacy.rpt","_Quarantine/CrystalReports_CrossRoot_2026-08-11/ExactDuplicates/IGroup/Reports/StockRegisterPharmacy.rpt","Exact copy exists under the configured Accounts/Reports/IGroup runtime tree"
"IGroup/Reports/StockRegisterWithBarCodes.rpt","73ec0bd2bf918aef5fda6af4e89fc32f308bcabc","21504","Accounts/Reports/IGroup/Reports/StockRegisterWithBarCodes.rpt","_Quarantine/CrystalReports_CrossRoot_2026-08-11/ExactDuplicates/IGroup/Reports/StockRegisterWithBarCodes.rpt","Exact copy exists under the configured Accounts/Reports/IGroup runtime tree"
"IGroup/Reports/SupplierWisePurchaseHistory.rpt","72b0bdd847a7c600d49d88fea39b860b1ba0d52c","49152","Accounts/Reports/IGroup/Reports/SupplierWisePurchaseHistory.rpt","_Quarantine/CrystalReports_CrossRoot_2026-08-11/ExactDuplicates/IGroup/Reports/SupplierWisePurchaseHistory.rpt","Exact copy exists under the configured Accounts/Reports/IGroup runtime tree"
"IGroup/Reports/TestChartOfAccounts.rpt","a2ed36d02dd25ccf0eb2a09dab07d347f858d8c6","48128","Accounts/Reports/IGroup/Reports/TestChartOfAccounts.rpt","_Quarantine/CrystalReports_CrossRoot_2026-08-11/ExactDuplicates/IGroup/Reports/TestChartOfAccounts.rpt","Exact copy exists under the configured Accounts/Reports/IGroup runtime tree"
"IGroup/Reports/Total Cash Income & Vat Summary Report All.rpt","7e1f0b7fe8c05dfa74898805c35def98628e7b0a","53248","Accounts/Reports/IGroup/Reports/Total Cash Income & Vat Summary Report All.rpt","_Quarantine/CrystalReports_CrossRoot_2026-08-11/ExactDuplicates/IGroup/Reports/Total Cash Income & Vat Summary Report All.rpt","Exact copy exists under the configured Accounts/Reports/IGroup runtime tree"
"IGroup/Reports/Total Cash Income & Vat Summary Report Per Department.rpt","fed5f4381625c29c0b5ec427de43655b7b121794","53248","Accounts/Reports/IGroup/Reports/Total Cash Income & Vat Summary Report Per Department.rpt","_Quarantine/CrystalReports_CrossRoot_2026-08-11/ExactDuplicates/IGroup/Reports/Total Cash Income & Vat Summary Report Per Department.rpt","Exact copy exists under the configured Accounts/Reports/IGroup runtime tree"
"IGroup/Reports/Total Diagnostic Center Cash Income & Vat Summary Report Per Department.rpt","35d7d0daab6fc14d47697299dc9ab4b62a7d6463","53248","Accounts/Reports/IGroup/Reports/Total Diagnostic Center Cash Income & Vat Summary Report Per Department.rpt","_Quarantine/CrystalReports_CrossRoot_2026-08-11/ExactDuplicates/IGroup/Reports/Total Diagnostic Center Cash Income & Vat Summary Report Per Department.rpt","Exact copy exists under the configured Accounts/Reports/IGroup runtime tree"
"IGroup/Reports/Transfer2BranchStockReport.rpt","cf30a6e6e15822403f8629584d309a697c0dfe16","16384","Accounts/Reports/IGroup/Reports/Transfer2BranchStockReport.rpt","_Quarantine/CrystalReports_CrossRoot_2026-08-11/ExactDuplicates/IGroup/Reports/Transfer2BranchStockReport.rpt","Exact copy exists under the configured Accounts/Reports/IGroup runtime tree"
"IGroup/Reports/TransferStockItemWiseReport.rpt","159f5f074d86572de46ebe6b804a7be2a5e85658","89600","Accounts/Reports/IGroup/Reports/Report Backups/TransferStockItemWiseReport.rpt; Accounts/Reports/IGroup/Reports/TransferStockItemWiseReport.rpt","_Quarantine/CrystalReports_CrossRoot_2026-08-11/ExactDuplicates/IGroup/Reports/TransferStockItemWiseReport.rpt","Exact copy exists under the configured Accounts/Reports/IGroup runtime tree"
"IGroup/Reports/TransferStockReport.rpt","4b3fef0e9e22f99a3a0562fd6730895902efb8c6","50176","Accounts/Reports/IGroup/Reports/TransferStockReport.rpt","_Quarantine/CrystalReports_CrossRoot_2026-08-11/ExactDuplicates/IGroup/Reports/TransferStockReport.rpt","Exact copy exists under the configured Accounts/Reports/IGroup runtime tree"
"IGroup/Reports/UltrasoundTests Done for a given Period per Unknown Nationality.rpt","4b23d78ef24aa3b92fba800e91c599d6cb23c4e0","64000","Accounts/Reports/IGroup/Reports/UltrasoundTests Done for a given Period per Unknown Nationality.rpt","_Quarantine/CrystalReports_CrossRoot_2026-08-11/ExactDuplicates/IGroup/Reports/UltrasoundTests Done for a given Period per Unknown Nationality.rpt","Exact copy exists under the configured Accounts/Reports/IGroup runtime tree"
"IGroup/Reports/UnpostedPayables.rpt","9875b650aa9ac4a32130fb3aff684b846750e28c","14336","Accounts/Reports/IGroup/Reports/Report Backups/UnpostedPayables.rpt; Accounts/Reports/IGroup/Reports/UnpostedPayables.rpt","_Quarantine/CrystalReports_CrossRoot_2026-08-11/ExactDuplicates/IGroup/Reports/UnpostedPayables.rpt","Exact copy exists under the configured Accounts/Reports/IGroup runtime tree"
"IGroup/Reports/Vaccines Done for a given Period per Nationality Diagnosis Center Only New.rpt","9205b911f2aaec0560f98c27e564c0bed671efd7","70144","Accounts/Reports/IGroup/Reports/Vaccines Done for a given Period per Nationality Diagnosis Center Only New.rpt","_Quarantine/CrystalReports_CrossRoot_2026-08-11/ExactDuplicates/IGroup/Reports/Vaccines Done for a given Period per Nationality Diagnosis Center Only New.rpt","Exact copy exists under the configured Accounts/Reports/IGroup runtime tree"
"IGroup/Reports/Vaccines Done for a given Period per Nationality Diagnosis Center Only.rpt","dcad48b6cc07bce81b5105f8ce28af2461e70891","75776","Accounts/Reports/IGroup/Reports/Vaccines Done for a given Period per Nationality Diagnosis Center Only.rpt","_Quarantine/CrystalReports_CrossRoot_2026-08-11/ExactDuplicates/IGroup/Reports/Vaccines Done for a given Period per Nationality Diagnosis Center Only.rpt","Exact copy exists under the configured Accounts/Reports/IGroup runtime tree"
"IGroup/Reports/Vaccines Done for a given Period per Nationality per doctor.rpt","ceb36e3c6fd0fb1fce5c76b81c084764bec170ac","60416","Accounts/Reports/IGroup/Reports/Vaccines Done for a given Period per Nationality per doctor.rpt","_Quarantine/CrystalReports_CrossRoot_2026-08-11/ExactDuplicates/IGroup/Reports/Vaccines Done for a given Period per Nationality per doctor.rpt","Exact copy exists under the configured Accounts/Reports/IGroup runtime tree"
"IGroup/Reports/Vaccines Done for a given Period per Nationality.rpt","db45d02db2a3473dc5191024d424eab4a890c5c7","70144","Accounts/Reports/IGroup/Reports/Vaccines Done for a given Period per Nationality.rpt","_Quarantine/CrystalReports_CrossRoot_2026-08-11/ExactDuplicates/IGroup/Reports/Vaccines Done for a given Period per Nationality.rpt","Exact copy exists under the configured Accounts/Reports/IGroup runtime tree"
"IGroup/Reports/Vaccines Done for a given Period per Unknown Nationality.rpt","01bbc5b5f0be5df1779091e1cd0c9cfb39c281dc","65024","Accounts/Reports/IGroup/Reports/Vaccines Done for a given Period per Unknown Nationality.rpt","_Quarantine/CrystalReports_CrossRoot_2026-08-11/ExactDuplicates/IGroup/Reports/Vaccines Done for a given Period per Unknown Nationality.rpt","Exact copy exists under the configured Accounts/Reports/IGroup runtime tree"
"IGroup/Reports/VoucherPrint.rpt","b5fccce6780e2d7cb0c27380f358aad975b7c345","43520","Accounts/Reports/IGroup/Reports/Report Backups/VoucherPrint.rpt; Accounts/Reports/IGroup/Reports/VoucherPrint.rpt","_Quarantine/CrystalReports_CrossRoot_2026-08-11/ExactDuplicates/IGroup/Reports/VoucherPrint.rpt","Exact copy exists under the configured Accounts/Reports/IGroup runtime tree"
"IGroup/Reports/X-Ray Tests Done for a given Period per Nationality.rpt","6df951bab642cce6e2893dee6a89fcdd3ac8b120","75776","Accounts/Reports/IGroup/Reports/X-Ray Tests Done for a given Period per Nationality.rpt","_Quarantine/CrystalReports_CrossRoot_2026-08-11/ExactDuplicates/IGroup/Reports/X-Ray Tests Done for a given Period per Nationality.rpt","Exact copy exists under the configured Accounts/Reports/IGroup runtime tree"
"IGroup/Reports/X-Ray Tests Done for a given Period per Unknown Nationality.rpt","76a7ffd826cc19095e45b30b08a9e9570ec3a481","74752","Accounts/Reports/IGroup/Reports/X-Ray Tests Done for a given Period per Unknown Nationality.rpt","_Quarantine/CrystalReports_CrossRoot_2026-08-11/ExactDuplicates/IGroup/Reports/X-Ray Tests Done for a given Period per Unknown Nationality.rpt","Exact copy exists under the configured Accounts/Reports/IGroup runtime tree"
"IGroup/Reports/XrayPlainReport.rpt","ca25ec54f68a00833642e6a4e642a3410dc5dffc","48640","Accounts/Reports/IGroup/Reports/XrayPlainReport.rpt","_Quarantine/CrystalReports_CrossRoot_2026-08-11/ExactDuplicates/IGroup/Reports/XrayPlainReport.rpt","Exact copy exists under the configured Accounts/Reports/IGroup runtime tree"
