"Path","Exists","BlobHash","SizeBytes","FileName","BackupStyle","BackupReason","ProjectIncluded","TextReferenced","ReferenceEvidence","DuplicateCount","CanonicalPath","Classification","ProposedAction"
"Accounts/Reports/01-Revenue Sale Vat Report Summary.rpt","True","86554de6c00233a0180b1df19896051f21a86068","80896","01-Revenue Sale Vat Report Summary.rpt","False","","False","False","","1","","No static reference found; retained because reports are loaded dynamically","Retain"
"Accounts/Reports/Account Activity Repor.rpt","True","9211c791965ff278f59ad2daa858f67e580925ca","1604608","Account Activity Repor.rpt","False","","False","False","","1","","No static reference found; retained because reports are loaded dynamically","Retain"
"Accounts/Reports/Account Activity Report Error.rpt","True","c2a14e3e8b577bf8a110c23043b989183ab47281","1609728","Account Activity Report Error.rpt","False","","False","False","","1","","No static reference found; retained because reports are loaded dynamically","Retain"
"Accounts/Reports/Account Activity Report New.rpt","True","f35e50ec89bf9368890bd7b36e1a6ed10ea64cb5","1621504","Account Activity Report New.rpt","False","","False","False","","1","","No static reference found; retained because reports are loaded dynamically","Retain"
"Accounts/Reports/Account Activity Report New2.rpt","True","3674c6feb23627d1057161760377334e69862931","1609216","Account Activity Report New2.rpt","False","","False","False","","1","","No static reference found; retained because reports are loaded dynamically","Retain"
"Accounts/Reports/Account Activity Report Old Ok.rpt","True","8b7827d30c90b9b06f96b434869b97ded3e3cde8","1704448","Account Activity Report Old Ok.rpt","False","","False","False","","1","","No static reference found; retained because reports are loaded dynamically","Retain"
"Accounts/Reports/Account Activity Report Orig New.rpt","True","db3356ac71394072a285691eb8417487e47f4935","1608704","Account Activity Report Orig New.rpt","False","","False","False","","1","","No static reference found; retained because reports are loaded dynamically","Retain"
"Accounts/Reports/Account Activity Report Orig.rpt","True","90ffe156b1056c33aa0706c4b1403f387ec1b245","1608704","Account Activity Report Orig.rpt","False","","False","False","","1","","No static reference found; retained because reports are loaded dynamically","Retain"
"Accounts/Reports/Account Activity Report Original.rpt","True","007190a79399727132b6e07cc8297709062ff8be","1604096","Account Activity Report Original.rpt","True","Archive-style filename","False","False","","1","","Archive-style filename retained pending runtime validation","Retain"
"Accounts/Reports/Account Activity Report Per Employee.rpt","True","d681e062fe1ec06ba8f9dc88ab0ff2f3aced9e68","1611776","Account Activity Report Per Employee.rpt","False","","False","False","","1","","No static reference found; retained because reports are loaded dynamically","Retain"
"Accounts/Reports/Account Activity Report Test.rpt","True","07a7cae0c43b2bc1f29d16c3d60aa95a2b01f9c2","1610752","Account Activity Report Test.rpt","True","Archive-style filename","False","False","","1","","Archive-style filename retained pending runtime validation","Retain"
"Accounts/Reports/Account Activity Report Test2.rpt","True","8df47c1a66c670c37a20e52f714cc35091aadee8","1608192","Account Activity Report Test2.rpt","True","Archive-style filename","False","False","","1","","Archive-style filename retained pending runtime validation","Retain"
"Accounts/Reports/Account Activity Report.rpt","True","055845a73fe599353963f55b3efd88c0a288da8b","1604096","Account Activity Report.rpt","False","","True","True","Accounts/Reports/Account Activity Report.vb:30; Accounts/PresentationLayer/Views/Forms/Reports/AccountActivity.vb:79; Accounts/Accounts.vbproj:1578; Accounts/Accounts.vbproj:2518","1","","Protected by static or project reference","Retain"
"Accounts/Reports/Account Activity Report2.rpt","True","d774964e5f9235ff060f27c6c2dd315dd36e363d","1608704","Account Activity Report2.rpt","False","","False","False","","1","","No static reference found; retained because reports are loaded dynamically","Retain"
"Accounts/Reports/Account Reconciliation Report (No Error no Arabic).rpt","True","4f0bb192522f6e1035f09786f6f19b86b1cde6be","489472","Account Reconciliation Report (No Error no Arabic).rpt","False","","False","False","","1","","No static reference found; retained because reports are loaded dynamically","Retain"
"Accounts/Reports/Account Reconciliation Report Old Backup.rpt","True","c4b207e9c3f60fe2e37ac9ead029d10365afe836","1239040","Account Reconciliation Report Old Backup.rpt","True","Archive-style filename","False","False","","1","","Archive-style filename retained pending runtime validation","Retain"
"Accounts/Reports/Account Reconciliation Report.rpt","True","452ecd3e11d9879509a69f2496e469141813e9c9","1239040","Account Reconciliation Report.rpt","False","","True","True","Accounts/PresentationLayer/Presenters/AccountReconciliationPresenter.vb:273; Accounts/Accounts.vbproj:1584; Accounts/Accounts.vbproj:2522","1","","Protected by static or project reference","Retain"
"Accounts/Reports/Account Reconciliation Report1.rpt","True","d7732f875d788881b86ce43c2ced76b4a8e80428","487936","Account Reconciliation Report1.rpt","False","","False","False","","1","","No static reference found; retained because reports are loaded dynamically","Retain"
"Accounts/Reports/Account Reconciliation.rpt","True","e02850e4f3889af20217ea48b4f26cecceaf366a","486912","Account Reconciliation.rpt","False","","True","True","Accounts/Reports/Account Reconciliation.vb:30; Accounts/Reports/Account Reconciliation Report.vb:30; Accounts/Accounts.vbproj:1590; Accounts/Accounts.vbproj:2526","1","","Protected by static or project reference","Retain"
"Accounts/Reports/Accounts Payable Journal.rpt","True","8f0d7f93e7ed7367d4eb0dc78cde551275426e3b","466944","Accounts Payable Journal.rpt","False","","True","True","Accounts/Reports/Accounts Payable Journal.vb:30; Accounts/PresentationLayer/Presenters/SalePresenter.vb:147; Accounts/PresentationLayer/Presenters/ApJournalPresenter.vb:294; Accounts/Accounts.vbproj:1596; Accounts/Accounts.vbproj:2530","1","","Protected by static or project reference","Retain"
"Accounts/Reports/Accounts Receivable Journal.rpt","True","afcf180172493e046a636a47c62488d84f11fb81","464384","Accounts Receivable Journal.rpt","False","","True","True","Accounts/Reports/Accounts Receivable Journal.vb:30; Accounts/PresentationLayer/Views/Forms/ArJournalReport.vb:12; Accounts/PresentationLayer/Presenters/ArJournalPresenter.vb:288; Accounts/Accounts.vbproj:1602; Accounts/Accounts.vbproj:2534","1","","Protected by static or project reference","Retain"
"Accounts/Reports/Aging of Accounts Payable.rpt","True","7a34bb9b56d550e10e0f1ae70a041127a3a530a2","826880","Aging of Accounts Payable.rpt","False","","True","True","Accounts/Reports/Aging of Accounts Payable.vb:30; Accounts/PresentationLayer/Views/Forms/Payroll.vb:225; Accounts/PresentationLayer/Views/Forms/MainOld.vb:195; Accounts/PresentationLayer/Views/Forms/MainForm.vb:241; Accounts/Accounts.vbproj:1608","1","","Protected by static or project reference","Retain"
"Accounts/Reports/Aging of Accounts Receivable.rpt","True","b1f6912b394aaaf95a3a42c87df3405eca457edd","826368","Aging of Accounts Receivable.rpt","False","","True","True","Accounts/Reports/Aging of Accounts Receivable.vb:30; Accounts/PresentationLayer/Views/Forms/Payroll.vb:218; Accounts/PresentationLayer/Views/Forms/MainOld.vb:188; Accounts/PresentationLayer/Views/Forms/MainForm.vb:224; Accounts/Accounts.vbproj:1614","1","","Protected by static or project reference","Retain"
"Accounts/Reports/Balance Sheet 2.rpt","True","aa7bdb7ceeb84716c6c7e50ae472982a2f721097","1611776","Balance Sheet 2.rpt","False","","False","False","","1","","No static reference found; retained because reports are loaded dynamically","Retain"
"Accounts/Reports/Balance Sheet Closing.rpt","True","69add6e4a31b18edee580b6f4c1ac8c6bd535fcf","1612288","Balance Sheet Closing.rpt","False","","False","True","Accounts/PresentationLayer/Presenters/FinancialReportPresenter.vb:62","1","","Protected by static or project reference","Retain"
"Accounts/Reports/Balance Sheet Closing2.rpt","True","62e526434df3a33a4c6d535d78da9d83c606e7b2","1612800","Balance Sheet Closing2.rpt","False","","False","False","","1","","No static reference found; retained because reports are loaded dynamically","Retain"
"Accounts/Reports/Balance Sheet Original.rpt","True","bdd3fcc7a679fd590658be3f60ccea8aa5849afa","1611776","Balance Sheet Original.rpt","True","Archive-style filename","False","False","","1","","Archive-style filename retained pending runtime validation","Retain"
"Accounts/Reports/Balance Sheet Test.rpt","True","9904c467c2b0a83f923e9d2a2821e321509f7d5c","1614336","Balance Sheet Test.rpt","True","Archive-style filename","False","False","","1","","Archive-style filename retained pending runtime validation","Retain"
"Accounts/Reports/Balance Sheet.rpt","True","908df9b37ab52ada959266357fc6965db9e6ce4b","1612288","Balance Sheet.rpt","False","","True","True","Accounts/Reports/Balance Sheet.vb:30; Accounts/PresentationLayer/Presenters/FinancialReportPresenter.vb:35; Accounts/Accounts.vbproj:1620; Accounts/Accounts.vbproj:2546","1","","Protected by static or project reference","Retain"
"Accounts/Reports/Bank Transfer Journal.rpt","True","d8bc3a4dff2857716f19d918ff0f547bc8f0f492","467456","Bank Transfer Journal.rpt","False","","True","True","Accounts/Reports/Bank Transfer Journal.vb:30; Accounts/PresentationLayer/Presenters/DisbursementJournalPresenter.vb:392; Accounts/Accounts.vbproj:1626; Accounts/Accounts.vbproj:2550","1","","Protected by static or project reference","Retain"
"Accounts/Reports/BioTime/Daily Employee Punch Audit Report 2.rpt","True","6518d46ea5a7ed1506fe35f5a97efe331fcc717b","109056","Daily Employee Punch Audit Report 2.rpt","False","","False","False","","2","Accounts/Reports/BioTime/Daily Employee Punch Audit Report 2.rpt","Canonical copy retained for exact duplicate group","Retain"
"Accounts/Reports/BioTime/Daily Employee Punch Audit Report.rpt","True","7e33648b56432fbd15bb534fc5d51d60185bca24","110592","Daily Employee Punch Audit Report.rpt","False","","False","True","Accounts/Reports/BioTime/Daily Employee Punch Audit Report - Report Registration.sql:52; Accounts/Reports/BioTime/Daily Employee Punch Audit Report - Report Registration.sql:69","1","","Protected by static or project reference","Retain"
"Accounts/Reports/BioTime/Employee Absence & Leave Report Old.rpt","True","718c3bc30971a4d77e55862f021ec231c9a7d4f6","100864","Employee Absence & Leave Report Old.rpt","True","Archive-style filename","False","False","","1","","Archive-style filename retained pending runtime validation","Retain"
"Accounts/Reports/BioTime/Employee Absence & Leave Report.rpt","True","ba4a61d57abfaf4a96f96cf19785c9c1cf24ce81","98304","Employee Absence & Leave Report.rpt","False","","True","False","","1","","Protected by static or project reference","Retain"
"Accounts/Reports/BioTime/Employee Absence Report.rpt","True","316c10f5ad501592f61ebd3f99e4c9920d74f00d","50176","Employee Absence Report.rpt","False","","False","False","","1","","No static reference found; retained because reports are loaded dynamically","Retain"
"Accounts/Reports/BioTime/EmployeeSchedule.rpt","True","b340b42198842e89ec6da1bb49726a26089dacbc","56320","EmployeeSchedule.rpt","False","","False","False","","1","","No static reference found; retained because reports are loaded dynamically","Retain"
"Accounts/Reports/BioTime/New folder/Daily Employee Punch Audit Report 2.rpt","True","6518d46ea5a7ed1506fe35f5a97efe331fcc717b","109056","Daily Employee Punch Audit Report 2.rpt","False","","False","False","","2","Accounts/Reports/BioTime/Daily Employee Punch Audit Report 2.rpt","Exact duplicate retained pending filename/path validation","Retain"
"Accounts/Reports/BioTime/New folder/Daily Employee Punch Audit Report.rpt","True","33dbbc34de698db8ca9f983d6ea57019f90d1fb0","57344","Daily Employee Punch Audit Report.rpt","False","","False","True","Accounts/Reports/BioTime/Daily Employee Punch Audit Report - Report Registration.sql:52; Accounts/Reports/BioTime/Daily Employee Punch Audit Report - Report Registration.sql:69","1","","Protected by static or project reference","Retain"
"Accounts/Reports/BioTime/New folder/Periodic Attendance Report.rpt","True","9f01dbe86b6a932bd667c4f5c2e06903c1ba5384","110080","Periodic Attendance Report.rpt","False","","False","True","Accounts/Reports/BioTime/Periodic Attendance Report - Report Registration.sql:52; Accounts/Reports/BioTime/Periodic Attendance Report - Report Registration.sql:68","1","","Protected by static or project reference","Retain"
"Accounts/Reports/BioTime/Periodic Attendance Report.rpt","True","3842ae3adc3b4cd09b7de9160b4ef0f99728579d","100864","Periodic Attendance Report.rpt","False","","False","True","Accounts/Reports/BioTime/Periodic Attendance Report - Report Registration.sql:52; Accounts/Reports/BioTime/Periodic Attendance Report - Report Registration.sql:68","1","","Protected by static or project reference","Retain"
"Accounts/Reports/BioTime/Report4.rpt","True","bddfc80de1e996d722b9360be0bc5ec36f3a3b1a","99840","Report4.rpt","False","","False","False","","1","","No static reference found; retained because reports are loaded dynamically","Retain"
"Accounts/Reports/BioTime/Test.rpt","True","696f29f0c02e5c13bf3c306acce9766f4f20e794","50176","Test.rpt","True","Archive-style filename","False","False","","1","","Archive-style filename retained pending runtime validation","Retain"
"Accounts/Reports/Blank Report.rpt","True","58be54feadf9cdab5e855040cc32349ee0f9c27d","816128","Blank Report.rpt","False","","False","True","Accounts/PresentationLayer/Views/Forms/Payroll.vb:620; Accounts/PresentationLayer/Views/Forms/MainOld.vb:733; Accounts/PresentationLayer/Views/Forms/MainForm.vb:467","1","","Protected by static or project reference","Retain"
"Accounts/Reports/Cash Disbursement Journal.rpt","True","de56bef1f63ff9734d036c9ea5d0149d99bc0e50","465408","Cash Disbursement Journal.rpt","False","","True","True","Accounts/Reports/Cash Disbursement Journal.vb:30; Accounts/PresentationLayer/Presenters/DisbursementJournalPresenter.vb:396; Accounts/Accounts.vbproj:1632; Accounts/Accounts.vbproj:2554","1","","Protected by static or project reference","Retain"
"Accounts/Reports/Cash Receipt Journal.rpt","True","015a032e744716963996a007493da4b747205100","472064","Cash Receipt Journal.rpt","False","","True","True","Accounts/Reports/Cash Receipt Journal.vb:30; Accounts/PresentationLayer/Presenters/CashReceiptJournalPresenter.vb:31; Accounts/Accounts.vbproj:1638; Accounts/Accounts.vbproj:2558","1","","Protected by static or project reference","Retain"
"Accounts/Reports/Cash Revenue Sale Vat Report Summary.rpt","True","210bd7f625d2743b0ebe713f3b604ab26be144a7","80896","Cash Revenue Sale Vat Report Summary.rpt","False","","False","False","","1","","No static reference found; retained because reports are loaded dynamically","Retain"
"Accounts/Reports/Chart of Accountst.rpt","True","188bdc2e494147c61db9214843a1ea0bdbad30ab","899584","Chart of Accountst.rpt","False","","False","False","","1","","No static reference found; retained because reports are loaded dynamically","Retain"
"Accounts/Reports/Check Disbursement Journal Blank Form.rpt","True","5f2c735f913378655624ee0a54b2e65c8e97ca68","469504","Check Disbursement Journal Blank Form.rpt","False","","False","False","","1","","No static reference found; retained because reports are loaded dynamically","Retain"
"Accounts/Reports/Check Disbursement Journal.rpt","True","e2b49cdf76e5609d8e814517672004ce4c8212dc","468480","Check Disbursement Journal.rpt","False","","True","True","Accounts/Reports/Check Disbursement Journal.vb:30; Accounts/PresentationLayer/Presenters/DisbursementJournalPresenter.vb:394; Accounts/Accounts.vbproj:1644; Accounts/Accounts.vbproj:2562","1","","Protected by static or project reference","Retain"
"Accounts/Reports/Check Printing Independent.rpt","True","69282c22c91d759fa8412772abd31901ae04e3ca","46592","Check Printing Independent.rpt","False","","True","True","Accounts/Reports/Check Printing Independent.vb:30; Accounts/Accounts.vbproj:1650; Accounts/Accounts.vbproj:2566","1","","Protected by static or project reference","Retain"
"Accounts/Reports/Check Printing NCB.rpt","True","9f8754204765944e11e5627c57d30716e416be25","51712","Check Printing NCB.rpt","False","","True","True","Accounts/Reports/Check Printing NCB.vb:30; Accounts/Accounts.vbproj:1656; Accounts/Accounts.vbproj:2570","1","","Protected by static or project reference","Retain"
"Accounts/Reports/Check Printing Old.rpt","True","87bb4df802c96357138bc716617c956c9f6eeb42","52736","Check Printing Old.rpt","True","Archive-style filename","False","False","","1","","Archive-style filename retained pending runtime validation","Retain"
"Accounts/Reports/Check Printing Original.rpt","True","9214bf9403029d7a4c59f19de199c03d89d4f3f1","52736","Check Printing Original.rpt","True","Archive-style filename","True","True","Accounts/Reports/Check Printing Original.vb:30; Accounts/Accounts.vbproj:1662; Accounts/Accounts.vbproj:2574","1","","Protected by static or project reference","Retain"
"Accounts/Reports/Check Printing Riyad Bank.rpt","True","77766901cc5baa85a882ee5ce28a12a6426b6e14","52736","Check Printing Riyad Bank.rpt","False","","True","True","Accounts/Reports/Check Printing Riyad Bank.vb:30; Accounts/Accounts.vbproj:1668; Accounts/Accounts.vbproj:2578","1","","Protected by static or project reference","Retain"
"Accounts/Reports/Check Printing Test.rpt","True","1fbb49dee965f9b6d24fbc5b84ed953fd7591e30","54784","Check Printing Test.rpt","True","Archive-style filename","False","False","","1","","Archive-style filename retained pending runtime validation","Retain"
"Accounts/Reports/Check Printing.rpt","True","f0adcec9d2f8928829aff2b44975ebd83dd811ff","52736","Check Printing.rpt","False","","True","True","Accounts/Reports/Check Printing.vb:30; Accounts/PresentationLayer/Views/Forms/CheckPrinter.vb:244; Accounts/Accounts.vbproj:1674; Accounts/Accounts.vbproj:2582","1","","Protected by static or project reference","Retain"
"Accounts/Reports/Check Printing106 - old.rpt","True","e58d452a4ff2f6e4692c9d8849e1e1fc9ee8091f","51200","Check Printing106 - old.rpt","True","Archive-style filename","False","False","","1","","Archive-style filename retained pending runtime validation","Retain"
"Accounts/Reports/Check Printing106 with borders.rpt","True","2caaf2f72052f11f434b02a296a7e82c48e3ca99","51712","Check Printing106 with borders.rpt","False","","False","False","","1","","No static reference found; retained because reports are loaded dynamically","Retain"
"Accounts/Reports/Check Printing106.rpt","True","0127b7868cee350b059c1cec609445bc0251114e","50176","Check Printing106.rpt","False","","True","True","Accounts/Reports/Check Printing106.vb:30; Accounts/Accounts.vbproj:1680; Accounts/Accounts.vbproj:2586","1","","Protected by static or project reference","Retain"
"Accounts/Reports/Check Printing107 Old - Copy.rpt","True","eff16b958b04aa4303ee246a8c98b14899a34b57","50176","Check Printing107 Old - Copy.rpt","True","Archive-style filename","False","False","","1","","Archive-style filename retained pending runtime validation","Retain"
"Accounts/Reports/Check Printing107.rpt","True","122fd73594aadca73e255afe906d688ceee3d3dd","51200","Check Printing107.rpt","False","","True","True","Accounts/Reports/Check Printing107.vb:30; Accounts/Accounts.vbproj:1686; Accounts/Accounts.vbproj:2590","1","","Protected by static or project reference","Retain"
"Accounts/Reports/Check Printing107test.rpt","True","855acbe44d93e835bbb0e7a9c345401ab30fff40","51200","Check Printing107test.rpt","True","Archive-style filename","False","False","","1","","Archive-style filename retained pending runtime validation","Retain"
"Accounts/Reports/Check Printing127.rpt","True","12641089b597a71ad9e9c6dbffccc62cf9794d36","50176","Check Printing127.rpt","False","","True","True","Accounts/Reports/Check Printing127.vb:30; Accounts/Accounts.vbproj:1692; Accounts/Accounts.vbproj:2594","1","","Protected by static or project reference","Retain"
"Accounts/Reports/Check PrintingOldPortrait.rpt","True","44b25aaac177572cb8d0969f9b17c5a8d18cf03d","51712","Check PrintingOldPortrait.rpt","False","","True","True","Accounts/Reports/Check PrintingOldPortrait.vb:30; Accounts/Accounts.vbproj:1698; Accounts/Accounts.vbproj:2598","1","","Protected by static or project reference","Retain"
"Accounts/Reports/Clinic Cost Audit No ClinicReport.rpt","True","5d51e0542686c9415d4c6d3b12a5665c486599d1","1608704","Clinic Cost Audit No ClinicReport.rpt","False","","False","False","","1","","No static reference found; retained because reports are loaded dynamically","Retain"
"Accounts/Reports/Clinic Cost Audit No Revenue Cost Center Report.rpt","True","cffefae4c7035711781d44ecccd11143ced6488f","1600000","Clinic Cost Audit No Revenue Cost Center Report.rpt","False","","False","False","","1","","No static reference found; retained because reports are loaded dynamically","Retain"
"Accounts/Reports/Clinic Cost Summary.rpt","True","3e62970f01f132936d9f450def3aed54e4953536","51712","Clinic Cost Summary.rpt","False","","True","True","Accounts/Reports/Clinic Cost Summary.vb:30; Accounts/Accounts.vbproj:1704; Accounts/Accounts.vbproj:2602","1","","Protected by static or project reference","Retain"
"Accounts/Reports/CompanyInvoice.rpt","True","8dba6fbf7c597ef7df45d9e25b447863cbc5e496","12448256","CompanyInvoice.rpt","False","","False","False","","1","","No static reference found; retained because reports are loaded dynamically","Retain"
"Accounts/Reports/CompanyMonthlyInvoice.rpt","True","56de75b815c72511a4bf61e3bb07b4e6dfc56945","12447232","CompanyMonthlyInvoice.rpt","False","","True","True","Accounts/Reports/CompanyMonthlyInvoice.vb:30; Accounts/Accounts.vbproj:1710; Accounts/Accounts.vbproj:2606","1","","Protected by static or project reference","Retain"
"Accounts/Reports/CompanyMonthlyInvoiceNew.rpt","True","7c98ba0409341947077caa2e84cc24b7ca5117d7","12448768","CompanyMonthlyInvoiceNew.rpt","False","","False","False","","1","","No static reference found; retained because reports are loaded dynamically","Retain"
"Accounts/Reports/Comparative Cost of Clinic for All rpt.rpt","True","a6ab9b530476e97665ce7df6fa583a96e2052806","1622016","Comparative Cost of Clinic for All rpt.rpt","False","","False","False","","1","","No static reference found; retained because reports are loaded dynamically","Retain"
"Accounts/Reports/Comparative Gross Income StatementPer Month Per Doctor rpt.rpt","True","76114fb719e55514a39e3362859ce315d5bef6f3","1664512","Comparative Gross Income StatementPer Month Per Doctor rpt.rpt","False","","False","False","","1","","No static reference found; retained because reports are loaded dynamically","Retain"
"Accounts/Reports/Comparative Gross Revenue Per Month for All rpt.rpt","True","cf7e5e0312178bf586438b7ed80d6d2effcc3b21","1649664","Comparative Gross Revenue Per Month for All rpt.rpt","False","","False","False","","1","","No static reference found; retained because reports are loaded dynamically","Retain"
"Accounts/Reports/Comparative Gross Revenue Per Month for Selected Doctor Test.rpt","True","5b1bdcd7a4366544a64bf030d66f4e6fe338d952","1620992","Comparative Gross Revenue Per Month for Selected Doctor Test.rpt","True","Archive-style filename","False","False","","1","","Archive-style filename retained pending runtime validation","Retain"
"Accounts/Reports/Comparative Gross Revenue Per Month for Selected Doctor.rpt","True","e6bde8c2041d1f4c75cbf2b16452f5869c7498e0","1601536","Comparative Gross Revenue Per Month for Selected Doctor.rpt","False","","False","False","","1","","No static reference found; retained because reports are loaded dynamically","Retain"
"Accounts/Reports/Comparative Gross Sales Income StatementPer Month For Pharmacy  New.rpt","True","395bd13ce8e96cf4632a98a8f49bb69aee9b280d","1603072","Comparative Gross Sales Income StatementPer Month For Pharmacy  New.rpt","False","","False","False","","1","","No static reference found; retained because reports are loaded dynamically","Retain"
"Accounts/Reports/Comparative Income Statement Per Department.rpt","True","bbc8cd77c3d9ccf7daf5d209a64c63331fbd9b1f","1612800","Comparative Income Statement Per Department.rpt","False","","False","False","","1","","No static reference found; retained because reports are loaded dynamically","Retain"
"Accounts/Reports/Comparative Income Statement Per Doctor.rpt","True","70fff244449cc9dcb670e279e3fc611b7318acd3","1677312","Comparative Income Statement Per Doctor.rpt","False","","False","False","","1","","No static reference found; retained because reports are loaded dynamically","Retain"
"Accounts/Reports/Comparative Income StatementPer Clinic for All rpt.rpt","True","7fb012d903f9647c00dbc51bdcb016933bb9d82a","1748480","Comparative Income StatementPer Clinic for All rpt.rpt","False","","False","False","","1","","No static reference found; retained because reports are loaded dynamically","Retain"
"Accounts/Reports/Comparative Income StatementPer Department.rpt","True","20aae6e3b129f0580c1596bdf8d74dbde2b4231f","1748480","Comparative Income StatementPer Department.rpt","False","","False","False","","1","","No static reference found; retained because reports are loaded dynamically","Retain"
"Accounts/Reports/Comparative Income StatementPer Month for All rpt.rpt","True","69a88f0c2f1d346519ced8c65f796a22004f9cf2","1747456","Comparative Income StatementPer Month for All rpt.rpt","False","","False","False","","1","","No static reference found; retained because reports are loaded dynamically","Retain"
"Accounts/Reports/Comparative Income StatementPer Month For Clinic without Pharmacy.rpt","True","551b110b5b08e298c9ea7f57a553874adbdc2f5d","1677312","Comparative Income StatementPer Month For Clinic without Pharmacy.rpt","False","","False","False","","1","","No static reference found; retained because reports are loaded dynamically","Retain"
"Accounts/Reports/Comparative Income StatementPer Month For Pharmacy New.rpt","True","ddb89ab7a4eacd3e2b7bdefad0f97f1ce0945d04","1609216","Comparative Income StatementPer Month For Pharmacy New.rpt","False","","False","False","","1","","No static reference found; retained because reports are loaded dynamically","Retain"
"Accounts/Reports/Comparative Income StatementPer Month Per Doctor (Only).rpt","True","f6389355a458c1ffc0f82758651ebea3ff978c2c","1602048","Comparative Income StatementPer Month Per Doctor (Only).rpt","False","","False","False","","1","","No static reference found; retained because reports are loaded dynamically","Retain"
"Accounts/Reports/Comparative Income StatementPer Month Per Doctor rpt.rpt","True","a36309302befbcdd283aa51cbe138ab9d06b5df0","1607680","Comparative Income StatementPer Month Per Doctor rpt.rpt","False","","False","False","","1","","No static reference found; retained because reports are loaded dynamically","Retain"
"Accounts/Reports/Comparative Monthly Income Statement.rpt","True","6e4ed217576ddad52d77d074e829c66e858d3ebd","1660416","Comparative Monthly Income Statement.rpt","False","","False","False","","1","","No static reference found; retained because reports are loaded dynamically","Retain"
"Accounts/Reports/Comparative Revenue and Sales Per Month for All rpt.rpt","True","83e232bf915f40afc56373068127a52969921eae","1619968","Comparative Revenue and Sales Per Month for All rpt.rpt","False","","False","False","","1","","No static reference found; retained because reports are loaded dynamically","Retain"
"Accounts/Reports/Cost of Sales Report.rpt","True","48acf098b5b09d2e3156525091ed34b6785ac6c7","1853440","Cost of Sales Report.rpt","False","","True","True","Accounts/Reports/Cost of Sales Report.vb:30; Accounts/Accounts.vbproj:1716; Accounts/Accounts.vbproj:2610","1","","Protected by static or project reference","Retain"
"Accounts/Reports/Credit Company Monthly Posting Summary.rpt","True","206d506923b0596bfc3fe1411c6c79bdb86016da","75776","Credit Company Monthly Posting Summary.rpt","False","","False","False","","1","","No static reference found; retained because reports are loaded dynamically","Retain"
"Accounts/Reports/CrystalReport1.rpt","True","904bedd5faeb9edccdef421eedb9f7a751e5284a","16384","CrystalReport1.rpt","False","","True","True","Accounts/Reports/CrystalReport1.vb:30; Accounts/Accounts.vbproj:1722; Accounts/Accounts.vbproj:2614","1","","Protected by static or project reference","Retain"
"Accounts/Reports/Daily Shift Summary Report.rpt","True","4ea2cdd14269ac21268f0acc9c7a9a89996fbbc6","824320","Daily Shift Summary Report.rpt","False","","True","True","Accounts/Reports/Daily Shift Summary Report.vb:30; Accounts/Accounts.vbproj:1728; Accounts/Accounts.vbproj:2618","1","","Protected by static or project reference","Retain"
"Accounts/Reports/Daily Shift Summary Report2.rpt","True","2dd7a6fef47bd9ff507602fa1ad538ec64419a33","824320","Daily Shift Summary Report2.rpt","False","","False","False","","1","","No static reference found; retained because reports are loaded dynamically","Retain"
"Accounts/Reports/Daily Shift Summary ReportCopy.rpt","True","21dd1f9ac90555978f0203eeb4f080cf8ddd3bd1","824320","Daily Shift Summary ReportCopy.rpt","True","Archive-style filename","False","False","","1","","Archive-style filename retained pending runtime validation","Retain"
"Accounts/Reports/Document Expiry Report By Branch Test.rpt","True","5dde0c89cb47d6a6b00b8cee20f128e96ac4f3c2","823808","Document Expiry Report By Branch Test.rpt","True","Archive-style filename","False","False","","1","","Archive-style filename retained pending runtime validation","Retain"
"Accounts/Reports/Document Expiry Report By Branch.rpt","True","5ac43bb62c92d89ac697787a470922dd1173b809","823808","Document Expiry Report By Branch.rpt","False","","False","True","Accounts/PresentationLayer/Views/Forms/Reports/DocumentExpiryList.vb:47","1","","Protected by static or project reference","Retain"
"Accounts/Reports/Document List By Branch.rpt","True","100fc3a0ca8ff18ad7efac42cced7852340d7556","824320","Document List By Branch.rpt","False","","False","True","Accounts/PresentationLayer/Views/Forms/Reports/DocumentReportList.vb:43","1","","Protected by static or project reference","Retain"
"Accounts/Reports/Document Report List By Branch Test.rpt","True","579bacab2f7b70bce0ee18e443bda344b2fb7590","824832","Document Report List By Branch Test.rpt","True","Archive-style filename","False","False","","1","","Archive-style filename retained pending runtime validation","Retain"
"Accounts/Reports/Document Report List By Branch.rpt","True","9406dbcaad932457e653662feaf4a4ef15205d44","823808","Document Report List By Branch.rpt","False","","False","False","","1","","No static reference found; retained because reports are loaded dynamically","Retain"
"Accounts/Reports/DosageLabel.rpt","True","5f1f7873ea15318234c9d24e85c242661cbcbad3","19456","DosageLabel.rpt","False","","False","True","Accounts/PresentationLayer/Presenters/IGroup/PrescriptionPresenter.vb:51; Accounts/PresentationLayer/Presenters/DosagePrintingPresenter.vb:160; Accounts/PresentationLayer/Presenters/DosagePrintingPresenter.vb:166; Accounts/PresentationLayer/Presenters/DosagePrintingPresenter.vb:173; Accounts/PresentationLayer/Presenters/DosagePrintingPresenter.vb:198","1","","Protected by static or project reference","Retain"
"Accounts/Reports/Employee ID Report Data.rpt","True","4237b346ac7e7868b9236069b8e97cfcdb5fbc1d","6901760","Employee ID Report Data.rpt","False","","True","True","Accounts/Reports/Employee ID Report Data.vb:30; Accounts/Accounts.vbproj:1734; Accounts/Accounts.vbproj:2622","1","","Protected by static or project reference","Retain"
"Accounts/Reports/Employee ID Report.rpt","True","d32435560519908a0b446ddba47a8c3d54b590b1","6901760","Employee ID Report.rpt","False","","True","True","Accounts/Reports/Employee ID Report.vb:30; Accounts/Accounts.vbproj:1740; Accounts/Accounts.vbproj:2626","1","","Protected by static or project reference","Retain"
"Accounts/Reports/Employee ID Report2.rpt","True","a88d1f83e50ab2452bf8e322cbc052248c4ff087","6901760","Employee ID Report2.rpt","False","","False","False","","1","","No static reference found; retained because reports are loaded dynamically","Retain"
"Accounts/Reports/Employee ID Report3.rpt","True","14aa22886d708541396417cca9e8110f42d783ec","6903808","Employee ID Report3.rpt","False","","False","False","","1","","No static reference found; retained because reports are loaded dynamically","Retain"
"Accounts/Reports/Employee Medical Report All.rpt","True","e8c29c98ac1b831569ec3741d9dbfface4f7a5ae","94208","Employee Medical Report All.rpt","False","","True","True","Accounts/Reports/Employee Medical Report All.vb:30; Accounts/Accounts.vbproj:1746; Accounts/Accounts.vbproj:2630","1","","Protected by static or project reference","Retain"
"Accounts/Reports/Employee Medical Report.rpt","True","fb2c2a2173809a075f98f4d0efcd33e762f1babb","95744","Employee Medical Report.rpt","False","","True","True","Accounts/Reports/Employee Medical Report.vb:30; Accounts/PresentationLayer/Views/Forms/Reports/EmployeeMedicalReport.vb:40; Accounts/Accounts.vbproj:1752; Accounts/Accounts.vbproj:2634","1","","Protected by static or project reference","Retain"
"Accounts/Reports/Employee Payroll Details.rpt","True","88764b45f7f65a6362122d44cc7d03545292413a","828928","Employee Payroll Details.rpt","False","","False","False","","1","","No static reference found; retained because reports are loaded dynamically","Retain"
"Accounts/Reports/Employee Receivable Journal.rpt","True","9bf9a8716421f31e6c1268d89b1c050f89a99c85","466432","Employee Receivable Journal.rpt","False","","True","True","Accounts/Reports/Employee Receivable Journal.vb:30; Accounts/PresentationLayer/Presenters/ErJournalPresenter.vb:220; Accounts/Accounts.vbproj:1758; Accounts/Accounts.vbproj:2638","1","","Protected by static or project reference","Retain"
"Accounts/Reports/Expiry Label.rpt","True","5ea1e5a5e05514b2b8d58000dc6f82efe1f855e2","12288","Expiry Label.rpt","False","","False","True","Accounts/PresentationLayer/Views/Forms/Reports/SterilizationLabelPrinting.vb:41","1","","Protected by static or project reference","Retain"
"Accounts/Reports/General Journal.rpt","True","2a971535910d5717dc728152d92e140c0f4e55d2","463872","General Journal.rpt","False","","True","True","Accounts/Reports/General Journal.vb:30; Accounts/PresentationLayer/Presenters/GeneralJournalPresenter.vb:79; Accounts/Accounts.vbproj:1764; Accounts/Accounts.vbproj:2642","1","","Protected by static or project reference","Retain"
"Accounts/Reports/GL Ledger List Transaction with missing Revenue Cost Center.rpt","True","c0d8bf9495e76db0fe2e2229964e516439c62404","1610240","GL Ledger List Transaction with missing Revenue Cost Center.rpt","False","","False","False","","1","","No static reference found; retained because reports are loaded dynamically","Retain"
"Accounts/Reports/HR Employee Info.rpt","True","afe09dedcaaee05253bdb93ea7cb3a5750b61444","140800","HR Employee Info.rpt","False","","True","True","Accounts/Reports/HR Employee Info.vb:30; Accounts/PresentationLayer/Presenters/ReportPresenter.vb:100; Accounts/PresentationLayer/Presenters/ApArEmReportPresenter.vb:71; Accounts/Accounts.vbproj:1770; Accounts/Accounts.vbproj:2646","2","Accounts/Reports/HR Employee Info.rpt","Protected by static or project reference","Retain"
"Accounts/Reports/HR Employee Info2.rpt","True","ccf36e8690e681affe41002f4b3118ae8ef8e8b1","132608","HR Employee Info2.rpt","False","","False","False","","1","","No static reference found; retained because reports are loaded dynamically","Retain"
"Accounts/Reports/HR Id Printing Card Printer Back.rpt","True","86520d6420ef162298a96a06121981c071d4d55c","661504","HR Id Printing Card Printer Back.rpt","False","","False","False","","1","","No static reference found; retained because reports are loaded dynamically","Retain"
"Accounts/Reports/HR Id Printing Card Printer Front with watermark.rpt","True","731c511b056983d8329015b72079fe30aeacdd00","1143808","HR Id Printing Card Printer Front with watermark.rpt","False","","False","False","","1","","No static reference found; retained because reports are loaded dynamically","Retain"
"Accounts/Reports/HR Id Printing Card Printer Front.rpt","True","1f58e105b86ab0623ab705be6b95a063925ce3fd","829952","HR Id Printing Card Printer Front.rpt","False","","False","False","","1","","No static reference found; retained because reports are loaded dynamically","Retain"
"Accounts/Reports/HR Id Printing Card Printer.rpt","True","2819f1986fe81acd572fd574429d800afc0ea7ea","7021056","HR Id Printing Card Printer.rpt","False","","False","False","","1","","No static reference found; retained because reports are loaded dynamically","Retain"
"Accounts/Reports/HR Id Printing.rpt","True","69e10f561bbeec5de46e9ca8d2bf5e3049e7365f","7019520","HR Id Printing.rpt","False","","True","True","Accounts/Reports/HR Id Printing.vb:30; Accounts/PresentationLayer/Presenters/EmployeeIdPrintingPresenter.vb:57; Accounts/Accounts.vbproj:1776; Accounts/Accounts.vbproj:2650","1","","Protected by static or project reference","Retain"
"Accounts/Reports/HR Id PrintingData.rpt","True","41051de917a6e42e491558166851615b9115cb89","25600","HR Id PrintingData.rpt","False","","True","True","Accounts/Reports/HR Id PrintingData.vb:30; Accounts/Accounts.vbproj:1782; Accounts/Accounts.vbproj:2654","1","","Protected by static or project reference","Retain"
"Accounts/Reports/IB Food Delivery Summary.rpt","True","3777c60b7767b438a652b83794afc53b39adbb0c","51200","IB Food Delivery Summary.rpt","False","","True","True","Accounts/Reports/IB Food Delivery Summary.vb:30; Accounts/Accounts.vbproj:1788; Accounts/Accounts.vbproj:2658","2","Accounts/Reports/IB Food Delivery Summary.rpt","Protected by static or project reference","Retain"
"Accounts/Reports/IGroup/BarcodePharmacy.rpt","True","14e05cb66297b1c770f1ccc9315e8e088d312ebc","15872","BarcodePharmacy.rpt","False","","True","True","Accounts/Reports/IGroup/BarcodePharmacy.vb:30; Accounts/PresentationLayer/Views/Forms/MainForm.vb:1137; Accounts/Accounts.vbproj:1794; Accounts/Accounts.vbproj:2662","1","","Protected by static or project reference","Retain"
"Accounts/Reports/IGroup/BarcodePharmacy2.rpt","True","78cc4fc749d851e05072587cc544473295d717a8","15872","BarcodePharmacy2.rpt","False","","False","False","","1","","No static reference found; retained because reports are loaded dynamically","Retain"
"Accounts/Reports/IGroup/BarcodePharmacyOkZebra.rpt","True","5c556871ce93fbdd558a5ed50cd4f9fd04e30aef","15872","BarcodePharmacyOkZebra.rpt","False","","False","False","","1","","No static reference found; retained because reports are loaded dynamically","Retain"
"Accounts/Reports/IGroup/BarcodePharmacyx.rpt","True","a6bc6ca0499f6c06301caf45bd49a360d82f48e8","15872","BarcodePharmacyx.rpt","False","","False","False","","1","","No static reference found; retained because reports are loaded dynamically","Retain"
"Accounts/Reports/IGroup/Cash Income Summary Per Month Per Service Per Doctor Per Cash Company Test.rpt","True","45d026ba3b98c2066ce37b9b7793bf820ba24a09","61440","Cash Income Summary Per Month Per Service Per Doctor Per Cash Company Test.rpt","True","Archive-style filename","False","False","","1","","Archive-style filename retained pending runtime validation","Retain"
"Accounts/Reports/IGroup/Cash Income Summary Per Month Per Service Per Doctor Per Cash Company.rpt","True","4b488f318ac1509ca9d41140ff68718128f9ad45","59392","Cash Income Summary Per Month Per Service Per Doctor Per Cash Company.rpt","False","","False","False","","1","","No static reference found; retained because reports are loaded dynamically","Retain"
"Accounts/Reports/IGroup/Cash Income Summary Per Month Per Service Per Doctor Per Month.rpt","True","71d181cc33cb96a299f2b39e0328c96651282720","58880","Cash Income Summary Per Month Per Service Per Doctor Per Month.rpt","False","","False","False","","1","","No static reference found; retained because reports are loaded dynamically","Retain"
"Accounts/Reports/IGroup/Cash Income Summary Per Month Per Service Per Doctor.rpt","True","db5df67fbe97e6d6cff02273994c45da03a73aae","58880","Cash Income Summary Per Month Per Service Per Doctor.rpt","False","","True","True","Accounts/Reports/IGroup/Cash Income Summary Per Month Per Service Per Doctor.vb:30; Accounts/PresentationLayer/Views/Forms/Reports/IGroup/CashIncomePerDoctorPerService.vb:39; Accounts/Accounts.vbproj:1800; Accounts/Accounts.vbproj:2666","1","","Protected by static or project reference","Retain"
"Accounts/Reports/IGroup/Cash Income Summary Per Month Per Service Per Selected Doctor Per Month.rpt","True","9c73e2861ab123078dd7ba1ddab045dd248df8db","58880","Cash Income Summary Per Month Per Service Per Selected Doctor Per Month.rpt","False","","False","False","","1","","No static reference found; retained because reports are loaded dynamically","Retain"
"Accounts/Reports/IGroup/Cash Income Summary Per Month Per Service Per Selected Doctor Per Year.rpt","True","8375f9873c7f2d34ee5a6922e19a2f03d1a40cdc","58880","Cash Income Summary Per Month Per Service Per Selected Doctor Per Year.rpt","False","","False","False","","1","","No static reference found; retained because reports are loaded dynamically","Retain"
"Accounts/Reports/IGroup/Cash Income Summary Per Supplies Consumption Per Service Per Doctor.rpt","True","a0adf97b663fd4eb022d8896740675831439dd43","60928","Cash Income Summary Per Supplies Consumption Per Service Per Doctor.rpt","False","","False","False","","1","","No static reference found; retained because reports are loaded dynamically","Retain"
"Accounts/Reports/IGroup/Cash Income Summary Per Supplies Consumpton Per Service Per Doctor.rpt","True","6b48f4e3d300a734a523cde131916d318e5247c0","60928","Cash Income Summary Per Supplies Consumpton Per Service Per Doctor.rpt","False","","False","False","","1","","No static reference found; retained because reports are loaded dynamically","Retain"
"Accounts/Reports/IGroup/Cash Revenue Sale Vat and Revenue Posting Summary.rpt","True","b7203c397b11ba47bcf5b5c4e0b21fac959d72ec","97280","Cash Revenue Sale Vat and Revenue Posting Summary.rpt","False","","False","False","","1","","No static reference found; retained because reports are loaded dynamically","Retain"
"Accounts/Reports/IGroup/CBCReportDyMind.rpt","True","f50ee3b9a5b3d3a4f72a1c70717344b9c3465c70","61952","CBCReportDyMind.rpt","False","","False","False","","1","","No static reference found; retained because reports are loaded dynamically","Retain"
"Accounts/Reports/IGroup/CBCReportDyMindByInvoiceNo.rpt","True","4851c5f7b406554dd7c2d84b0e63c4a09d55a1e8","59904","CBCReportDyMindByInvoiceNo.rpt","False","","False","True","Accounts/PresentationLayer/Views/Forms/Reports/IGroup/IqamaCbcReport2.vb:31; Accounts/PresentationLayer/Views/Forms/Reports/IGroup/IqamaCbcReport.vb:40; Accounts/PresentationLayer/Views/Forms/Reports/IGroup/IqamaCbcReport.vb:62","1","","Protected by static or project reference","Retain"
"Accounts/Reports/IGroup/CBCReportDyMindBySampleID.rpt","True","97d888e89c26f74ced3c4f94b0fad9c018e12312","61440","CBCReportDyMindBySampleID.rpt","False","","False","False","","1","","No static reference found; retained because reports are loaded dynamically","Retain"
"Accounts/Reports/IGroup/CBCReportDyMindBySampleNo.rpt","True","b7dfd5ab9c41c40eabdd462d79fd2c72dc20136e","59904","CBCReportDyMindBySampleNo.rpt","False","","False","True","Accounts/PresentationLayer/Views/Forms/Reports/IGroup/IqamaCbcReport.vb:37; Accounts/PresentationLayer/Views/Forms/Reports/IGroup/IqamaCbcReport.vb:59","1","","Protected by static or project reference","Retain"
"Accounts/Reports/IGroup/CBCReportDyMindOK.rpt","True","02036956576da8abf36e3cf33ba2f3164fd3a607","61440","CBCReportDyMindOK.rpt","False","","False","False","","1","","No static reference found; retained because reports are loaded dynamically","Retain"
"Accounts/Reports/IGroup/CBCReportDyMindTest.rpt","True","c3e34f867baed5e3ed36690b51f2442cbe15282e","59392","CBCReportDyMindTest.rpt","True","Archive-style filename","False","False","","1","","Archive-style filename retained pending runtime validation","Retain"
"Accounts/Reports/IGroup/Clinic Test Summary.rpt","True","d0bf4b37401e4bf99f542f6929dffe6ae51e1f98","49152","Clinic Test Summary.rpt","False","","False","True","Accounts/PresentationLayer/Views/Forms/Reports/IGroup/ClinicTestSummary.vb:50","1","","Protected by static or project reference","Retain"
"Accounts/Reports/IGroup/ClinicBillPrint.rpt","True","13270bbc592a443cb274329fc13a0dde6319371c","12831744","ClinicBillPrint.rpt","False","","False","False","","1","","No static reference found; retained because reports are loaded dynamically","Retain"
"Accounts/Reports/IGroup/ClinicBillPrintTrial.rpt","True","66fd8df00b5536a12fa5723841b03562a083db29","12811264","ClinicBillPrintTrial.rpt","True","Archive-style filename","False","False","","1","","Archive-style filename retained pending runtime validation","Retain"
"Accounts/Reports/IGroup/ClinicBillPrintTrial2.rpt","True","7ac9e041de0fdc59834635e1fb77a91cf537db4a","12813312","ClinicBillPrintTrial2.rpt","True","Archive-style filename","False","False","","1","","Archive-style filename retained pending runtime validation","Retain"
"Accounts/Reports/IGroup/Combined Total Income & Vat Summary Report All.rpt","True","9130c9d412d06b8e21048bf28566c907020f055a","52736","Combined Total Income & Vat Summary Report All.rpt","False","","True","True","Accounts/Reports/IGroup/Combined Total Income & Vat Summary Report All.vb:30","1","","Protected by static or project reference","Retain"
"Accounts/Reports/IGroup/CompanyCreditInvoiceSummaryList.rpt","True","1e553fff1f061fd75575e496d132900b1d37cc5b","53248","CompanyCreditInvoiceSummaryList.rpt","False","","False","False","","1","","No static reference found; retained because reports are loaded dynamically","Retain"
"Accounts/Reports/IGroup/CompanyCreditInvoiceSummaryListBackupOld.rpt","True","ab2509e2c0f3a16ac50814cb801f34c82b1934ba","55808","CompanyCreditInvoiceSummaryListBackupOld.rpt","True","Archive-style filename","False","False","","1","","Archive-style filename retained pending runtime validation","Retain"
"Accounts/Reports/IGroup/CompanyMonthlyInvoice Cash Company.rpt","True","5ec7c023ff1f66d2f7496c1adbf4b6e91a8624de","12448768","CompanyMonthlyInvoice Cash Company.rpt","False","","False","False","","1","","No static reference found; retained because reports are loaded dynamically","Retain"
"Accounts/Reports/IGroup/CompanyMonthlyInvoice.rpt","True","b36d0781f339f3bfb4aa334e2687113c2761127a","12448256","CompanyMonthlyInvoice.rpt","False","","False","True","Accounts/Reports/CompanyMonthlyInvoice.vb:30; Accounts/Accounts.vbproj:1710; Accounts/Accounts.vbproj:2606","1","","Protected by static or project reference","Retain"
"Accounts/Reports/IGroup/CompanyMonthlyInvoiceNew.rpt","True","deeb4221dd34013584c73c0e5c01c279028ccfdc","12448256","CompanyMonthlyInvoiceNew.rpt","False","","False","False","","1","","No static reference found; retained because reports are loaded dynamically","Retain"
"Accounts/Reports/IGroup/Credit Revenue Sale Vat Report Summary Per Company Per Month Per Doctor .rpt","True","499b47ec0ed5db65f41a01ccbbb3260868e9b3d0","12272640","Credit Revenue Sale Vat Report Summary Per Company Per Month Per Doctor .rpt","False","","False","False","","1","","No static reference found; retained because reports are loaded dynamically","Retain"
"Accounts/Reports/IGroup/DCBillPrint.rpt","True","28d29d20ba9bbcde858ba06d5b6f8c6ab4d15dd8","12831744","DCBillPrint.rpt","False","","True","True","Accounts/Reports/IGroup/DCBillPrint.vb:30; Accounts/Accounts.vbproj:1812; Accounts/Accounts.vbproj:2674","1","","Protected by static or project reference","Retain"
"Accounts/Reports/IGroup/DCBillPrintWithCOrrector.rpt","True","04429b5feb28011cd108c08e799fac7672a3dfb1","19968","DCBillPrintWithCOrrector.rpt","False","","True","True","Accounts/Reports/IGroup/DCBillPrintWithCOrrector.vb:30; Accounts/Accounts.vbproj:1818; Accounts/Accounts.vbproj:2678","1","","Protected by static or project reference","Retain"
"Accounts/Reports/IGroup/Detailed Invoices Printing Per Company.rpt","True","ce3f09491fc312cd27755e5cba783300303ccaaa","12814848","Detailed Invoices Printing Per Company.rpt","False","","True","True","Accounts/Reports/IGroup/Detailed Invoices Printing Per Company.vb:30; Accounts/Accounts.vbproj:1824; Accounts/Accounts.vbproj:2682","1","","Protected by static or project reference","Retain"
"Accounts/Reports/IGroup/Diagnostic Result Iqama.rpt","True","42a5745c3b0d5f00fea1504509ddc1bac174bb0c","51200","Diagnostic Result Iqama.rpt","False","","False","False","","1","","No static reference found; retained because reports are loaded dynamically","Retain"
"Accounts/Reports/IGroup/Diagnostic Result Report Iqama-Baladiya (2-Old DB).rpt","True","6cf2015841d70704200de232f52d855e393cf045","55296","Diagnostic Result Report Iqama-Baladiya (2-Old DB).rpt","False","","False","False","","1","","No static reference found; retained because reports are loaded dynamically","Retain"
"Accounts/Reports/IGroup/Diagnostic Result Report Iqama-Baladiya.rpt","True","f07f971c7434ca099764a607a1f9b982c90874b9","53248","Diagnostic Result Report Iqama-Baladiya.rpt","False","","False","False","","1","","No static reference found; retained because reports are loaded dynamically","Retain"
"Accounts/Reports/IGroup/Diagnostic Summary Report.rpt","True","d993a1d6686950d240e46d83a6b5c22e947ccb38","48640","Diagnostic Summary Report.rpt","False","","False","False","","1","","No static reference found; retained because reports are loaded dynamically","Retain"
"Accounts/Reports/IGroup/Diagnostic Test Summary.rpt","True","d5eb77a27aef0176e582d85c873d13daf4ac42ca","48640","Diagnostic Test Summary.rpt","False","","True","True","Accounts/Reports/IGroup/Diagnostic Test Summary.vb:30; Accounts/PresentationLayer/Views/Forms/Reports/IGroup/DiagnosticTestSummary.vb:50; Accounts/Accounts.vbproj:1830; Accounts/Accounts.vbproj:2686","1","","Protected by static or project reference","Retain"
"Accounts/Reports/IGroup/DosageLabe2.rpt","True","1fba8d5448cf7064a8d7f7f2609c5749b61739ee","12274688","DosageLabe2.rpt","False","","False","False","","1","","No static reference found; retained because reports are loaded dynamically","Retain"
"Accounts/Reports/IGroup/DosageLabel.rpt","True","06e203d1271d068bec255d05b76ff16a877b9fa9","12274688","DosageLabel.rpt","False","","True","True","Accounts/PresentationLayer/Presenters/IGroup/PrescriptionPresenter.vb:51; Accounts/PresentationLayer/Presenters/DosagePrintingPresenter.vb:160; Accounts/PresentationLayer/Presenters/DosagePrintingPresenter.vb:166; Accounts/PresentationLayer/Presenters/DosagePrintingPresenter.vb:173; Accounts/PresentationLayer/Presenters/DosagePrintingPresenter.vb:198","1","","Protected by static or project reference","Retain"
"Accounts/Reports/IGroup/DosageLabelIg.rpt","True","c656716aa3f37c7d8e2d4c6684a99d6ccf88095e","12276736","DosageLabelIg.rpt","False","","False","False","","1","","No static reference found; retained because reports are loaded dynamically","Retain"
"Accounts/Reports/IGroup/DosageLabelOld.rpt","True","9cdf6bfdf0c302cc915c4734bcfa233e9a4a3c59","12275200","DosageLabelOld.rpt","True","Archive-style filename","False","False","","1","","Archive-style filename retained pending runtime validation","Retain"
"Accounts/Reports/IGroup/ExpiryList Clinic.rpt","True","0280ec78c004d6868f34ff6ae178cacebe05cc44","51200","ExpiryList Clinic.rpt","False","","False","False","","1","","No static reference found; retained because reports are loaded dynamically","Retain"
"Accounts/Reports/IGroup/IB Driving License Report.rpt","True","3aed640e9b8ca35e8572d47de7f6961867848959","48128","IB Driving License Report.rpt","False","","False","False","","1","","No static reference found; retained because reports are loaded dynamically","Retain"
"Accounts/Reports/IGroup/IB Food Delivery Report.rpt","True","849a83d8623a4de3b99e1a6ac740a6299a5af3d7","48128","IB Food Delivery Report.rpt","False","","False","False","","1","","No static reference found; retained because reports are loaded dynamically","Retain"
"Accounts/Reports/IGroup/IB Food Delivery Summary.rpt","True","3777c60b7767b438a652b83794afc53b39adbb0c","51200","IB Food Delivery Summary.rpt","False","","False","True","Accounts/Reports/IB Food Delivery Summary.vb:30; Accounts/Accounts.vbproj:1788; Accounts/Accounts.vbproj:2658","2","Accounts/Reports/IB Food Delivery Summary.rpt","Protected by static or project reference","Retain"
"Accounts/Reports/IGroup/IB Health Card (Baladiya) Report.rpt","True","28464b19a26fbb9069cf79eb4049843a86c9b57d","48128","IB Health Card (Baladiya) Report.rpt","False","","False","False","","1","","No static reference found; retained because reports are loaded dynamically","Retain"
"Accounts/Reports/IGroup/IB Iqama Report.rpt","True","98be3d55c3844ed06b00dcc997ea551bb1f5b219","48128","IB Iqama Report.rpt","False","","False","False","","1","","No static reference found; retained because reports are loaded dynamically","Retain"
"Accounts/Reports/IGroup/IB Iqama Summary.rpt","True","e150fb9da1f352b4a908d71db2bea95e7b9ceacf","48128","IB Iqama Summary.rpt","False","","False","False","","1","","No static reference found; retained because reports are loaded dynamically","Retain"
"Accounts/Reports/IGroup/IB Lab Result Daily Report.rpt","True","84ad6996ce7f65ec4f8b80d955091e9ed53e7e97","52224","IB Lab Result Daily Report.rpt","False","","False","True","Accounts/PresentationLayer/Presenters/IGroup/IbLabSamplePresenter.vb:277","1","","Protected by static or project reference","Retain"
"Accounts/Reports/IGroup/IB Lab Sample Daily Report LandScape.rpt","True","e58a41fb377d57f3058ba7335f768458023ea585","50176","IB Lab Sample Daily Report LandScape.rpt","False","","False","False","","1","","No static reference found; retained because reports are loaded dynamically","Retain"
"Accounts/Reports/IGroup/IB Lab Sample Daily Report Portrait.rpt","True","c93fca31a54cf0f2f5c21220970bfec4f6971ab1","47104","IB Lab Sample Daily Report Portrait.rpt","False","","False","False","","1","","No static reference found; retained because reports are loaded dynamically","Retain"
"Accounts/Reports/IGroup/IB Lab Sample Daily Report.rpt","True","a8cf2ec8d6e9f67f6efc85772743531e429237f2","47616","IB Lab Sample Daily Report.rpt","False","","False","True","Accounts/PresentationLayer/Presenters/IGroup/IbLabSamplePresenter.vb:101; Accounts/PresentationLayer/Presenters/IGroup/ClinicLabSamplePresenter.vb:74","1","","Protected by static or project reference","Retain"
"Accounts/Reports/IGroup/IBDrivingLicenseSummary.rpt","True","71dac6121265fe83173047e5fff7137821e82313","48640","IBDrivingLicenseSummary.rpt","False","","False","False","","4","IGroup/Reports/IBDrivingLicenseSummary.rpt","Exact duplicate retained pending filename/path validation","Retain"
"Accounts/Reports/IGroup/IBFoodDeliverySummary.rpt","True","7c08f47fef340a62e369f400d1cd6b07505c45c7","49152","IBFoodDeliverySummary.rpt","False","","False","False","","2","Accounts/Reports/IGroup/IBFoodDeliverySummary.rpt","Canonical copy retained for exact duplicate group","Retain"
"Accounts/Reports/IGroup/IBHealthCardSummary.rpt","True","1d531b54bcdacf7d8b03cc905a55452cd1b2fd99","48640","IBHealthCardSummary.rpt","False","","False","False","","4","IGroup/Reports/IBHealthCardSummary.rpt","Exact duplicate retained pending filename/path validation","Retain"
"Accounts/Reports/IGroup/IBIqamaSummary.rpt","True","d129c74497c0dca452491d43f1cbdd90cb6e70a7","48640","IBIqamaSummary.rpt","False","","False","False","","4","IGroup/Reports/IBIqamaSummary.rpt","Exact duplicate retained pending filename/path validation","Retain"
"Accounts/Reports/IGroup/IBLabSampleDailyReport.rpt","True","4e7abb078ff4a58edb6dd959a745def6eee91cf4","48640","IBLabSampleDailyReport.rpt","False","","False","False","","1","","No static reference found; retained because reports are loaded dynamically","Retain"
"Accounts/Reports/IGroup/IBLabSamplePrinting.rpt","True","e1892193f4101b8a16bf6623f5cc8b0af97013dd","18432","IBLabSamplePrinting.rpt","False","","True","True","Accounts/Reports/IGroup/IBLabSamplePrinting.vb:30; Accounts/Accounts.vbproj:1836; Accounts/Accounts.vbproj:2690","1","","Protected by static or project reference","Retain"
"Accounts/Reports/IGroup/Invoice List Per Company New.rpt","True","49c907ca52799ef35b81ea048702b5bf56a2d34f","12814848","Invoice List Per Company New.rpt","False","","False","False","","1","","No static reference found; retained because reports are loaded dynamically","Retain"
"Accounts/Reports/IGroup/Invoice List Per Company New2.rpt","True","27751b459262fbcf5cea15aec8e68bb59ee1f9cb","12816896","Invoice List Per Company New2.rpt","False","","False","False","","1","","No static reference found; retained because reports are loaded dynamically","Retain"
"Accounts/Reports/IGroup/Invoice List Per Company.rpt","True","8fef2171c06bc9780fb3927eb7b32493e7ba0b48","12815360","Invoice List Per Company.rpt","False","","True","True","Accounts/Reports/IGroup/Invoice List Per Company.vb:30; Accounts/Accounts.vbproj:1842; Accounts/Accounts.vbproj:2694","1","","Protected by static or project reference","Retain"
"Accounts/Reports/IGroup/Invoice List Per Company3.rpt","True","052a98403eadcc426f25631d5f8a7ad2f9b8da46","12815360","Invoice List Per Company3.rpt","False","","False","False","","1","","No static reference found; retained because reports are loaded dynamically","Retain"
"Accounts/Reports/IGroup/Invoices List Per Company.rpt","True","083f0ebd578b11b5a926020b8c741d1c78ae852f","12814848","Invoices List Per Company.rpt","False","","True","True","Accounts/Reports/IGroup/Invoices List Per Company.vb:30; Accounts/Accounts.vbproj:1848; Accounts/Accounts.vbproj:2698","1","","Protected by static or project reference","Retain"
"Accounts/Reports/IGroup/Iqama-Baladiya Diagnostic Result Report Original.rpt","True","74db5a49da6ba5f20e823105532b8d402c7bf51f","54784","Iqama-Baladiya Diagnostic Result Report Original.rpt","True","Archive-style filename","False","False","","1","","Archive-style filename retained pending runtime validation","Retain"
"Accounts/Reports/IGroup/Iqama-Baladiya Diagnostic Result Report.rpt","True","129df8a9d362ab124f7e0fd111144e2026953116","53760","Iqama-Baladiya Diagnostic Result Report.rpt","False","","False","False","","1","","No static reference found; retained because reports are loaded dynamically","Retain"
"Accounts/Reports/IGroup/Lab Barcode/BarcodeLabSamplePrintingOriginal.rpt","True","7449983bd04af0c65721a338b4e6a56fc086c5b8","17408","BarcodeLabSamplePrintingOriginal.rpt","True","Archive-style filename","False","False","","2","Accounts/Reports/IGroup/Reports/BarcodeLabSamplePrinting.rpt","Unreferenced exact duplicate with archive-style name/path","QuarantineExactDuplicate"
"Accounts/Reports/IGroup/Lab Barcode/IBLabSamplePrintingOriginal.rpt","True","1056ae4a64f87fea5bfd40b6609cf945876059ae","18432","IBLabSamplePrintingOriginal.rpt","True","Archive-style filename","False","False","","1","","Archive-style filename retained pending runtime validation","Retain"
"Accounts/Reports/IGroup/Lab Barcode/IBLabSamplePrintingOriginalTest.rpt","True","2dcf8c9b6dcc89c9e8fd418cf04f9f6efa6e5d8c","16384","IBLabSamplePrintingOriginalTest.rpt","True","Archive-style filename","False","False","","1","","Archive-style filename retained pending runtime validation","Retain"
"Accounts/Reports/IGroup/Lab Sample Daily Repor 2t.rpt","True","d2d96f7fae46507c8b6aa299e8fdc0da30f4faf2","50688","Lab Sample Daily Repor 2t.rpt","False","","False","False","","1","","No static reference found; retained because reports are loaded dynamically","Retain"
"Accounts/Reports/IGroup/Lab Sample Daily Report Final.rpt","True","b77e616605b9dc7144b4c99a4e0255ff516dae40","48640","Lab Sample Daily Report Final.rpt","False","","False","False","","1","","No static reference found; retained because reports are loaded dynamically","Retain"
"Accounts/Reports/IGroup/Lab Sample Daily Report Orig.rpt","True","404da57742fadb7cbec184bfde62e11b18510cf8","51712","Lab Sample Daily Report Orig.rpt","False","","False","False","","1","","No static reference found; retained because reports are loaded dynamically","Retain"
"Accounts/Reports/IGroup/Lab Sample Daily Report.rpt","True","fcfb93a64c9b33a8f1a95268d181c4f8e867d3f5","49664","Lab Sample Daily Report.rpt","False","","False","False","","1","","No static reference found; retained because reports are loaded dynamically","Retain"
"Accounts/Reports/IGroup/Lab Sample Daily Report2.rpt","True","b6461c44a4457b80de31ceb09d51fd93ac971d5b","49152","Lab Sample Daily Report2.rpt","False","","False","False","","1","","No static reference found; retained because reports are loaded dynamically","Retain"
"Accounts/Reports/IGroup/Lab Sample Taken List Report.rpt","True","63e1b0901160273724bf44ee898b2aecaecd43aa","51712","Lab Sample Taken List Report.rpt","False","","False","False","","1","","No static reference found; retained because reports are loaded dynamically","Retain"
"Accounts/Reports/IGroup/List of Cash Company Clients.rpt","True","7a9d6b325d7e14bce344a3cd1323f3146f16d7fa","89600","List of Cash Company Clients.rpt","False","","True","True","Accounts/Reports/IGroup/List of Cash Company Clients.vb:30; Accounts/Accounts.vbproj:1854; Accounts/Accounts.vbproj:2702","1","","Protected by static or project reference","Retain"
"Accounts/Reports/IGroup/MOH Clinic Repor By Clinict.rpt","True","5469a5ebbdeb52a4a4951dc1fcaefe5a98446e8b","134656","MOH Clinic Repor By Clinict.rpt","False","","False","False","","1","","No static reference found; retained because reports are loaded dynamically","Retain"
"Accounts/Reports/IGroup/MOH Clinic Repor By Doctor.rpt","True","9f367a01272adab0d0ca774a846b9d96249a9065","91136","MOH Clinic Repor By Doctor.rpt","False","","False","False","","1","","No static reference found; retained because reports are loaded dynamically","Retain"
"Accounts/Reports/IGroup/MOH Clinic Report By Doctor.rpt","True","75bb82a67067c0c311ea66793959f5b9a5d7b078","92160","MOH Clinic Report By Doctor.rpt","False","","False","False","","1","","No static reference found; retained because reports are loaded dynamically","Retain"
"Accounts/Reports/IGroup/MOH Clinic Report.rpt","True","164bc43a77a4ea5e6fcb5f23d4aa5d7f83473d22","133632","MOH Clinic Report.rpt","False","","False","False","","1","","No static reference found; retained because reports are loaded dynamically","Retain"
"Accounts/Reports/IGroup/MOH Diagnostic Center Report.rpt","True","93bebfb65da4e2ddf7ec1e30410fb3f7a58bff79","102400","MOH Diagnostic Center Report.rpt","False","","False","False","","1","","No static reference found; retained because reports are loaded dynamically","Retain"
"Accounts/Reports/IGroup/MOH IB Report.rpt","True","083c40abae8261791f80049955af7fa3f5cd7108","101376","MOH IB Report.rpt","False","","False","False","","1","","No static reference found; retained because reports are loaded dynamically","Retain"
"Accounts/Reports/IGroup/MOH Laboratory Patients per Period.rpt","True","0b4cd0fe0c84c454dcacd3ba6dd3fa4eb3dfcf17","385024","MOH Laboratory Patients per Period.rpt","False","","False","False","","2","Accounts/Reports/IGroup/MOH Laboratory Patients per Period.rpt","Canonical copy retained for exact duplicate group","Retain"
"Accounts/Reports/IGroup/MOH Laboratory Tests Per Period.rpt","True","e8724fe0b3756919d63f39ddf3156c64c0dc879f","377856","MOH Laboratory Tests Per Period.rpt","False","","False","False","","2","Accounts/Reports/IGroup/MOH Laboratory Tests Per Period.rpt","Canonical copy retained for exact duplicate group","Retain"
"Accounts/Reports/IGroup/No of Diagnostic Test services per Month.rpt","True","efa822c01e2060191cbbc8e5278646efd6d33a1e","51200","No of Diagnostic Test services per Month.rpt","False","","True","True","Accounts/Reports/IGroup/No of Diagnostic Test services per Month.vb:30; Accounts/Accounts.vbproj:1860; Accounts/Accounts.vbproj:2706","1","","Protected by static or project reference","Retain"
"Accounts/Reports/IGroup/Number  of Patients and Revenue per Doctor per Month.rpt","True","ad67be2045ecbcff6cbe7e16a0211e5f6ac01344","127488","Number  of Patients and Revenue per Doctor per Month.rpt","False","","False","False","","1","","No static reference found; retained because reports are loaded dynamically","Retain"
"Accounts/Reports/IGroup/Number of Laboratory & Xray Patients Excluding Diagnostic Services per Doctor per Month.rpt","True","721f017174ad9677c57df1880b5fc28a1874beec","259072","Number of Laboratory & Xray Patients Excluding Diagnostic Services per Doctor per Month.rpt","False","","True","False","","1","","Protected by static or project reference","Retain"
"Accounts/Reports/IGroup/Number of Laboratory & Xray Patients per Doctor per Month.rpt","True","f63bedc1f172d6f8c2548a2b13641633ec52ab97","259584","Number of Laboratory & Xray Patients per Doctor per Month.rpt","False","","True","True","Accounts/Reports/IGroup/Number of Laboratory & Xray Patients per Doctor per Month.vb:30","1","","Protected by static or project reference","Retain"
"Accounts/Reports/IGroup/Number of Laboratory & Xray Services per Month.rpt","True","c8a262672794aa79ab780aec7e62954ba4c3a93c","195584","Number of Laboratory & Xray Services per Month.rpt","False","","True","True","Accounts/Reports/IGroup/Number of Laboratory & Xray Services per Month.vb:30","1","","Protected by static or project reference","Retain"
"Accounts/Reports/IGroup/Number of New Patients per Doctor per Day per Nationality.rpt","True","9e5068b4654785a9f3c3069748c4665987ed183d","102400","Number of New Patients per Doctor per Day per Nationality.rpt","False","","True","True","Accounts/Reports/IGroup/Number of New Patients per Doctor per Day per Nationality.vb:30; Accounts/Accounts.vbproj:1884; Accounts/Accounts.vbproj:2722","1","","Protected by static or project reference","Retain"
"Accounts/Reports/IGroup/Number of New Patients per Doctor per Day.rpt","True","cfb33471418d1b6e2748bc298713a0fe1ff8edc0","107520","Number of New Patients per Doctor per Day.rpt","False","","True","True","Accounts/Reports/IGroup/Number of New Patients per Doctor per Day.vb:30; Accounts/Accounts.vbproj:1890; Accounts/Accounts.vbproj:2726","1","","Protected by static or project reference","Retain"
"Accounts/Reports/IGroup/Number of New Patients per Doctor per Month per Nationality.rpt","True","fb8c69ffa234e98aa76331a7888317fb3deb0734","97280","Number of New Patients per Doctor per Month per Nationality.rpt","False","","True","True","Accounts/Reports/IGroup/Number of New Patients per Doctor per Month per Nationality.vb:30; Accounts/Accounts.vbproj:1896; Accounts/Accounts.vbproj:2730","1","","Protected by static or project reference","Retain"
"Accounts/Reports/IGroup/Number of Patients per Doctor per Day.rpt","True","cc07dc26349d8609fc49783d30ac5d4224867460","166912","Number of Patients per Doctor per Day.rpt","False","","True","True","Accounts/Reports/IGroup/Number of Patients per Doctor per Day.vb:30; Accounts/PresentationLayer/Views/Forms/Reports/IGroup/NumberofCashPatientsPerDoctorPerDay - Copy.vb:41; Accounts/Accounts.vbproj:1902; Accounts/Accounts.vbproj:2734","1","","Protected by static or project reference","Retain"
"Accounts/Reports/IGroup/Number of Patients per Doctor per Month.rpt","True","4081985c8df7514ad5d7ff10a7f2eaf8eba12103","165888","Number of Patients per Doctor per Month.rpt","False","","True","True","Accounts/Reports/IGroup/Number of Patients per Doctor per Month.vb:30; Accounts/Accounts.vbproj:1908; Accounts/Accounts.vbproj:2738","1","","Protected by static or project reference","Retain"
"Accounts/Reports/IGroup/PMR Doctors Form - Copy.rpt","True","eb3395b0b65593eeac51d6926730e41897a35203","143872","PMR Doctors Form - Copy.rpt","True","Archive-style filename","False","False","","2","Accounts/Reports/IGroup/PMR Doctors Form With Printed Details.rpt","Unreferenced exact duplicate with archive-style name/path","QuarantineExactDuplicate"
"Accounts/Reports/IGroup/PMR Doctors Form 2.rpt","True","57d951ded9a1548f40b8289d88d587c976681647","143872","PMR Doctors Form 2.rpt","False","","False","False","","1","","No static reference found; retained because reports are loaded dynamically","Retain"
"Accounts/Reports/IGroup/PMR Doctors Form Non-Pre Printed.rpt","True","4e75e19e2d649b71d8e70a63970eb94721764309","20992","PMR Doctors Form Non-Pre Printed.rpt","False","","False","False","","3","Accounts/Reports/IGroup/PMR Doctors Form.rpt","Exact duplicate retained pending filename/path validation","Retain"
"Accounts/Reports/IGroup/PMR Doctors Form Pre Printed.rpt","True","4e75e19e2d649b71d8e70a63970eb94721764309","20992","PMR Doctors Form Pre Printed.rpt","False","","False","False","","3","Accounts/Reports/IGroup/PMR Doctors Form.rpt","Exact duplicate retained pending filename/path validation","Retain"
"Accounts/Reports/IGroup/PMR Doctors Form With Graphics.rpt","True","7b4434de82ad6d958f31c9541352ba6d9343242d","143872","PMR Doctors Form With Graphics.rpt","False","","False","False","","2","Accounts/Reports/IGroup/PMR Doctors Form178.rpt","Exact duplicate retained pending filename/path validation","Retain"
"Accounts/Reports/IGroup/PMR Doctors Form With Printed Details.rpt","True","eb3395b0b65593eeac51d6926730e41897a35203","143872","PMR Doctors Form With Printed Details.rpt","False","","False","False","","2","Accounts/Reports/IGroup/PMR Doctors Form With Printed Details.rpt","Canonical copy retained for exact duplicate group","Retain"
"Accounts/Reports/IGroup/PMR Doctors Form.rpt","True","4e75e19e2d649b71d8e70a63970eb94721764309","20992","PMR Doctors Form.rpt","False","","True","True","Accounts/Reports/IGroup/PMR Doctors Form.vb:30; Accounts/PresentationLayer/Views/Forms/Kizen/InvMedNotesForm.vb:187; Accounts/PresentationLayer/Views/Forms/IGroup/PmrInvestigationRequestForm.vb:215; Accounts/PresentationLayer/Views/Forms/IGroup/PmrInvestigationForm.vb:225; Accounts/PresentationLayer/Views/Forms/IGroup/PatientPrescriptionForm.vb:210","3","Accounts/Reports/IGroup/PMR Doctors Form.rpt","Protected by static or project reference","Retain"
"Accounts/Reports/IGroup/PMR Doctors Form178.rpt","True","7b4434de82ad6d958f31c9541352ba6d9343242d","143872","PMR Doctors Form178.rpt","False","","False","True","Accounts/PresentationLayer/Views/Forms/IGroup/PmrInvestigationRequestForm.vb:213; Accounts/PresentationLayer/Views/Forms/IGroup/PmrInvestigationRequestForm.vb:217","2","Accounts/Reports/IGroup/PMR Doctors Form178.rpt","Protected by static or project reference","Retain"
"Accounts/Reports/IGroup/PMR Doctors Form2.rpt","True","89e24e7e825ffd04d3820a03a2e0f7f0000a422b","143872","PMR Doctors Form2.rpt","False","","False","False","","1","","No static reference found; retained because reports are loaded dynamically","Retain"
"Accounts/Reports/IGroup/PMR UCAF.rpt","True","678e9c779bd9c4693fb7f7a98ff722878e918d04","20992","PMR UCAF.rpt","False","","True","True","Accounts/Reports/IGroup/PMR UCAF.vb:30; Accounts/Accounts.vbproj:1920; Accounts/Accounts.vbproj:2746","1","","Protected by static or project reference","Retain"
"Accounts/Reports/IGroup/Posting Company Credit Revenue Sale.rpt","True","b09de318f11865fba38b557d88c7b9cbb1e5d538","12272640","Posting Company Credit Revenue Sale.rpt","False","","False","False","","1","","No static reference found; retained because reports are loaded dynamically","Retain"
"Accounts/Reports/IGroup/Report1.rpt","True","7771a6d8847a4b8fd5bec83b90632ab89f8f6a0c","84480","Report1.rpt","False","","False","False","","1","","No static reference found; retained because reports are loaded dynamically","Retain"
"Accounts/Reports/IGroup/Reports/09-Clinic Total Purchases Report (AP) New Arabic.rpt","True","01f2380f4aae28ae3551a19980c6065bc969d72c","834560","09-Clinic Total Purchases Report (AP) New Arabic.rpt","False","","False","False","","2","IGroup/Reports/09-Clinic Total Purchases Report (AP) New Arabic.rpt","Exact duplicate retained pending filename/path validation","Retain"
"Accounts/Reports/IGroup/Reports/1. MOH IB Report.rpt","True","ccd7c178d187216573ea5bd7d23ccb717be30fcb","72192","1. MOH IB Report.rpt","False","","False","False","","1","","No static reference found; retained because reports are loaded dynamically","Retain"
"Accounts/Reports/IGroup/Reports/2. MOH Clinic Report.rpt","True","09a76d8290e7a35b43d93c5f45e9eed38c9a879b","93184","2. MOH Clinic Report.rpt","False","","False","False","","1","","No static reference found; retained because reports are loaded dynamically","Retain"
"Accounts/Reports/IGroup/Reports/3. MOH Laboratory Tests Per Period.rpt","True","e8724fe0b3756919d63f39ddf3156c64c0dc879f","377856","3. MOH Laboratory Tests Per Period.rpt","False","","False","False","","2","Accounts/Reports/IGroup/MOH Laboratory Tests Per Period.rpt","Exact duplicate retained pending filename/path validation","Retain"
"Accounts/Reports/IGroup/Reports/4. MOH Laboratory Patients per Period.rpt","True","0b4cd0fe0c84c454dcacd3ba6dd3fa4eb3dfcf17","385024","4. MOH Laboratory Patients per Period.rpt","False","","False","False","","2","Accounts/Reports/IGroup/MOH Laboratory Patients per Period.rpt","Exact duplicate retained pending filename/path validation","Retain"
"Accounts/Reports/IGroup/Reports/4thQtrPurchase.rpt","True","2bb6b864d170be4d37e631bcd5706e96a6899fb9","833536","4thQtrPurchase.rpt","False","","False","False","","2","IGroup/Reports/4thQtrPurchase.rpt","Exact duplicate retained pending filename/path validation","Retain"
"Accounts/Reports/IGroup/Reports/AccBalanceSheet.rpt","True","43432b86b74c9d3c9460cd2644a3071050ad5de3","49664","AccBalanceSheet.rpt","False","","False","False","","3","IGroup/Reports/AccBalanceSheet.rpt","Exact duplicate retained pending filename/path validation","Retain"
"Accounts/Reports/IGroup/Reports/Accounts/Balance Sheet Arabic Monthly 2.rpt","True","f96d3c59b8ed1f3b74fe05ad2230763c333fca1e","1287680","Balance Sheet Arabic Monthly 2.rpt","False","","False","False","","1","","No static reference found; retained because reports are loaded dynamically","Retain"
"Accounts/Reports/IGroup/Reports/Accounts/Balance Sheet Arabic Monthly.rpt","True","eebd7575ab20af76a93604724330c03cef92dc5b","1288192","Balance Sheet Arabic Monthly.rpt","False","","False","False","","2","IGroup/Reports/Accounts/Balance Sheet Arabic Monthly.rpt","Exact duplicate retained pending filename/path validation","Retain"
"Accounts/Reports/IGroup/Reports/Accounts/Balance Sheet Arabic Yearly.rpt","True","2833b3b154d2dcc8fb975423c3116f8f79328748","1373696","Balance Sheet Arabic Yearly.rpt","False","","False","False","","2","IGroup/Reports/Accounts/Balance Sheet Arabic Yearly.rpt","Exact duplicate retained pending filename/path validation","Retain"
"Accounts/Reports/IGroup/Reports/Accounts/Balance Sheet Arabic Yearly2.rpt","True","bc3056b355e598935aa419a4a549c10ff2a2753f","1062400","Balance Sheet Arabic Yearly2.rpt","False","","False","False","","1","","No static reference found; retained because reports are loaded dynamically","Retain"
"Accounts/Reports/IGroup/Reports/Accounts/Cash Disbursement Journal.rpt","True","66f75a353ff378d806972686dd9fba9d13001b2a","825856","Cash Disbursement Journal.rpt","False","","False","True","Accounts/Reports/Cash Disbursement Journal.vb:30; Accounts/PresentationLayer/Presenters/DisbursementJournalPresenter.vb:396; Accounts/Accounts.vbproj:1632; Accounts/Accounts.vbproj:2554","2","IGroup/Reports/Accounts/Cash Disbursement Journal.rpt","Protected by static or project reference","Retain"
"Accounts/Reports/IGroup/Reports/Accounts/Cash Disbursement Journal2.rpt","True","b54ee2ac284d92991658b24d7faf58d9cd8af85e","824832","Cash Disbursement Journal2.rpt","False","","False","False","","1","","No static reference found; retained because reports are loaded dynamically","Retain"
"Accounts/Reports/IGroup/Reports/Accounts/Final Reports/Balance Sheet Arabic Monthly.rpt","True","80115350a9226e11e832fc3122c42f73bd301bab","1198592","Balance Sheet Arabic Monthly.rpt","False","","False","False","","1","","No static reference found; retained because reports are loaded dynamically","Retain"
"Accounts/Reports/IGroup/Reports/Accounts/Final Reports/Balance Sheet Arabic Yearly Old.rpt","True","93e4861ddf3c02a8a57b0874089d8da99c90a2a4","1153024","Balance Sheet Arabic Yearly Old.rpt","True","Archive-style filename","False","False","","1","","Archive-style filename retained pending runtime validation","Retain"
"Accounts/Reports/IGroup/Reports/Accounts/Final Reports/Balance Sheet Arabic Yearly.rpt","True","087620f6fe2c3a61b43121d9c33f0536cff9674e","1222144","Balance Sheet Arabic Yearly.rpt","False","","False","False","","1","","No static reference found; retained because reports are loaded dynamically","Retain"
"Accounts/Reports/IGroup/Reports/Accounts/Final Reports/Balance Sheet Arabic Yearly2.rpt","True","bac5ec328799b9ba91e4819ec9eb8ca74a2cbf5e","1039360","Balance Sheet Arabic Yearly2.rpt","False","","False","False","","1","","No static reference found; retained because reports are loaded dynamically","Retain"
"Accounts/Reports/IGroup/Reports/Accounts/Final Reports/Custom Functions.rpt","True","4968d109f70a254bba91d6457c0840a46dbda689","45056","Custom Functions.rpt","False","","False","False","","1","","No static reference found; retained because reports are loaded dynamically","Retain"
"Accounts/Reports/IGroup/Reports/Accounts/Final Reports/Income Statement Arabic Monthly.rpt","True","12a442adb0fa78a2160c3c344c1e117db0c77b23","861184","Income Statement Arabic Monthly.rpt","False","","False","False","","1","","No static reference found; retained because reports are loaded dynamically","Retain"
"Accounts/Reports/IGroup/Reports/Accounts/Final Reports/Income Statement Arabic Yearly.rpt","True","4bf2fe62da978381ba553242c1c9b0e4fe1f0cf0","1016832","Income Statement Arabic Yearly.rpt","False","","False","False","","1","","No static reference found; retained because reports are loaded dynamically","Retain"
"Accounts/Reports/IGroup/Reports/Accounts/Final Reports/Statement of Accounts Payable Arabic.rpt","True","b5c49e697cdca1b3d24ea2de531cb995faa5aa2a","848384","Statement of Accounts Payable Arabic.rpt","False","","False","True","Accounts/PresentationLayer/Presenters/ReportPresenter.vb:74; Accounts/PresentationLayer/Presenters/ApArEmReportPresenter.vb:45; Accounts/Accounts.vbproj:3051","1","","Protected by static or project reference","Retain"
"Accounts/Reports/IGroup/Reports/Accounts/Final Reports/Statement of Accounts Receivable Arabic.rpt","True","423d77202aebe42b35e2a376e9c44dcc3bfe5659","854016","Statement of Accounts Receivable Arabic.rpt","False","","False","True","Accounts/Reports/Statement of Accounts Receivable Arabic.vb:30; Accounts/PresentationLayer/Presenters/ReportPresenter.vb:83; Accounts/PresentationLayer/Presenters/ApArEmReportPresenter.vb:54; Accounts/Accounts.vbproj:2022; Accounts/Accounts.vbproj:2814","1","","Protected by static or project reference","Retain"
"Accounts/Reports/IGroup/Reports/Accounts/Final Reports/Summary of Accounts Payables Arabic.rpt","True","45f1d002465077bf00bf68e515042d22e68cd274","990208","Summary of Accounts Payables Arabic.rpt","False","","False","False","","1","","No static reference found; retained because reports are loaded dynamically","Retain"
"Accounts/Reports/IGroup/Reports/Accounts/Final Reports/Summary of Accounts Receivables Arabic.rpt","True","d0390a0d4ab7fc50bfbf4947580a390f415d21ef","936960","Summary of Accounts Receivables Arabic.rpt","False","","False","False","","1","","No static reference found; retained because reports are loaded dynamically","Retain"
"Accounts/Reports/IGroup/Reports/Accounts/Final Reports/Trial Balance Arabic Monthly.rpt","True","2774c5e87419d00a67ff0ba5a40d47727fd5e2a8","1226240","Trial Balance Arabic Monthly.rpt","False","","False","False","","1","","No static reference found; retained because reports are loaded dynamically","Retain"
"Accounts/Reports/IGroup/Reports/Accounts/Final Reports/Trial Balance Arabic Yearly.rpt","True","3135f3b9b4a978a33d9ede2454d8af3f2f09a1ee","1301504","Trial Balance Arabic Yearly.rpt","False","","False","False","","1","","No static reference found; retained because reports are loaded dynamically","Retain"
"Accounts/Reports/IGroup/Reports/Accounts/Final Reports/xxxxStatement of Accounts Payables Arabic.rpt","True","410395388056bc45c63ed197461bd6268d49827e","823808","xxxxStatement of Accounts Payables Arabic.rpt","False","","False","False","","1","","No static reference found; retained because reports are loaded dynamically","Retain"
"Accounts/Reports/IGroup/Reports/Accounts/General Journal.rpt","True","dbaf5caee1b9e48acbc418f7a9c121b8aa5005b9","825856","General Journal.rpt","False","","False","True","Accounts/Reports/General Journal.vb:30; Accounts/PresentationLayer/Presenters/GeneralJournalPresenter.vb:79; Accounts/Accounts.vbproj:1764; Accounts/Accounts.vbproj:2642","2","IGroup/Reports/Accounts/General Journal.rpt","Protected by static or project reference","Retain"
"Accounts/Reports/IGroup/Reports/Accounts/Income Statement Arabic Final (Revised).rpt","True","3f0affc35c21bdff3c0fa17544d7f158cdd8b431","1031168","Income Statement Arabic Final (Revised).rpt","False","","False","False","","1","","No static reference found; retained because reports are loaded dynamically","Retain"
"Accounts/Reports/IGroup/Reports/Accounts/Income Statement Arabic Final (Revised2).rpt","True","8dcdb6e8e9ad56878a8128eeb4772ac7a87b5055","1015808","Income Statement Arabic Final (Revised2).rpt","False","","False","False","","1","","No static reference found; retained because reports are loaded dynamically","Retain"
"Accounts/Reports/IGroup/Reports/Accounts/Income Statement Arabic Final (Revised2)2.rpt","True","419747923d0a0c392571ae8660db82aaa6fa69e7","1015296","Income Statement Arabic Final (Revised2)2.rpt","False","","False","False","","1","","No static reference found; retained because reports are loaded dynamically","Retain"
"Accounts/Reports/IGroup/Reports/Accounts/Income Statement Arabic Final 2.rpt","True","a6eb3a26d3696829aa0b82238ea6fcbb00c44230","1031168","Income Statement Arabic Final 2.rpt","False","","False","False","","1","","No static reference found; retained because reports are loaded dynamically","Retain"
"Accounts/Reports/IGroup/Reports/Accounts/Income Statement Arabic Final New.rpt","True","e58c72d14667641b95174c037543ae4ca556d3cd","836096","Income Statement Arabic Final New.rpt","False","","False","False","","1","","No static reference found; retained because reports are loaded dynamically","Retain"
"Accounts/Reports/IGroup/Reports/Accounts/Income Statement Arabic Final Newa.rpt","True","64ca6c0738cc0d771767a211f5b76cf25c45e34f","1005056","Income Statement Arabic Final Newa.rpt","False","","False","False","","1","","No static reference found; retained because reports are loaded dynamically","Retain"
"Accounts/Reports/IGroup/Reports/Accounts/Income Statement Arabic Final Trial2.rpt","True","72d536c2b0afc795fb2395b6a580c9db2d029241","1031168","Income Statement Arabic Final Trial2.rpt","True","Archive-style filename","False","False","","1","","Archive-style filename retained pending runtime validation","Retain"
"Accounts/Reports/IGroup/Reports/Accounts/Income Statement Arabic Final.rpt","True","769c36b65fc6ade1c2fa63ca54dc0f77c49f5d29","1030656","Income Statement Arabic Final.rpt","False","","False","False","","1","","No static reference found; retained because reports are loaded dynamically","Retain"
"Accounts/Reports/IGroup/Reports/Accounts/Income Statement Arabic Final2.rpt","True","8fc637589749d7a429c12ab09ca9d1ae32b2adec","1009152","Income Statement Arabic Final2.rpt","False","","False","False","","1","","No static reference found; retained because reports are loaded dynamically","Retain"
"Accounts/Reports/IGroup/Reports/Accounts/Income Statement Arabic Final3.rpt","True","0cd1cbf22052ba06529aceacc436104141f980a1","6280704","Income Statement Arabic Final3.rpt","False","","False","False","","1","","No static reference found; retained because reports are loaded dynamically","Retain"
"Accounts/Reports/IGroup/Reports/Accounts/Income Statement Arabic Monthly.rpt","True","8e065b171366ccb23e28e179a8bf7c458480a610","861184","Income Statement Arabic Monthly.rpt","False","","False","False","","2","IGroup/Reports/Accounts/Income Statement Arabic Monthly.rpt","Exact duplicate retained pending filename/path validation","Retain"
"Accounts/Reports/IGroup/Reports/Accounts/Income Statement Arabic Test.rpt","True","80324c677542f4ecf055d9e97e8ba2c4f2a3030d","835584","Income Statement Arabic Test.rpt","True","Archive-style filename","False","False","","1","","Archive-style filename retained pending runtime validation","Retain"
"Accounts/Reports/IGroup/Reports/Accounts/Income Statement Arabic Testa.rpt","True","aee350da7645cacad89689e1c4fa05fa09dbab78","835072","Income Statement Arabic Testa.rpt","False","","False","False","","1","","No static reference found; retained because reports are loaded dynamically","Retain"
"Accounts/Reports/IGroup/Reports/Accounts/Income Statement Arabic Testb.rpt","True","094ecaa6603c732f0e333c850eec3e9f157a4fc4","835072","Income Statement Arabic Testb.rpt","False","","False","False","","1","","No static reference found; retained because reports are loaded dynamically","Retain"
"Accounts/Reports/IGroup/Reports/Accounts/Income Statement Arabic Testba.rpt","True","49e2ec5547ba43c52d71b149da7e047d8542fd24","835584","Income Statement Arabic Testba.rpt","False","","False","False","","1","","No static reference found; retained because reports are loaded dynamically","Retain"
"Accounts/Reports/IGroup/Reports/Accounts/Income Statement Arabic Trial 10.rpt","True","257933fa7ae3bdf0f79a0a7899825bf23eceb943","987648","Income Statement Arabic Trial 10.rpt","True","Archive-style filename","False","False","","1","","Archive-style filename retained pending runtime validation","Retain"
"Accounts/Reports/IGroup/Reports/Accounts/Income Statement Arabic Trial 11.rpt","True","ffd51e7dfc37d4315a5704b621fc53171b27d9f1","1044480","Income Statement Arabic Trial 11.rpt","True","Archive-style filename","False","False","","1","","Archive-style filename retained pending runtime validation","Retain"
"Accounts/Reports/IGroup/Reports/Accounts/Income Statement Arabic Trial 11a.rpt","True","c1d42c2122ac0cbfa6e59de73fbdf8d88817f930","1044480","Income Statement Arabic Trial 11a.rpt","False","","False","False","","1","","No static reference found; retained because reports are loaded dynamically","Retain"
"Accounts/Reports/IGroup/Reports/Accounts/Income Statement Arabic Trial 11b.rpt","True","fa49c722f50b4cf5c8baa63f9b58d90065f2883c","1048576","Income Statement Arabic Trial 11b.rpt","False","","False","False","","1","","No static reference found; retained because reports are loaded dynamically","Retain"
"Accounts/Reports/IGroup/Reports/Accounts/Income Statement Arabic Trial 11bA.rpt","True","55598907d50872784d4dfe567a57e75c78f8c668","955904","Income Statement Arabic Trial 11bA.rpt","False","","False","False","","1","","No static reference found; retained because reports are loaded dynamically","Retain"
"Accounts/Reports/IGroup/Reports/Accounts/Income Statement Arabic Trial 11bAb.rpt","True","94342965a9bfbbcfe6ed9dc1f3fb44f11336e237","956928","Income Statement Arabic Trial 11bAb.rpt","False","","False","False","","1","","No static reference found; retained because reports are loaded dynamically","Retain"
"Accounts/Reports/IGroup/Reports/Accounts/Income Statement Arabic Trial 11bAc.rpt","True","23e33552ce2897f1ce83eebaaa7338711bd78140","958976","Income Statement Arabic Trial 11bAc.rpt","False","","False","False","","1","","No static reference found; retained because reports are loaded dynamically","Retain"
"Accounts/Reports/IGroup/Reports/Accounts/Income Statement Arabic Trial 11bAca.rpt","True","9a5da67c28b19633a087c61dc85f98467f96ef9f","958976","Income Statement Arabic Trial 11bAca.rpt","False","","False","False","","1","","No static reference found; retained because reports are loaded dynamically","Retain"
"Accounts/Reports/IGroup/Reports/Accounts/Income Statement Arabic Trial 2.rpt","True","642ee5a587e3c699928e8bc7076fd5fcfe8780e0","1042944","Income Statement Arabic Trial 2.rpt","True","Archive-style filename","False","False","","1","","Archive-style filename retained pending runtime validation","Retain"
"Accounts/Reports/IGroup/Reports/Accounts/Income Statement Arabic Trial 3.rpt","True","ad497a062650af88089cc03fb8a38698841d75c2","1042944","Income Statement Arabic Trial 3.rpt","True","Archive-style filename","False","False","","1","","Archive-style filename retained pending runtime validation","Retain"
"Accounts/Reports/IGroup/Reports/Accounts/Income Statement Arabic Trial 4.rpt","True","938da2c56f9d056edd3bd06465b2298bd7564294","1042432","Income Statement Arabic Trial 4.rpt","True","Archive-style filename","False","False","","1","","Archive-style filename retained pending runtime validation","Retain"
"Accounts/Reports/IGroup/Reports/Accounts/Income Statement Arabic Trial 5.rpt","True","924c532bfeaf3081b6f86513fd5861fccae20cb1","1042432","Income Statement Arabic Trial 5.rpt","True","Archive-style filename","False","False","","1","","Archive-style filename retained pending runtime validation","Retain"
"Accounts/Reports/IGroup/Reports/Accounts/Income Statement Arabic Trial 6.rpt","True","b07515a1ee1f0cfded0d0f3ea06193d8be594814","1043456","Income Statement Arabic Trial 6.rpt","True","Archive-style filename","False","False","","1","","Archive-style filename retained pending runtime validation","Retain"
"Accounts/Reports/IGroup/Reports/Accounts/Income Statement Arabic Trial 7.rpt","True","7cf5803d318237fe890c9ae7c6c864b4723ff86c","1042944","Income Statement Arabic Trial 7.rpt","True","Archive-style filename","False","False","","1","","Archive-style filename retained pending runtime validation","Retain"
"Accounts/Reports/IGroup/Reports/Accounts/Income Statement Arabic Trial 7a.rpt","True","5e4615146a4f48a4269a6f4164d2f64d9f8a0840","1043456","Income Statement Arabic Trial 7a.rpt","False","","False","False","","1","","No static reference found; retained because reports are loaded dynamically","Retain"
"Accounts/Reports/IGroup/Reports/Accounts/Income Statement Arabic Trial 7b.rpt","True","1508b42beddba426320027a7857a38d793f645bb","840192","Income Statement Arabic Trial 7b.rpt","False","","False","False","","1","","No static reference found; retained because reports are loaded dynamically","Retain"
"Accounts/Reports/IGroup/Reports/Accounts/Income Statement Arabic Trial 8.rpt","True","667f385b4a607e81ec96a4b9ce39e8cb72400af0","1042944","Income Statement Arabic Trial 8.rpt","True","Archive-style filename","False","False","","1","","Archive-style filename retained pending runtime validation","Retain"
"Accounts/Reports/IGroup/Reports/Accounts/Income Statement Arabic Trial 9.rpt","True","bc216f87528120e49f04f13600cd1997e54fd589","1043456","Income Statement Arabic Trial 9.rpt","True","Archive-style filename","False","False","","1","","Archive-style filename retained pending runtime validation","Retain"
"Accounts/Reports/IGroup/Reports/Accounts/Income Statement Arabic Trial New.rpt","True","8457309350d851072b5aaa6a332fc835cd83965b","934912","Income Statement Arabic Trial New.rpt","False","","False","False","","1","","No static reference found; retained because reports are loaded dynamically","Retain"
"Accounts/Reports/IGroup/Reports/Accounts/Income Statement Arabic Trial.rpt","True","6731a0fa2f9cc0ef0e22d2febb356e1e6da18a7d","1038336","Income Statement Arabic Trial.rpt","True","Archive-style filename","False","False","","1","","Archive-style filename retained pending runtime validation","Retain"
"Accounts/Reports/IGroup/Reports/Accounts/Income Statement Arabic Triala.rpt","True","d7b6a3d1f45e65b8748ec883d9cc6e36cdde92fb","1024000","Income Statement Arabic Triala.rpt","False","","False","False","","1","","No static reference found; retained because reports are loaded dynamically","Retain"
"Accounts/Reports/IGroup/Reports/Accounts/Income Statement Arabic Trialb.rpt","True","ea010fa0da0fa89b6bddd4a073be9858c9b50508","1023488","Income Statement Arabic Trialb.rpt","False","","False","False","","1","","No static reference found; retained because reports are loaded dynamically","Retain"
"Accounts/Reports/IGroup/Reports/Accounts/Income Statement Arabic TrialC.rpt","True","547e61399511362d8ec751d992a087c010bdaaa2","833536","Income Statement Arabic TrialC.rpt","False","","False","False","","1","","No static reference found; retained because reports are loaded dynamically","Retain"
"Accounts/Reports/IGroup/Reports/Accounts/Income Statement Arabic Yearly.rpt","True","2b1f4a14008524b99a28cec0e67cc3871084d4f0","1015808","Income Statement Arabic Yearly.rpt","False","","False","False","","2","IGroup/Reports/Accounts/Income Statement Arabic Yearly.rpt","Exact duplicate retained pending filename/path validation","Retain"
"Accounts/Reports/IGroup/Reports/Accounts/Income Statement Arabic.rpt","True","0432d026bafdfa413ee9c866c68e9cb42907fb12","1031680","Income Statement Arabic.rpt","False","","False","False","","2","IGroup/Reports/Accounts/Income Statement Arabic.rpt","Exact duplicate retained pending filename/path validation","Retain"
"Accounts/Reports/IGroup/Reports/Accounts/Report1.rpt","True","bc0bd362fef0e02f993112fbdc94757d7e197b57","481280","Report1.rpt","False","","False","False","","2","IGroup/Reports/Accounts/Report1.rpt","Exact duplicate retained pending filename/path validation","Retain"
"Accounts/Reports/IGroup/Reports/Accounts/Statement of Accounts Payable 3.rpt","True","659ac6520bf9a78f32ad127a658b1dd2c6b639ba","49152","Statement of Accounts Payable 3.rpt","False","","False","False","","1","","No static reference found; retained because reports are loaded dynamically","Retain"
"Accounts/Reports/IGroup/Reports/Accounts/Statement of Accounts Payable 4.rpt","True","134b45f1f5defb2ce4275e08334a8cdb863630d0","838656","Statement of Accounts Payable 4.rpt","False","","False","False","","1","","No static reference found; retained because reports are loaded dynamically","Retain"
"Accounts/Reports/IGroup/Reports/Accounts/Statement of Accounts Payable.rpt","True","034db99379e1ea3b6537dae1170536dc7e34f5fa","841728","Statement of Accounts Payable.rpt","False","","False","True","Accounts/Reports/Statement of Accounts Payable.vb:30; Accounts/PresentationLayer/Presenters/ReportPresenter.vb:76; Accounts/PresentationLayer/Presenters/ApArEmReportPresenter.vb:47; Accounts/Accounts.vbproj:2016; Accounts/Accounts.vbproj:2810","2","IGroup/Reports/Accounts/Statement of Accounts Payable.rpt","Protected by static or project reference","Retain"
"Accounts/Reports/IGroup/Reports/Accounts/Summary of Accounts Payables.rpt","True","b0cc6f8684dd88b65b633d7da5c645a459422c8a","974336","Summary of Accounts Payables.rpt","False","","False","False","","2","IGroup/Reports/Accounts/Summary of Accounts Payables.rpt","Exact duplicate retained pending filename/path validation","Retain"
"Accounts/Reports/IGroup/Reports/Accounts/Summary of Accounts Receivable.rpt","True","b36114763074316cacb2c0f990b927a7f72a28b0","931328","Summary of Accounts Receivable.rpt","False","","False","True","Accounts/Reports/Summary of Accounts Receivable.vb:30; Accounts/PresentationLayer/Presenters/FinancialReportPresenter.vb:52; Accounts/Accounts.vbproj:2058; Accounts/Accounts.vbproj:2838","2","IGroup/Reports/Accounts/Summary of Accounts Receivable.rpt","Protected by static or project reference","Retain"
"Accounts/Reports/IGroup/Reports/Accounts/Trial Balance Arabic Monthly.rpt","True","4194c1db27ffaa0b3c19d12c9968da544486295a","1303040","Trial Balance Arabic Monthly.rpt","False","","False","False","","2","IGroup/Reports/Accounts/Trial Balance Arabic Monthly.rpt","Exact duplicate retained pending filename/path validation","Retain"
"Accounts/Reports/IGroup/Reports/Accounts/Trial Balance Arabic Yearly 2.rpt","True","ac84a792db3a7513617b4d4bcee7f8b8ba2d399c","1286144","Trial Balance Arabic Yearly 2.rpt","False","","False","False","","1","","No static reference found; retained because reports are loaded dynamically","Retain"
"Accounts/Reports/IGroup/Reports/Accounts/Trial Balance Arabic Yearly.rpt","True","d454d80be9368abf657c4772104977e8cce6bb87","1302528","Trial Balance Arabic Yearly.rpt","False","","False","False","","2","IGroup/Reports/Accounts/Trial Balance Arabic Yearly.rpt","Exact duplicate retained pending filename/path validation","Retain"
"Accounts/Reports/IGroup/Reports/Accounts/Trial Balance Arabic.rpt","True","38eaebc36262d58333937719968cd4b985255d5d","1266688","Trial Balance Arabic.rpt","False","","False","False","","2","IGroup/Reports/Accounts/Trial Balance Arabic.rpt","Exact duplicate retained pending filename/path validation","Retain"
"Accounts/Reports/IGroup/Reports/Accounts/Trial Balance.rpt","True","98365bd2903160528558fe715e0d6f94681ea64f","830976","Trial Balance.rpt","False","","False","True","Accounts/Reports/Trial Balance.vb:30; Accounts/PresentationLayer/Presenters/FinancialReportPresenter.vb:43; Accounts/Accounts.vbproj:2070; Accounts/Accounts.vbproj:2846","2","IGroup/Reports/Accounts/Trial Balance.rpt","Protected by static or project reference","Retain"
"Accounts/Reports/IGroup/Reports/AccountsGroupList.rpt","True","abef2dce3ea86b27292d8243b26ad7e44c190421","48128","AccountsGroupList.rpt","False","","False","False","","5","IGroup/Reports/AccountsGroupList.rpt","Exact duplicate retained pending filename/path validation","Retain"
"Accounts/Reports/IGroup/Reports/AccountsIncomeExpenses.rpt","True","906414ec8f6871d63bfa5b60be48a16769ddea41","49152","AccountsIncomeExpenses.rpt","False","","False","False","","3","IGroup/Reports/AccountsIncomeExpenses.rpt","Exact duplicate retained pending filename/path validation","Retain"
"Accounts/Reports/IGroup/Reports/AccountsJournal.rpt","True","df669bf9b09bf9e04e840ef17f25c31f868080ff","48128","AccountsJournal.rpt","False","","False","False","","5","IGroup/Reports/AccountsJournal.rpt","Exact duplicate retained pending filename/path validation","Retain"
"Accounts/Reports/IGroup/Reports/AccountsLedger.rpt","True","525ebe75c77839d8d1e1288cd9dbbae3f9d94ddf","49152","AccountsLedger.rpt","False","","False","False","","5","IGroup/Reports/AccountsLedger.rpt","Exact duplicate retained pending filename/path validation","Retain"
"Accounts/Reports/IGroup/Reports/AccountsLedgerSummary.rpt","True","8ca6d3d7c392f4bad56df42d194f20509207fa02","1162240","AccountsLedgerSummary.rpt","False","","False","False","","3","IGroup/Reports/AccountsLedgerSummary.rpt","Exact duplicate retained pending filename/path validation","Retain"
"Accounts/Reports/IGroup/Reports/AccountsOpeningBalance.rpt","True","be70947add48649cf9c13d97ba4b722dc5880b3a","48128","AccountsOpeningBalance.rpt","False","","False","False","","5","IGroup/Reports/AccountsOpeningBalance.rpt","Exact duplicate retained pending filename/path validation","Retain"
"Accounts/Reports/IGroup/Reports/AccountsPnL.rpt","True","0c582bcd990ab7df138840534427e580669921fc","48128","AccountsPnL.rpt","False","","False","False","","3","IGroup/Reports/AccountsPnL.rpt","Exact duplicate retained pending filename/path validation","Retain"
"Accounts/Reports/IGroup/Reports/AccountsVoucherType.rpt","True","f6ed868bbd67746f96e7b6b4533d2ad23e3a100e","47616","AccountsVoucherType.rpt","False","","False","False","","5","IGroup/Reports/AccountsVoucherType.rpt","Exact duplicate retained pending filename/path validation","Retain"
"Accounts/Reports/IGroup/Reports/ACCTrialBalanceNew.rpt","True","3a12390b748d7626c7c22d39b3fc4b446836610a","51200","ACCTrialBalanceNew.rpt","False","","False","False","","5","IGroup/Reports/ACCTrialBalanceNew.rpt","Exact duplicate retained pending filename/path validation","Retain"
"Accounts/Reports/IGroup/Reports/AgeingSummary.rpt","True","a2b4738a5d313002157d0cb4b10cedfde0e51343","49152","AgeingSummary.rpt","False","","False","False","","3","IGroup/Reports/AgeingSummary.rpt","Exact duplicate retained pending filename/path validation","Retain"
"Accounts/Reports/IGroup/Reports/Backup/AccBalanceSheet.rpt","True","43432b86b74c9d3c9460cd2644a3071050ad5de3","49664","AccBalanceSheet.rpt","True","Archive-style directory","False","False","","3","IGroup/Reports/AccBalanceSheet.rpt","Unreferenced exact duplicate with archive-style name/path","QuarantineExactDuplicate"
"Accounts/Reports/IGroup/Reports/Backup/AccountsGroupList (2).rpt","True","abef2dce3ea86b27292d8243b26ad7e44c190421","48128","AccountsGroupList (2).rpt","True","Archive-style directory","False","False","","5","IGroup/Reports/AccountsGroupList.rpt","Unreferenced exact duplicate with archive-style name/path","QuarantineExactDuplicate"
"Accounts/Reports/IGroup/Reports/Backup/AccountsGroupList.rpt","True","abef2dce3ea86b27292d8243b26ad7e44c190421","48128","AccountsGroupList.rpt","True","Archive-style directory","False","False","","5","IGroup/Reports/AccountsGroupList.rpt","Unreferenced exact duplicate with archive-style name/path","QuarantineExactDuplicate"
"Accounts/Reports/IGroup/Reports/Backup/AccountsIncomeExpenses.rpt","True","906414ec8f6871d63bfa5b60be48a16769ddea41","49152","AccountsIncomeExpenses.rpt","True","Archive-style directory","False","False","","3","IGroup/Reports/AccountsIncomeExpenses.rpt","Unreferenced exact duplicate with archive-style name/path","QuarantineExactDuplicate"
"Accounts/Reports/IGroup/Reports/Backup/AccountsJournal (2).rpt","True","df669bf9b09bf9e04e840ef17f25c31f868080ff","48128","AccountsJournal (2).rpt","True","Archive-style directory","False","False","","5","IGroup/Reports/AccountsJournal.rpt","Unreferenced exact duplicate with archive-style name/path","QuarantineExactDuplicate"
"Accounts/Reports/IGroup/Reports/Backup/AccountsJournal.rpt","True","df669bf9b09bf9e04e840ef17f25c31f868080ff","48128","AccountsJournal.rpt","True","Archive-style directory","False","False","","5","IGroup/Reports/AccountsJournal.rpt","Unreferenced exact duplicate with archive-style name/path","QuarantineExactDuplicate"
"Accounts/Reports/IGroup/Reports/Backup/AccountsLedger (2).rpt","True","525ebe75c77839d8d1e1288cd9dbbae3f9d94ddf","49152","AccountsLedger (2).rpt","True","Archive-style directory","False","False","","5","IGroup/Reports/AccountsLedger.rpt","Unreferenced exact duplicate with archive-style name/path","QuarantineExactDuplicate"
"Accounts/Reports/IGroup/Reports/Backup/AccountsLedger.rpt","True","525ebe75c77839d8d1e1288cd9dbbae3f9d94ddf","49152","AccountsLedger.rpt","True","Archive-style directory","False","False","","5","IGroup/Reports/AccountsLedger.rpt","Unreferenced exact duplicate with archive-style name/path","QuarantineExactDuplicate"
"Accounts/Reports/IGroup/Reports/Backup/AccountsLedgerSummary.rpt","True","8ca6d3d7c392f4bad56df42d194f20509207fa02","1162240","AccountsLedgerSummary.rpt","True","Archive-style directory","False","False","","3","IGroup/Reports/AccountsLedgerSummary.rpt","Unreferenced exact duplicate with archive-style name/path","QuarantineExactDuplicate"
"Accounts/Reports/IGroup/Reports/Backup/AccountsOpeningBalance (2).rpt","True","be70947add48649cf9c13d97ba4b722dc5880b3a","48128","AccountsOpeningBalance (2).rpt","True","Archive-style directory","False","False","","5","IGroup/Reports/AccountsOpeningBalance.rpt","Unreferenced exact duplicate with archive-style name/path","QuarantineExactDuplicate"
"Accounts/Reports/IGroup/Reports/Backup/AccountsOpeningBalance.rpt","True","be70947add48649cf9c13d97ba4b722dc5880b3a","48128","AccountsOpeningBalance.rpt","True","Archive-style directory","False","False","","5","IGroup/Reports/AccountsOpeningBalance.rpt","Unreferenced exact duplicate with archive-style name/path","QuarantineExactDuplicate"
"Accounts/Reports/IGroup/Reports/Backup/AccountsPnL.rpt","True","0c582bcd990ab7df138840534427e580669921fc","48128","AccountsPnL.rpt","True","Archive-style directory","False","False","","3","IGroup/Reports/AccountsPnL.rpt","Unreferenced exact duplicate with archive-style name/path","QuarantineExactDuplicate"
"Accounts/Reports/IGroup/Reports/Backup/AccountsVoucherType (2).rpt","True","f6ed868bbd67746f96e7b6b4533d2ad23e3a100e","47616","AccountsVoucherType (2).rpt","True","Archive-style directory","False","False","","5","IGroup/Reports/AccountsVoucherType.rpt","Unreferenced exact duplicate with archive-style name/path","QuarantineExactDuplicate"
"Accounts/Reports/IGroup/Reports/Backup/AccountsVoucherType.rpt","True","f6ed868bbd67746f96e7b6b4533d2ad23e3a100e","47616","AccountsVoucherType.rpt","True","Archive-style directory","False","False","","5","IGroup/Reports/AccountsVoucherType.rpt","Unreferenced exact duplicate with archive-style name/path","QuarantineExactDuplicate"
"Accounts/Reports/IGroup/Reports/Backup/ACCTrialBalanceNew (2).rpt","True","3a12390b748d7626c7c22d39b3fc4b446836610a","51200","ACCTrialBalanceNew (2).rpt","True","Archive-style directory","False","False","","5","IGroup/Reports/ACCTrialBalanceNew.rpt","Unreferenced exact duplicate with archive-style name/path","QuarantineExactDuplicate"
"Accounts/Reports/IGroup/Reports/Backup/ACCTrialBalanceNew.rpt","True","3a12390b748d7626c7c22d39b3fc4b446836610a","51200","ACCTrialBalanceNew.rpt","True","Archive-style directory","False","False","","5","IGroup/Reports/ACCTrialBalanceNew.rpt","Unreferenced exact duplicate with archive-style name/path","QuarantineExactDuplicate"
"Accounts/Reports/IGroup/Reports/Backup/AgeingSummary.rpt","True","a2b4738a5d313002157d0cb4b10cedfde0e51343","49152","AgeingSummary.rpt","True","Archive-style directory","False","False","","3","IGroup/Reports/AgeingSummary.rpt","Unreferenced exact duplicate with archive-style name/path","QuarantineExactDuplicate"
"Accounts/Reports/IGroup/Reports/Backup/BarcodePharmacy (2).rpt","True","5d427795592057000501de7fd02666ad73491a00","15872","BarcodePharmacy (2).rpt","True","Archive-style directory","False","False","","3","Accounts/Reports/IGroup/Reports/Report Backups/BarcodePharmacy.rpt","Unreferenced exact duplicate with archive-style name/path","QuarantineExactDuplicate"
"Accounts/Reports/IGroup/Reports/Backup/BarcodePharmacy.rpt","True","5d427795592057000501de7fd02666ad73491a00","15872","BarcodePharmacy.rpt","True","Archive-style directory","False","True","Accounts/Reports/IGroup/BarcodePharmacy.vb:30; Accounts/PresentationLayer/Views/Forms/MainForm.vb:1137; Accounts/Accounts.vbproj:1794; Accounts/Accounts.vbproj:2662","3","Accounts/Reports/IGroup/Reports/Report Backups/BarcodePharmacy.rpt","Protected by static or project reference","Retain"
"Accounts/Reports/IGroup/Reports/Backup/BarcodePharmacy2 (2).rpt","True","94f317c5bda70931f64cb4e18fea4e2d9f5829d7","13312","BarcodePharmacy2 (2).rpt","True","Archive-style directory","False","False","","3","Accounts/Reports/IGroup/Reports/Report Backups/BarcodePharmacy2.rpt","Unreferenced exact duplicate with archive-style name/path","QuarantineExactDuplicate"
"Accounts/Reports/IGroup/Reports/Backup/BarcodePharmacy2.rpt","True","94f317c5bda70931f64cb4e18fea4e2d9f5829d7","13312","BarcodePharmacy2.rpt","True","Archive-style directory","False","False","","3","Accounts/Reports/IGroup/Reports/Report Backups/BarcodePharmacy2.rpt","Unreferenced exact duplicate with archive-style name/path","QuarantineExactDuplicate"
"Accounts/Reports/IGroup/Reports/Backup/BarcodePharmacy3 (2).rpt","True","4372e2e5ded17e0d59046b3a373a3341aae55f5f","13312","BarcodePharmacy3 (2).rpt","True","Archive-style directory","False","False","","3","Accounts/Reports/IGroup/Reports/Report Backups/BarcodePharmacy3.rpt","Unreferenced exact duplicate with archive-style name/path","QuarantineExactDuplicate"
"Accounts/Reports/IGroup/Reports/Backup/BarcodePharmacy3.rpt","True","4372e2e5ded17e0d59046b3a373a3341aae55f5f","13312","BarcodePharmacy3.rpt","True","Archive-style directory","False","False","","3","Accounts/Reports/IGroup/Reports/Report Backups/BarcodePharmacy3.rpt","Unreferenced exact duplicate with archive-style name/path","QuarantineExactDuplicate"
"Accounts/Reports/IGroup/Reports/Backup/BestInventoryReport (2).rpt","True","e303e0c0b871a317642aad49cdba5a1b18561220","15872","BestInventoryReport (2).rpt","True","Archive-style directory","False","False","","3","IGroup/Reports/BestInventoryReport.rpt","Unreferenced exact duplicate with archive-style name/path","QuarantineExactDuplicate"
"Accounts/Reports/IGroup/Reports/Backup/BestInventoryReport.rpt","True","5aca878ff9b0afb5390f09a3f23a425964051528","14848","BestInventoryReport.rpt","True","Archive-style directory","False","False","","2","Accounts/Reports/IGroup/Reports/Report Backups/BestInventoryReport.rpt","Unreferenced exact duplicate with archive-style name/path","QuarantineExactDuplicate"
"Accounts/Reports/IGroup/Reports/Backup/BestQtySoldPieGraph (2).rpt","True","785c25c14ffa07e447a546819bfbc1592ee64f95","57856","BestQtySoldPieGraph (2).rpt","True","Archive-style directory","False","False","","5","IGroup/Reports/BestQtySoldPieGraph.rpt","Unreferenced exact duplicate with archive-style name/path","QuarantineExactDuplicate"
"Accounts/Reports/IGroup/Reports/Backup/BestQtySoldPieGraph.rpt","True","785c25c14ffa07e447a546819bfbc1592ee64f95","57856","BestQtySoldPieGraph.rpt","True","Archive-style directory","False","False","","5","IGroup/Reports/BestQtySoldPieGraph.rpt","Unreferenced exact duplicate with archive-style name/path","QuarantineExactDuplicate"
"Accounts/Reports/IGroup/Reports/Backup/ClinicBillPrint - Orig (2).rpt","True","13482fe3afd8387c33c1deb55e2d22aae9fdb36b","14848","ClinicBillPrint - Orig (2).rpt","True","Archive-style directory","False","False","","5","Accounts/Reports/IGroup/Reports/ClinicBillPrint - Orig.rpt","Unreferenced exact duplicate with archive-style name/path","QuarantineExactDuplicate"
"Accounts/Reports/IGroup/Reports/Backup/ClinicBillPrint - Orig.rpt","True","13482fe3afd8387c33c1deb55e2d22aae9fdb36b","14848","ClinicBillPrint - Orig.rpt","True","Archive-style directory","False","False","","5","Accounts/Reports/IGroup/Reports/ClinicBillPrint - Orig.rpt","Unreferenced exact duplicate with archive-style name/path","QuarantineExactDuplicate"
"Accounts/Reports/IGroup/Reports/Backup/ClinicBillPrint (2).rpt","True","3d49b76efd68bd5e36794e32f480d989a9f3c1bc","16896","ClinicBillPrint (2).rpt","True","Archive-style directory","False","False","","2","Accounts/Reports/IGroup/Reports/ClinicBillPrintOldInvoice.rpt","Unreferenced exact duplicate with archive-style name/path","QuarantineExactDuplicate"
"Accounts/Reports/IGroup/Reports/Backup/ClinicBillPrint.rpt","True","bcc8be23da80b56b705d3b453ac184f4647160b0","14848","ClinicBillPrint.rpt","True","Archive-style directory","False","False","","5","IGroup/Reports/Mine/ClinicBillPrint.rpt","Unreferenced exact duplicate with archive-style name/path","QuarantineExactDuplicate"
"Accounts/Reports/IGroup/Reports/Backup/ClinicBillPrint1 (2).rpt","True","78939beae2a49372eda970867d6fe53abd949b7c","14336","ClinicBillPrint1 (2).rpt","True","Archive-style directory","False","False","","4","Accounts/Reports/IGroup/Reports/ClinicBillPrint1.rpt","Unreferenced exact duplicate with archive-style name/path","QuarantineExactDuplicate"
"Accounts/Reports/IGroup/Reports/Backup/ClinicBillPrint1.rpt","True","78939beae2a49372eda970867d6fe53abd949b7c","14336","ClinicBillPrint1.rpt","True","Archive-style directory","False","False","","4","Accounts/Reports/IGroup/Reports/ClinicBillPrint1.rpt","Unreferenced exact duplicate with archive-style name/path","QuarantineExactDuplicate"
"Accounts/Reports/IGroup/Reports/Backup/ClinicBillPrint2 (2).rpt","True","8850d9a03354674d58caf5bcc9c83faf95ff65a3","14336","ClinicBillPrint2 (2).rpt","True","Archive-style directory","False","False","","3","Accounts/Reports/IGroup/Reports/Report Backups/ClinicBillPrint2.rpt","Unreferenced exact duplicate with archive-style name/path","QuarantineExactDuplicate"
"Accounts/Reports/IGroup/Reports/Backup/ClinicBillPrint2.rpt","True","8850d9a03354674d58caf5bcc9c83faf95ff65a3","14336","ClinicBillPrint2.rpt","True","Archive-style directory","False","False","","3","Accounts/Reports/IGroup/Reports/Report Backups/ClinicBillPrint2.rpt","Unreferenced exact duplicate with archive-style name/path","QuarantineExactDuplicate"
"Accounts/Reports/IGroup/Reports/Backup/ClinicBillPrint22222.rpt","True","0492a0fcaef810d388559b7981a749b4f7dab37f","16384","ClinicBillPrint22222.rpt","True","Archive-style directory","False","False","","4","Accounts/Reports/IGroup/Reports/ClinicBillPrintOk.rpt","Unreferenced exact duplicate with archive-style name/path","QuarantineExactDuplicate"
"Accounts/Reports/IGroup/Reports/Backup/ClinicBillPrint4.rpt","True","bcc8be23da80b56b705d3b453ac184f4647160b0","14848","ClinicBillPrint4.rpt","True","Archive-style directory","False","False","","5","IGroup/Reports/Mine/ClinicBillPrint.rpt","Unreferenced exact duplicate with archive-style name/path","QuarantineExactDuplicate"
"Accounts/Reports/IGroup/Reports/Backup/ClinicBillPrintNewer.rpt","True","766d9d8f4df9ad87cb300a07f517b63b9855144b","16384","ClinicBillPrintNewer.rpt","True","Archive-style directory","False","False","","2","Accounts/Reports/IGroup/Reports/ClinicBillPrintNewer.rpt","Unreferenced exact duplicate with archive-style name/path","QuarantineExactDuplicate"
"Accounts/Reports/IGroup/Reports/Backup/ClinicBillPrintOk.rpt","True","0492a0fcaef810d388559b7981a749b4f7dab37f","16384","ClinicBillPrintOk.rpt","True","Archive-style directory","False","False","","4","Accounts/Reports/IGroup/Reports/ClinicBillPrintOk.rpt","Unreferenced exact duplicate with archive-style name/path","QuarantineExactDuplicate"
"Accounts/Reports/IGroup/Reports/Backup/ClinicBillPrintoK3.rpt","True","3c355b6abb931b669e7170f219e213b4cbc27b5e","16384","ClinicBillPrintoK3.rpt","True","Archive-style directory","False","False","","2","Accounts/Reports/IGroup/Reports/ClinicBillPrintoK3.rpt","Unreferenced exact duplicate with archive-style name/path","QuarantineExactDuplicate"
"Accounts/Reports/IGroup/Reports/Backup/ClinicBillPrintOld.rpt","True","0e262cb2b0083f61c15b793ab89d6caa2557c63e","16384","ClinicBillPrintOld.rpt","True","Archive-style directory","False","False","","5","IGroup/Reports/ClinicBillPrintxxxx.rpt","Unreferenced exact duplicate with archive-style name/path","QuarantineExactDuplicate"
"Accounts/Reports/IGroup/Reports/Backup/ClinicBillPrintx (2).rpt","True","91c7077b92980bd5d4bbd3438bff4042ed1b8f37","14848","ClinicBillPrintx (2).rpt","True","Archive-style directory","False","False","","6","IGroup/Reports/ClinicBillPrintx.rpt","Unreferenced exact duplicate with archive-style name/path","QuarantineExactDuplicate"
"Accounts/Reports/IGroup/Reports/Backup/ClinicBillPrintx.rpt","True","91c7077b92980bd5d4bbd3438bff4042ed1b8f37","14848","ClinicBillPrintx.rpt","True","Archive-style directory","False","False","","6","IGroup/Reports/ClinicBillPrintx.rpt","Unreferenced exact duplicate with archive-style name/path","QuarantineExactDuplicate"
"Accounts/Reports/IGroup/Reports/Backup/ClinicBillPrintxxxx.rpt","True","0e262cb2b0083f61c15b793ab89d6caa2557c63e","16384","ClinicBillPrintxxxx.rpt","True","Archive-style directory","False","False","","5","IGroup/Reports/ClinicBillPrintxxxx.rpt","Unreferenced exact duplicate with archive-style name/path","QuarantineExactDuplicate"
"Accounts/Reports/IGroup/Reports/Backup/ClinicCreditStatement (2).rpt","True","f8a0d5bb1cf5937cf3a92bfb06157c3b9b0808c6","50176","ClinicCreditStatement (2).rpt","True","Archive-style directory","False","False","","6","Accounts/Reports/IGroup/Reports/ClinicCreditStatementOrig.rpt","Unreferenced exact duplicate with archive-style name/path","QuarantineExactDuplicate"
"Accounts/Reports/IGroup/Reports/Backup/ClinicCreditStatement.rpt","True","f8a0d5bb1cf5937cf3a92bfb06157c3b9b0808c6","50176","ClinicCreditStatement.rpt","True","Archive-style directory","False","False","","6","Accounts/Reports/IGroup/Reports/ClinicCreditStatementOrig.rpt","Unreferenced exact duplicate with archive-style name/path","QuarantineExactDuplicate"
"Accounts/Reports/IGroup/Reports/Backup/ClinicDailyInvoiceSummaryDoctorWise (2).rpt","True","0174425d7d13c25c7e890c69d0e53bf8fc3155d1","16896","ClinicDailyInvoiceSummaryDoctorWise (2).rpt","True","Archive-style directory","False","False","","5","IGroup/Reports/ClinicDailyInvoiceSummaryDoctorWise.rpt","Unreferenced exact duplicate with archive-style name/path","QuarantineExactDuplicate"
"Accounts/Reports/IGroup/Reports/Backup/ClinicDailyInvoiceSummaryDoctorWise.rpt","True","0174425d7d13c25c7e890c69d0e53bf8fc3155d1","16896","ClinicDailyInvoiceSummaryDoctorWise.rpt","True","Archive-style directory","False","False","","5","IGroup/Reports/ClinicDailyInvoiceSummaryDoctorWise.rpt","Unreferenced exact duplicate with archive-style name/path","QuarantineExactDuplicate"
"Accounts/Reports/IGroup/Reports/Backup/ClinicDailyReceptionDoctorWise (2).rpt","True","e65a7cf009ca7be8ee9f105f15875477c1ccc8fb","51200","ClinicDailyReceptionDoctorWise (2).rpt","True","Archive-style directory","False","False","","7","IGroup/Reports/ClinicDailyReceptionDoctorWise.rpt","Unreferenced exact duplicate with archive-style name/path","QuarantineExactDuplicate"
"Accounts/Reports/IGroup/Reports/Backup/ClinicDailyReceptionDoctorWise.rpt","True","e65a7cf009ca7be8ee9f105f15875477c1ccc8fb","51200","ClinicDailyReceptionDoctorWise.rpt","True","Archive-style directory","False","False","","7","IGroup/Reports/ClinicDailyReceptionDoctorWise.rpt","Unreferenced exact duplicate with archive-style name/path","QuarantineExactDuplicate"
"Accounts/Reports/IGroup/Reports/Backup/ClinicDailyReceptionInvoice (2).rpt","True","84893737b128216398a919c272ad5c2c595c81a7","54272","ClinicDailyReceptionInvoice (2).rpt","True","Archive-style directory","False","False","","1","","Unreferenced report in explicit archive directory","QuarantineBackupVariant"
"Accounts/Reports/IGroup/Reports/Backup/ClinicDailyReceptionInvoice.rpt","True","830ce4560bd9f13786f37a8535e7edff8e44d73a","55296","ClinicDailyReceptionInvoice.rpt","True","Archive-style directory","False","False","","1","","Unreferenced report in explicit archive directory","QuarantineBackupVariant"
"Accounts/Reports/IGroup/Reports/Backup/ClinicDailyReceptionInvoiceIQAMA (2).rpt","True","05c7de88d51adad7644b19563e94ff251fe32078","19456","ClinicDailyReceptionInvoiceIQAMA (2).rpt","True","Archive-style directory","False","False","","5","IGroup/Reports/ClinicDailyReceptionInvoiceIQAMA.rpt","Unreferenced exact duplicate with archive-style name/path","QuarantineExactDuplicate"
"Accounts/Reports/IGroup/Reports/Backup/ClinicDailyReceptionInvoiceIQAMA.rpt","True","05c7de88d51adad7644b19563e94ff251fe32078","19456","ClinicDailyReceptionInvoiceIQAMA.rpt","True","Archive-style directory","False","False","","5","IGroup/Reports/ClinicDailyReceptionInvoiceIQAMA.rpt","Unreferenced exact duplicate with archive-style name/path","QuarantineExactDuplicate"
"Accounts/Reports/IGroup/Reports/Backup/ClinicDailyReceptionInvoiceNew.rpt","True","e13bccbb64781e4c1fef496d5cc8f6e061113afa","55808","ClinicDailyReceptionInvoiceNew.rpt","True","Archive-style directory","False","False","","3","IGroup/Reports/ClinicDailyReceptionInvoiceNew.rpt","Unreferenced exact duplicate with archive-style name/path","QuarantineExactDuplicate"
"Accounts/Reports/IGroup/Reports/Backup/ClinicDailyReceptionInvoiceOld.rpt","True","0b87796f5d5b370b10aa4f1086c2f0a30a170864","53760","ClinicDailyReceptionInvoiceOld.rpt","True","Archive-style directory","False","False","","3","IGroup/Reports/ClinicDailyReceptionInvoiceOld.rpt","Unreferenced exact duplicate with archive-style name/path","QuarantineExactDuplicate"
"Accounts/Reports/IGroup/Reports/Backup/ClinicDailyReceptionInvoicePerDay (2).rpt","True","70c2d1e527f307e2eff7a0617cdd6b9d8835a483","53760","ClinicDailyReceptionInvoicePerDay (2).rpt","True","Archive-style directory","False","False","","3","IGroup/Reports/ClinicDailyReceptionInvoicePerDay.rpt","Unreferenced exact duplicate with archive-style name/path","QuarantineExactDuplicate"
"Accounts/Reports/IGroup/Reports/Backup/ClinicDailyReceptionInvoicePerDay.rpt","True","5ff1b20c686728d641799ceac848a108abe62bb8","53760","ClinicDailyReceptionInvoicePerDay.rpt","True","Archive-style directory","False","False","","4","IGroup/Reports/Mine/ClinicDailyReceptionInvoicePerDate.rpt","Unreferenced exact duplicate with archive-style name/path","QuarantineExactDuplicate"
"Accounts/Reports/IGroup/Reports/Backup/ClinicDailyReceptionInvoiceSummary.rpt","True","e9f3a43575ec66b3f30f0cef4568f6629424fb7b","56832","ClinicDailyReceptionInvoiceSummary.rpt","True","Archive-style directory","False","False","","3","IGroup/Reports/ClinicDailyReceptionInvoiceSummary.rpt","Unreferenced exact duplicate with archive-style name/path","QuarantineExactDuplicate"
"Accounts/Reports/IGroup/Reports/Backup/ClinicDailyReceptionUserWise (2).rpt","True","3fe6377f182453034dbc32db30db98a0a94536ae","52736","ClinicDailyReceptionUserWise (2).rpt","True","Archive-style directory","False","False","","6","IGroup/Reports/ClinicDailyReceptionUserWise.rpt","Unreferenced exact duplicate with archive-style name/path","QuarantineExactDuplicate"
"Accounts/Reports/IGroup/Reports/Backup/ClinicDailyReceptionUserWise.rpt","True","3fe6377f182453034dbc32db30db98a0a94536ae","52736","ClinicDailyReceptionUserWise.rpt","True","Archive-style directory","False","False","","6","IGroup/Reports/ClinicDailyReceptionUserWise.rpt","Unreferenced exact duplicate with archive-style name/path","QuarantineExactDuplicate"
"Accounts/Reports/IGroup/Reports/Backup/ClinicDailyReceptionUserWise111 (2).rpt","True","8d849ace9ccc803278721c17e7893dd951237b97","51712","ClinicDailyReceptionUserWise111 (2).rpt","True","Archive-style directory","False","False","","6","IGroup/Reports/ISP/ATM-ClinicDailyReceptionUserWise111.rpt","Unreferenced exact duplicate with archive-style name/path","QuarantineExactDuplicate"
"Accounts/Reports/IGroup/Reports/Backup/ClinicDailyReceptionUserWise111.rpt","True","8d849ace9ccc803278721c17e7893dd951237b97","51712","ClinicDailyReceptionUserWise111.rpt","True","Archive-style directory","False","False","","6","IGroup/Reports/ISP/ATM-ClinicDailyReceptionUserWise111.rpt","Unreferenced exact duplicate with archive-style name/path","QuarantineExactDuplicate"
"Accounts/Reports/IGroup/Reports/Backup/ClinicDailyReceptionUserWise3 (2).rpt","True","94c6292fcbea32fda99ad37401ebcf9ed7350c1e","54784","ClinicDailyReceptionUserWise3 (2).rpt","True","Archive-style directory","False","False","","7","IGroup/Reports/ClinicDailyReceptionUserWise3.rpt","Unreferenced exact duplicate with archive-style name/path","QuarantineExactDuplicate"
"Accounts/Reports/IGroup/Reports/Backup/ClinicDailyReceptionUserWise3.rpt","True","94c6292fcbea32fda99ad37401ebcf9ed7350c1e","54784","ClinicDailyReceptionUserWise3.rpt","True","Archive-style directory","False","False","","7","IGroup/Reports/ClinicDailyReceptionUserWise3.rpt","Unreferenced exact duplicate with archive-style name/path","QuarantineExactDuplicate"
"Accounts/Reports/IGroup/Reports/Backup/ClinicDailyReceptionUserWiseNew (2).rpt","True","dc390381632b268fa60e4331b87775df10257fa3","51200","ClinicDailyReceptionUserWiseNew (2).rpt","True","Archive-style directory","False","False","","4","IGroup/Reports/ClinicDailyReceptionUserWiseNew.rpt","Unreferenced exact duplicate with archive-style name/path","QuarantineExactDuplicate"
"Accounts/Reports/IGroup/Reports/Backup/ClinicDailyReceptionUserWiseNew.rpt","True","dc390381632b268fa60e4331b87775df10257fa3","51200","ClinicDailyReceptionUserWiseNew.rpt","True","Archive-style directory","False","False","","4","IGroup/Reports/ClinicDailyReceptionUserWiseNew.rpt","Unreferenced exact duplicate with archive-style name/path","QuarantineExactDuplicate"
"Accounts/Reports/IGroup/Reports/Backup/ClinicDateWiseSummaryStatement (2).rpt","True","e3dfaba698f48c70a3913ef889d4325b233fc10e","49664","ClinicDateWiseSummaryStatement (2).rpt","True","Archive-style directory","False","False","","6","IGroup/Reports/ClinicDateWiseSummaryStatement.rpt","Unreferenced exact duplicate with archive-style name/path","QuarantineExactDuplicate"
"Accounts/Reports/IGroup/Reports/Backup/ClinicDateWiseSummaryStatement.rpt","True","e3dfaba698f48c70a3913ef889d4325b233fc10e","49664","ClinicDateWiseSummaryStatement.rpt","True","Archive-style directory","False","False","","6","IGroup/Reports/ClinicDateWiseSummaryStatement.rpt","Unreferenced exact duplicate with archive-style name/path","QuarantineExactDuplicate"
"Accounts/Reports/IGroup/Reports/Backup/ClinicDoctorWiseTimeFrame (2).rpt","True","f894d150ce47957e0728725582349be1396b86c6","52224","ClinicDoctorWiseTimeFrame (2).rpt","True","Archive-style directory","False","False","","1","","Unreferenced report in explicit archive directory","QuarantineBackupVariant"
"Accounts/Reports/IGroup/Reports/Backup/ClinicDoctorWiseTimeFrame.rpt","True","72e5bb1e877c17778c3e80c5872c466539aacab9","16384","ClinicDoctorWiseTimeFrame.rpt","True","Archive-style directory","False","False","","2","Accounts/Reports/IGroup/Reports/Report Backups/ClinicDoctorWiseTimeFrame.rpt","Unreferenced exact duplicate with archive-style name/path","QuarantineExactDuplicate"
"Accounts/Reports/IGroup/Reports/Backup/ClinicIBCombinedUserWiseDetailedStatement.rpt","True","93fb07cb522dcef5570d3371d1bac5bd5528f5ce","52224","ClinicIBCombinedUserWiseDetailedStatement.rpt","True","Archive-style directory","False","False","","3","IGroup/Reports/ClinicIBCombinedUserWiseDetailedStatement.rpt","Unreferenced exact duplicate with archive-style name/path","QuarantineExactDuplicate"
"Accounts/Reports/IGroup/Reports/Backup/ClinicIBCombinedUserWiseSummary.rpt","True","3058756bd91b3c69673bb1c63b00df0248dc3d2a","52224","ClinicIBCombinedUserWiseSummary.rpt","True","Archive-style directory","False","False","","3","IGroup/Reports/ClinicIBCombinedUserWiseSummary.rpt","Unreferenced exact duplicate with archive-style name/path","QuarantineExactDuplicate"
"Accounts/Reports/IGroup/Reports/Backup/ClinicPatientProfile (2).rpt","True","447184ffcf01ea733c730163a80ddfefaf855f6a","52224","ClinicPatientProfile (2).rpt","True","Archive-style directory","False","False","","2","Accounts/Reports/IGroup/Reports/ClinicPatientProfile.rpt","Unreferenced exact duplicate with archive-style name/path","QuarantineExactDuplicate"
"Accounts/Reports/IGroup/Reports/Backup/ClinicPatientProfile.rpt","True","29a2b3eac32a020585d8c26b1c4e36315b252e31","1165312","ClinicPatientProfile.rpt","True","Archive-style directory","False","False","","2","Accounts/Reports/IGroup/Reports/Report Backups/ClinicPatientProfile.rpt","Unreferenced exact duplicate with archive-style name/path","QuarantineExactDuplicate"
"Accounts/Reports/IGroup/Reports/Backup/ClinicReceptionCollection (2).rpt","True","8d6a00486004acfdfdb3d2857ee2426094f24ed7","53760","ClinicReceptionCollection (2).rpt","True","Archive-style directory","False","False","","5","IGroup/Reports/ClinicReceptionCollection.rpt","Unreferenced exact duplicate with archive-style name/path","QuarantineExactDuplicate"
"Accounts/Reports/IGroup/Reports/Backup/ClinicReceptionCollection.rpt","True","2bd2983a00d93bc09eb4516f72e3553313486653","126464","ClinicReceptionCollection.rpt","True","Archive-style directory","False","False","","1","","Unreferenced report in explicit archive directory","QuarantineBackupVariant"
"Accounts/Reports/IGroup/Reports/Backup/ClinicReceptionCollectionxxx.rpt","True","8d6a00486004acfdfdb3d2857ee2426094f24ed7","53760","ClinicReceptionCollectionxxx.rpt","True","Archive-style directory","False","False","","5","IGroup/Reports/ClinicReceptionCollection.rpt","Unreferenced exact duplicate with archive-style name/path","QuarantineExactDuplicate"
"Accounts/Reports/IGroup/Reports/Backup/ClinicServiceWiseSalesHistory (2).rpt","True","894a5242276ecfc0b8fab3e2357ff97abcb2c7d4","89600","ClinicServiceWiseSalesHistory (2).rpt","True","Archive-style directory","False","False","","4","Accounts/Reports/IGroup/Reports/ClinicServiceWiseSalesHistory.rpt","Unreferenced exact duplicate with archive-style name/path","QuarantineExactDuplicate"
"Accounts/Reports/IGroup/Reports/Backup/ClinicServiceWiseSalesHistory.rpt","True","894a5242276ecfc0b8fab3e2357ff97abcb2c7d4","89600","ClinicServiceWiseSalesHistory.rpt","True","Archive-style directory","False","False","","4","Accounts/Reports/IGroup/Reports/ClinicServiceWiseSalesHistory.rpt","Unreferenced exact duplicate with archive-style name/path","QuarantineExactDuplicate"
"Accounts/Reports/IGroup/Reports/Backup/ClinicServiceWiseSummary (2).rpt","True","3d91d078858fb3aecf4a5104b18f0c3f9234063f","15360","ClinicServiceWiseSummary (2).rpt","True","Archive-style directory","False","False","","5","IGroup/Reports/ClinicServiceWiseSummary.rpt","Unreferenced exact duplicate with archive-style name/path","QuarantineExactDuplicate"
"Accounts/Reports/IGroup/Reports/Backup/ClinicServiceWiseSummary.rpt","True","3d91d078858fb3aecf4a5104b18f0c3f9234063f","15360","ClinicServiceWiseSummary.rpt","True","Archive-style directory","False","False","","5","IGroup/Reports/ClinicServiceWiseSummary.rpt","Unreferenced exact duplicate with archive-style name/path","QuarantineExactDuplicate"
"Accounts/Reports/IGroup/Reports/Backup/Combined Income Report.rpt","True","5d1ea86c08ebb2433d395bde7d1feaddf99409f0","91136","Combined Income Report.rpt","True","Archive-style directory","False","False","","3","IGroup/Reports/Combined Income Report.rpt","Unreferenced exact duplicate with archive-style name/path","QuarantineExactDuplicate"
"Accounts/Reports/IGroup/Reports/Backup/CombinedISByDoctor (2).rpt","True","90431d5b7343ff7a21dd740745a6c47ee2f5e3fb","87552","CombinedISByDoctor (2).rpt","True","Archive-style directory","False","False","","5","IGroup/Reports/CombinedISByDoctor.rpt","Unreferenced exact duplicate with archive-style name/path","QuarantineExactDuplicate"
"Accounts/Reports/IGroup/Reports/Backup/CombinedISByDoctor.rpt","True","90431d5b7343ff7a21dd740745a6c47ee2f5e3fb","87552","CombinedISByDoctor.rpt","True","Archive-style directory","False","False","","5","IGroup/Reports/CombinedISByDoctor.rpt","Unreferenced exact duplicate with archive-style name/path","QuarantineExactDuplicate"
"Accounts/Reports/IGroup/Reports/Backup/CombinedReportDateWise (2).rpt","True","bbf5c8db98e8175b6c52705fa1cd0dc2a3bde20f","52224","CombinedReportDateWise (2).rpt","True","Archive-style directory","False","False","","1","","Unreferenced report in explicit archive directory","QuarantineBackupVariant"
"Accounts/Reports/IGroup/Reports/Backup/CombinedReportDateWise.rpt","True","92793c7b1a24fc5da98d2e97140f01e38c4cbdd4","53760","CombinedReportDateWise.rpt","True","Archive-style directory","False","False","","2","Accounts/Reports/IGroup/Reports/Backup/CombinedReportDateWise.rpt","Canonical copy retained for exact duplicate group","Retain"
"Accounts/Reports/IGroup/Reports/Backup/CombinedReportDateWise.rpt.orig.rpt","True","eb055ed78bb7587a345b9b5158e868aed84fa74c","52224","CombinedReportDateWise.rpt.orig.rpt","True","Archive-style directory","False","False","","2","Accounts/Reports/IGroup/Reports/Backup/CombinedReportDateWise.rpt.orig.rpt","Canonical copy retained for exact duplicate group","Retain"
"Accounts/Reports/IGroup/Reports/Backup/CombinedSummaryStatementDateWise (2).rpt","True","726e7cfc2b9777b72542b1b1d6d908cb89b3580b","54272","CombinedSummaryStatementDateWise (2).rpt","True","Archive-style directory","False","False","","1","","Unreferenced report in explicit archive directory","QuarantineBackupVariant"
"Accounts/Reports/IGroup/Reports/Backup/CombinedSummaryStatementDateWise Orig.rpt","True","7f0b71124390df1b19af9d13d8633ceb5fb28cea","51200","CombinedSummaryStatementDateWise Orig.rpt","True","Archive-style directory","False","False","","1","","Unreferenced report in explicit archive directory","QuarantineBackupVariant"
"Accounts/Reports/IGroup/Reports/Backup/CombinedSummaryStatementDateWise.rpt","True","9d706acc4278e48ff79eca1be8d1b387bacad32f","52224","CombinedSummaryStatementDateWise.rpt","True","Archive-style directory","False","False","","4","IGroup/Reports/CombinedSummaryStatementDateWiseOld.rpt","Unreferenced exact duplicate with archive-style name/path","QuarantineExactDuplicate"
"Accounts/Reports/IGroup/Reports/Backup/CombinedSummaryStatementDateWiseOld.rpt","True","9d706acc4278e48ff79eca1be8d1b387bacad32f","52224","CombinedSummaryStatementDateWiseOld.rpt","True","Archive-style directory","False","False","","4","IGroup/Reports/CombinedSummaryStatementDateWiseOld.rpt","Unreferenced exact duplicate with archive-style name/path","QuarantineExactDuplicate"
"Accounts/Reports/IGroup/Reports/Backup/CompanyStatement (2).rpt","True","512939f408a7ae9a86c95d8583af10cde866b5df","19456","CompanyStatement (2).rpt","True","Archive-style directory","False","False","","3","Accounts/Reports/IGroup/Reports/Report Backups/CompanyStatement.rpt","Unreferenced exact duplicate with archive-style name/path","QuarantineExactDuplicate"
"Accounts/Reports/IGroup/Reports/Backup/CompanyStatement.rpt","True","512939f408a7ae9a86c95d8583af10cde866b5df","19456","CompanyStatement.rpt","True","Archive-style directory","False","False","","3","Accounts/Reports/IGroup/Reports/Report Backups/CompanyStatement.rpt","Unreferenced exact duplicate with archive-style name/path","QuarantineExactDuplicate"
"Accounts/Reports/IGroup/Reports/Backup/Copy of ClinicBillPrint (2).rpt","True","c5b50b539c4bc22961c22a8e97cbe45fe576a8f9","14336","Copy of ClinicBillPrint (2).rpt","True","Archive-style directory","False","False","","10","IGroup/Reports/InsClinicBillPrint.rpt","Unreferenced exact duplicate with archive-style name/path","QuarantineExactDuplicate"
"Accounts/Reports/IGroup/Reports/Backup/Copy of ClinicBillPrint.rpt","True","c5b50b539c4bc22961c22a8e97cbe45fe576a8f9","14336","Copy of ClinicBillPrint.rpt","True","Archive-style directory","False","False","","10","IGroup/Reports/InsClinicBillPrint.rpt","Unreferenced exact duplicate with archive-style name/path","QuarantineExactDuplicate"
"Accounts/Reports/IGroup/Reports/Backup/CreditCoMonthlySubmission (2).rpt","True","cd6f34cd4ab2269639f289afbc4b648a02884743","52736","CreditCoMonthlySubmission (2).rpt","True","Archive-style directory","False","False","","1","","Unreferenced report in explicit archive directory","QuarantineBackupVariant"
"Accounts/Reports/IGroup/Reports/Backup/CreditCoMonthlySubmission.rpt","True","aeb966615cd02b4e1d294322516a744a82bca67b","52224","CreditCoMonthlySubmission.rpt","True","Archive-style directory","False","False","","1","","Unreferenced report in explicit archive directory","QuarantineBackupVariant"
"Accounts/Reports/IGroup/Reports/Backup/CreditCoMonthlySubmission01.rpt","True","83c6620be0a0113187b920f0f33a61bffdded885","52224","CreditCoMonthlySubmission01.rpt","True","Archive-style directory","False","False","","1","","Unreferenced report in explicit archive directory","QuarantineBackupVariant"
"Accounts/Reports/IGroup/Reports/Backup/CreditCoMonthlySubmissionOrig.rpt","True","103d2fb2f57dbd7352c99c8fa62dc6158c9a84b1","52736","CreditCoMonthlySubmissionOrig.rpt","True","Archive-style directory","False","False","","3","IGroup/Reports/CreditCoMonthlySubmissionOrig.rpt","Unreferenced exact duplicate with archive-style name/path","QuarantineExactDuplicate"
"Accounts/Reports/IGroup/Reports/Backup/CreditCoMonthlySubmissionSummary (2).rpt","True","acc004dfcce09e555f83e708d5fdf8d819e79a95","52736","CreditCoMonthlySubmissionSummary (2).rpt","True","Archive-style directory","False","False","","1","","Unreferenced report in explicit archive directory","QuarantineBackupVariant"
"Accounts/Reports/IGroup/Reports/Backup/CreditCoMonthlySubmissionSummary.rpt","True","d9df78b42904fd5ab6c47cad3f7a2f2be43d42dc","52224","CreditCoMonthlySubmissionSummary.rpt","True","Archive-style directory","False","False","","1","","Unreferenced report in explicit archive directory","QuarantineBackupVariant"
"Accounts/Reports/IGroup/Reports/Backup/Daily Income Report.rpt","True","aa258953d4720e89a4dabe235fe3d46cfac863db","53248","Daily Income Report.rpt","True","Archive-style directory","False","False","","3","IGroup/Reports/Daily Income Report.rpt","Unreferenced exact duplicate with archive-style name/path","QuarantineExactDuplicate"
"Accounts/Reports/IGroup/Reports/Backup/DailyReportDoctorWisePatients (2).rpt","True","d3f5d247e78c0e1a22b93ccc05ec42fc8a0e2f18","49664","DailyReportDoctorWisePatients (2).rpt","True","Archive-style directory","False","False","","1","","Unreferenced report in explicit archive directory","QuarantineBackupVariant"
"Accounts/Reports/IGroup/Reports/Backup/DailyReportDoctorWisePatients.rpt","True","662b6a9f5a44d17e038211e3a03f3dafe5b1faba","51712","DailyReportDoctorWisePatients.rpt","True","Archive-style directory","False","False","","1","","Unreferenced report in explicit archive directory","QuarantineBackupVariant"
"Accounts/Reports/IGroup/Reports/Backup/DateWiseDutyDone (2).rpt","True","1cf72c4bc72937293e2dc3603ee891edc4d75182","18432","DateWiseDutyDone (2).rpt","True","Archive-style directory","False","False","","5","IGroup/Reports/DateWiseDutyDone.rpt","Unreferenced exact duplicate with archive-style name/path","QuarantineExactDuplicate"
"Accounts/Reports/IGroup/Reports/Backup/DateWiseDutyDone.rpt","True","1cf72c4bc72937293e2dc3603ee891edc4d75182","18432","DateWiseDutyDone.rpt","True","Archive-style directory","False","False","","5","IGroup/Reports/DateWiseDutyDone.rpt","Unreferenced exact duplicate with archive-style name/path","QuarantineExactDuplicate"
"Accounts/Reports/IGroup/Reports/Backup/DateWiseDutyDone1 (2).rpt","True","2682118585eef82c7d52f8c6b67f4d5f5ebb70b0","17920","DateWiseDutyDone1 (2).rpt","True","Archive-style directory","False","False","","5","IGroup/Reports/DateWiseDutyDone1.rpt","Unreferenced exact duplicate with archive-style name/path","QuarantineExactDuplicate"
"Accounts/Reports/IGroup/Reports/Backup/DateWiseDutyDone1.rpt","True","2682118585eef82c7d52f8c6b67f4d5f5ebb70b0","17920","DateWiseDutyDone1.rpt","True","Archive-style directory","False","False","","5","IGroup/Reports/DateWiseDutyDone1.rpt","Unreferenced exact duplicate with archive-style name/path","QuarantineExactDuplicate"
"Accounts/Reports/IGroup/Reports/Backup/DCBillPrint - Copy (2).rpt","True","4450b08c34d2015a7d16c2d50059589c50ce017c","17408","DCBillPrint - Copy (2).rpt","True","Archive-style directory","False","False","","2","Accounts/Reports/IGroup/Reports/DCBillPrint - Copy.rpt","Unreferenced exact duplicate with archive-style name/path","QuarantineExactDuplicate"
"Accounts/Reports/IGroup/Reports/Backup/DCBillPrint - Copy.rpt","True","f65aa703e8c772773db3f0f95bae881bfedc67dd","14336","DCBillPrint - Copy.rpt","True","Archive-style directory","False","False","","3","Accounts/Reports/IGroup/Reports/Report Backups/DCBillPrint.rpt","Unreferenced exact duplicate with archive-style name/path","QuarantineExactDuplicate"
"Accounts/Reports/IGroup/Reports/Backup/DCBillPrint (2).rpt","True","6a34864f0906e9e2865c6529fdd153bce68c10d5","19456","DCBillPrint (2).rpt","True","Archive-style directory","False","False","","1","","Unreferenced report in explicit archive directory","QuarantineBackupVariant"
"Accounts/Reports/IGroup/Reports/Backup/DCBillPrint.rpt","True","f65aa703e8c772773db3f0f95bae881bfedc67dd","14336","DCBillPrint.rpt","True","Archive-style directory","False","True","Accounts/Reports/IGroup/DCBillPrint.vb:30; Accounts/Accounts.vbproj:1812; Accounts/Accounts.vbproj:2674","3","Accounts/Reports/IGroup/Reports/Report Backups/DCBillPrint.rpt","Protected by static or project reference","Retain"
"Accounts/Reports/IGroup/Reports/Backup/DCBillPrint2.rpt","True","7ad89b5fb7f756399d5da36b740b3166c9702e2e","15360","DCBillPrint2.rpt","True","Archive-style directory","False","False","","2","Accounts/Reports/IGroup/Reports/DCBillPrint2.rpt","Unreferenced exact duplicate with archive-style name/path","QuarantineExactDuplicate"
"Accounts/Reports/IGroup/Reports/Backup/DCBillPrintNew.rpt","True","551e0d27cd7dc2aa41294989ddd3fe337617e072","17408","DCBillPrintNew.rpt","True","Archive-style directory","False","False","","1","","Unreferenced report in explicit archive directory","QuarantineBackupVariant"
"Accounts/Reports/IGroup/Reports/Backup/DCBillPrintOK.rpt","True","dbcf2b3c253f7a26cb0945b6e0f6ddc78d81d0ff","18432","DCBillPrintOK.rpt","True","Archive-style directory","False","False","","2","Accounts/Reports/IGroup/Reports/DCBillPrintOK.rpt","Unreferenced exact duplicate with archive-style name/path","QuarantineExactDuplicate"
"Accounts/Reports/IGroup/Reports/Backup/DCBillPrintOK2.rpt","True","0c5c28a1d73479ed8aaff3097b6f507c8980527d","18432","DCBillPrintOK2.rpt","True","Archive-style directory","False","False","","2","Accounts/Reports/IGroup/Reports/DCBillPrintOK2.rpt","Unreferenced exact duplicate with archive-style name/path","QuarantineExactDuplicate"
"Accounts/Reports/IGroup/Reports/Backup/DCBillPrintoK3.rpt","True","56640329625dccd29f92e87d96b2589e9cbc15a6","16384","DCBillPrintoK3.rpt","True","Archive-style directory","False","False","","2","Accounts/Reports/IGroup/Reports/DCBillPrintoK3.rpt","Unreferenced exact duplicate with archive-style name/path","QuarantineExactDuplicate"
"Accounts/Reports/IGroup/Reports/Backup/DCBillPrintOrig.rpt","True","061b5153fac9a1c5446585486c86b0d00713e6d0","15872","DCBillPrintOrig.rpt","True","Archive-style directory","False","False","","2","Accounts/Reports/IGroup/Reports/DCBillPrintOrig.rpt","Unreferenced exact duplicate with archive-style name/path","QuarantineExactDuplicate"
"Accounts/Reports/IGroup/Reports/Backup/DCBillPrintTest.rpt","True","eaa68c5fe1f208b2516d9bcfe1a3b5af2a1c0c3e","18432","DCBillPrintTest.rpt","True","Archive-style directory","False","False","","2","Accounts/Reports/IGroup/Reports/DCBillPrintTest.rpt","Unreferenced exact duplicate with archive-style name/path","QuarantineExactDuplicate"
"Accounts/Reports/IGroup/Reports/Backup/DCDriverLicenseForm (2).rpt","True","7b2882c5a4266277871cfe39a93782595d7053e0","16896","DCDriverLicenseForm (2).rpt","True","Archive-style directory","False","False","","1","","Unreferenced report in explicit archive directory","QuarantineBackupVariant"
"Accounts/Reports/IGroup/Reports/Backup/DCDriverLicenseForm.rpt","True","27933771405413f4b4d710a17c0e9c98cfea2cd5","16896","DCDriverLicenseForm.rpt","True","Archive-style directory","False","False","","1","","Unreferenced report in explicit archive directory","QuarantineBackupVariant"
"Accounts/Reports/IGroup/Reports/Backup/DCHealthCardForm (2).rpt","True","3f94ae8311c4bf445e0ee6401a997c0c6a661b95","16384","DCHealthCardForm (2).rpt","True","Archive-style directory","False","False","","1","","Unreferenced report in explicit archive directory","QuarantineBackupVariant"
"Accounts/Reports/IGroup/Reports/Backup/DCHealthCardForm.rpt","True","ce13cbd3662a77fb38b0bde0c011b890c19667d1","16384","DCHealthCardForm.rpt","True","Archive-style directory","False","False","","1","","Unreferenced report in explicit archive directory","QuarantineBackupVariant"
"Accounts/Reports/IGroup/Reports/Backup/DCIqamaForm (2).rpt","True","a32a13adc667cddf0ae7f90eb853ea8fea4cc795","15360","DCIqamaForm (2).rpt","True","Archive-style directory","False","False","","1","","Unreferenced report in explicit archive directory","QuarantineBackupVariant"
"Accounts/Reports/IGroup/Reports/Backup/DCIqamaForm.rpt","True","d507b51bb1bbe8056713352ebfec33a86057bf44","15360","DCIqamaForm.rpt","True","Archive-style directory","False","False","","1","","Unreferenced report in explicit archive directory","QuarantineBackupVariant"
"Accounts/Reports/IGroup/Reports/Backup/DCMedicalReportForm (2).rpt","True","6677876562ae4de725b806de6becb4e1a3c25e4e","46592","DCMedicalReportForm (2).rpt","True","Archive-style directory","False","False","","2","Accounts/Reports/IGroup/Reports/Backup/DCMedicalReportForm.rpt","Unreferenced exact duplicate with archive-style name/path","QuarantineExactDuplicate"
"Accounts/Reports/IGroup/Reports/Backup/DCMedicalReportForm.rpt","True","6677876562ae4de725b806de6becb4e1a3c25e4e","46592","DCMedicalReportForm.rpt","True","Archive-style directory","False","False","","2","Accounts/Reports/IGroup/Reports/Backup/DCMedicalReportForm.rpt","Canonical copy retained for exact duplicate group","Retain"
"Accounts/Reports/IGroup/Reports/Backup/DCR (2).rpt","True","430bcc917974ca9880a07c6d9dbfb436e05cc267","18432","DCR (2).rpt","True","Archive-style directory","False","False","","5","IGroup/Reports/DCR.rpt","Unreferenced exact duplicate with archive-style name/path","QuarantineExactDuplicate"
"Accounts/Reports/IGroup/Reports/Backup/DCR.rpt","True","430bcc917974ca9880a07c6d9dbfb436e05cc267","18432","DCR.rpt","True","Archive-style directory","False","False","","5","IGroup/Reports/DCR.rpt","Unreferenced exact duplicate with archive-style name/path","QuarantineExactDuplicate"
"Accounts/Reports/IGroup/Reports/Backup/DiagnosisCenter (2).rpt","True","f58cd5ab490f913cc6fbfcb941c54b2cf56ea442","11776","DiagnosisCenter (2).rpt","True","Archive-style directory","False","False","","5","IGroup/Reports/DiagnosisCenter.rpt","Unreferenced exact duplicate with archive-style name/path","QuarantineExactDuplicate"
"Accounts/Reports/IGroup/Reports/Backup/DiagnosisCenter.rpt","True","f58cd5ab490f913cc6fbfcb941c54b2cf56ea442","11776","DiagnosisCenter.rpt","True","Archive-style directory","False","False","","5","IGroup/Reports/DiagnosisCenter.rpt","Unreferenced exact duplicate with archive-style name/path","QuarantineExactDuplicate"
"Accounts/Reports/IGroup/Reports/Backup/DisplayChartOfAccount (2).rpt","True","596b916bb3ed3bc664546fdbce7fa125cecf1c08","48128","DisplayChartOfAccount (2).rpt","True","Archive-style directory","False","False","","3","IGroup/Reports/DisplayChartOfAccount.rpt","Unreferenced exact duplicate with archive-style name/path","QuarantineExactDuplicate"
"Accounts/Reports/IGroup/Reports/Backup/DisplayChartOfAccount.rpt","True","cd74fdf9e775601399772d4f644020e568575ebe","15872","DisplayChartOfAccount.rpt","True","Archive-style directory","False","False","","2","Accounts/Reports/IGroup/Reports/Report Backups/DisplayChartOfAccount.rpt","Unreferenced exact duplicate with archive-style name/path","QuarantineExactDuplicate"
"Accounts/Reports/IGroup/Reports/Backup/DisplayChartOfAccount1.rpt","True","c3bf2bdae6c275fdcdbff1ecb77f26ebade7dfe7","13824","DisplayChartOfAccount1.rpt","True","Archive-style directory","False","False","","4","IGroup/Reports/DisplayChartOfAccount1.rpt","Unreferenced exact duplicate with archive-style name/path","QuarantineExactDuplicate"
"Accounts/Reports/IGroup/Reports/Backup/DisplayChartOfAccount2.rpt","True","9536899c93e2307579fb8f1af2e446f7169b55e8","14848","DisplayChartOfAccount2.rpt","True","Archive-style directory","False","False","","3","IGroup/Reports/DisplayChartOfAccount2.rpt","Unreferenced exact duplicate with archive-style name/path","QuarantineExactDuplicate"
"Accounts/Reports/IGroup/Reports/Backup/DisplayChartOfAccount3.rpt","True","d596bd6b44ec4ea46eda874d686e90d0c2a4373d","48128","DisplayChartOfAccount3.rpt","True","Archive-style directory","False","False","","3","IGroup/Reports/DisplayChartOfAccount3.rpt","Unreferenced exact duplicate with archive-style name/path","QuarantineExactDuplicate"
"Accounts/Reports/IGroup/Reports/Backup/estInventoryReport (2).rpt","True","9f69a07609460ea4a6cbf638b5602f64d353a566","14336","estInventoryReport (2).rpt","True","Archive-style directory","False","False","","5","IGroup/Reports/estInventoryReport.rpt","Unreferenced exact duplicate with archive-style name/path","QuarantineExactDuplicate"
"Accounts/Reports/IGroup/Reports/Backup/estInventoryReport.rpt","True","9f69a07609460ea4a6cbf638b5602f64d353a566","14336","estInventoryReport.rpt","True","Archive-style directory","False","False","","5","IGroup/Reports/estInventoryReport.rpt","Unreferenced exact duplicate with archive-style name/path","QuarantineExactDuplicate"
"Accounts/Reports/IGroup/Reports/Backup/ExpiryList (2).rpt","True","930950a2185a097c5679f3e770e51de28027be2e","49664","ExpiryList (2).rpt","True","Archive-style directory","False","False","","3","IGroup/Reports/ExpiryList.rpt","Unreferenced exact duplicate with archive-style name/path","QuarantineExactDuplicate"
"Accounts/Reports/IGroup/Reports/Backup/ExpiryList.rpt","True","a615dc3a2c2814ad46d5aa966697afe0e927341b","14848","ExpiryList.rpt","True","Archive-style directory","False","False","","2","Accounts/Reports/IGroup/Reports/Report Backups/ExpiryList.rpt","Unreferenced exact duplicate with archive-style name/path","QuarantineExactDuplicate"
"Accounts/Reports/IGroup/Reports/Backup/ExpiryListOriginal.rpt","True","b8f2838f7c26fc5b6c8c1a5fd82aeff2d0bcdd4b","51200","ExpiryListOriginal.rpt","True","Archive-style directory","False","False","","3","IGroup/Reports/ExpiryListOriginal.rpt","Unreferenced exact duplicate with archive-style name/path","QuarantineExactDuplicate"
"Accounts/Reports/IGroup/Reports/Backup/ExpiryListPeriodic.rpt","True","b3a9e4ad549ae3e4b0bd593ec67b41168abbde17","51200","ExpiryListPeriodic.rpt","True","Archive-style directory","False","False","","3","IGroup/Reports/ExpiryListPeriodic.rpt","Unreferenced exact duplicate with archive-style name/path","QuarantineExactDuplicate"
"Accounts/Reports/IGroup/Reports/Backup/ExpiryListPeriodicOriginal.rpt","True","0f61691e82bc91af252aef2448e958b5a2d90333","51200","ExpiryListPeriodicOriginal.rpt","True","Archive-style directory","False","False","","3","IGroup/Reports/ExpiryListPeriodicOriginal.rpt","Unreferenced exact duplicate with archive-style name/path","QuarantineExactDuplicate"
"Accounts/Reports/IGroup/Reports/Backup/GraphicalPharmacyDailySalesInvoice (2).rpt","True","1c43c098dff63c3ff876d6706942eb0b08af7afa","1360896","GraphicalPharmacyDailySalesInvoice (2).rpt","True","Archive-style directory","False","False","","5","IGroup/Reports/GraphicalPharmacyDailySalesInvoice.rpt","Unreferenced exact duplicate with archive-style name/path","QuarantineExactDuplicate"
"Accounts/Reports/IGroup/Reports/Backup/GraphicalPharmacyDailySalesInvoice.rpt","True","1c43c098dff63c3ff876d6706942eb0b08af7afa","1360896","GraphicalPharmacyDailySalesInvoice.rpt","True","Archive-style directory","False","False","","5","IGroup/Reports/GraphicalPharmacyDailySalesInvoice.rpt","Unreferenced exact duplicate with archive-style name/path","QuarantineExactDuplicate"
"Accounts/Reports/IGroup/Reports/Backup/HREmployeeList (2).rpt","True","154792f26c289618840fde66902a3e016e05cbd2","10752","HREmployeeList (2).rpt","True","Archive-style directory","False","False","","3","Accounts/Reports/IGroup/Reports/Report Backups/HREmployeeList.rpt","Unreferenced exact duplicate with archive-style name/path","QuarantineExactDuplicate"
"Accounts/Reports/IGroup/Reports/Backup/HREmployeeList.rpt","True","154792f26c289618840fde66902a3e016e05cbd2","10752","HREmployeeList.rpt","True","Archive-style directory","False","False","","3","Accounts/Reports/IGroup/Reports/Report Backups/HREmployeeList.rpt","Unreferenced exact duplicate with archive-style name/path","QuarantineExactDuplicate"
"Accounts/Reports/IGroup/Reports/Backup/HREmployeeSalaryDescription (2).rpt","True","2031291dc74f732f773f48a6e2d0cb2816d7ede1","15360","HREmployeeSalaryDescription (2).rpt","True","Archive-style directory","False","False","","5","IGroup/Reports/HREmployeeSalaryDescription.rpt","Unreferenced exact duplicate with archive-style name/path","QuarantineExactDuplicate"
"Accounts/Reports/IGroup/Reports/Backup/HREmployeeSalaryDescription.rpt","True","2031291dc74f732f773f48a6e2d0cb2816d7ede1","15360","HREmployeeSalaryDescription.rpt","True","Archive-style directory","False","False","","5","IGroup/Reports/HREmployeeSalaryDescription.rpt","Unreferenced exact duplicate with archive-style name/path","QuarantineExactDuplicate"
"Accounts/Reports/IGroup/Reports/Backup/HREmployeeShiftDetails (2).rpt","True","e07b32a3ef560a319c6d8835ba20bfac4b75e99c","14848","HREmployeeShiftDetails (2).rpt","True","Archive-style directory","False","False","","5","IGroup/Reports/HREmployeeShiftDetails.rpt","Unreferenced exact duplicate with archive-style name/path","QuarantineExactDuplicate"
"Accounts/Reports/IGroup/Reports/Backup/HREmployeeShiftDetails.rpt","True","e07b32a3ef560a319c6d8835ba20bfac4b75e99c","14848","HREmployeeShiftDetails.rpt","True","Archive-style directory","False","False","","5","IGroup/Reports/HREmployeeShiftDetails.rpt","Unreferenced exact duplicate with archive-style name/path","QuarantineExactDuplicate"
"Accounts/Reports/IGroup/Reports/Backup/HRMonthlyAttendence (2).rpt","True","741247c44d2ce6143bcc5cb81777b3ce386f4818","17408","HRMonthlyAttendence (2).rpt","True","Archive-style directory","False","False","","5","IGroup/Reports/HRMonthlyAttendence.rpt","Unreferenced exact duplicate with archive-style name/path","QuarantineExactDuplicate"
"Accounts/Reports/IGroup/Reports/Backup/HRMonthlyAttendence.rpt","True","741247c44d2ce6143bcc5cb81777b3ce386f4818","17408","HRMonthlyAttendence.rpt","True","Archive-style directory","False","False","","5","IGroup/Reports/HRMonthlyAttendence.rpt","Unreferenced exact duplicate with archive-style name/path","QuarantineExactDuplicate"
"Accounts/Reports/IGroup/Reports/Backup/IBCombinedUserWiseSummaryStatement (2).rpt","True","3f4580e55055f73a9ed4003c4ae336bccb5f53f5","52736","IBCombinedUserWiseSummaryStatement (2).rpt","True","Archive-style directory","False","False","","1","","Unreferenced report in explicit archive directory","QuarantineBackupVariant"
"Accounts/Reports/IGroup/Reports/Backup/IBCombinedUserWiseSummaryStatement.rpt","True","ec40edfe52f83bc34724557a50363b8921c7b90a","52224","IBCombinedUserWiseSummaryStatement.rpt","True","Archive-style directory","False","False","","1","","Unreferenced report in explicit archive directory","QuarantineBackupVariant"
"Accounts/Reports/IGroup/Reports/Backup/IBDailyReceptionInvoice (2).rpt","True","52ca5e2bf72a23ca53ae9816adf424d829bd5ef7","53248","IBDailyReceptionInvoice (2).rpt","True","Archive-style directory","False","False","","1","","Unreferenced report in explicit archive directory","QuarantineBackupVariant"
"Accounts/Reports/IGroup/Reports/Backup/IBDailyReceptionInvoice.rpt","True","b02a105be5a7d5bb9a9fd93f67a10b3c09156652","53248","IBDailyReceptionInvoice.rpt","True","Archive-style directory","False","False","","2","Accounts/Reports/IGroup/Reports/Report Backups/IBDailyReceptionInvoice.rpt","Unreferenced exact duplicate with archive-style name/path","QuarantineExactDuplicate"
"Accounts/Reports/IGroup/Reports/Backup/IBDailyReceptionInvoiceSummary.rpt","True","c41e1e22e64a785439b29b4ac1d62365bdaf27f1","53248","IBDailyReceptionInvoiceSummary.rpt","True","Archive-style directory","False","False","","3","IGroup/Reports/IBDailyReceptionInvoiceSummary.rpt","Unreferenced exact duplicate with archive-style name/path","QuarantineExactDuplicate"
"Accounts/Reports/IGroup/Reports/Backup/IBDrivingLicenseSummary.rpt","True","71dac6121265fe83173047e5fff7137821e82313","48640","IBDrivingLicenseSummary.rpt","True","Archive-style directory","False","False","","4","IGroup/Reports/IBDrivingLicenseSummary.rpt","Unreferenced exact duplicate with archive-style name/path","QuarantineExactDuplicate"
"Accounts/Reports/IGroup/Reports/Backup/IBHealthCardSummary.rpt","True","1d531b54bcdacf7d8b03cc905a55452cd1b2fd99","48640","IBHealthCardSummary.rpt","True","Archive-style directory","False","False","","4","IGroup/Reports/IBHealthCardSummary.rpt","Unreferenced exact duplicate with archive-style name/path","QuarantineExactDuplicate"
"Accounts/Reports/IGroup/Reports/Backup/IBIqamaSummary.rpt","True","d129c74497c0dca452491d43f1cbdd90cb6e70a7","48640","IBIqamaSummary.rpt","True","Archive-style directory","False","False","","4","IGroup/Reports/IBIqamaSummary.rpt","Unreferenced exact duplicate with archive-style name/path","QuarantineExactDuplicate"
"Accounts/Reports/IGroup/Reports/Backup/IBSalesManSummary.rpt","True","6a35a2592563310a41a418587718593e57beae6f","51712","IBSalesManSummary.rpt","True","Archive-style directory","False","False","","1","","Unreferenced report in explicit archive directory","QuarantineBackupVariant"
"Accounts/Reports/IGroup/Reports/Backup/IBSalesManSummaryX.rpt","True","9c4fb8d121d90fdc87988fa4ea680a2592b7faec","50688","IBSalesManSummaryX.rpt","True","Archive-style directory","False","False","","3","IGroup/Reports/IBSalesManSummaryX.rpt","Unreferenced exact duplicate with archive-style name/path","QuarantineExactDuplicate"
"Accounts/Reports/IGroup/Reports/Backup/InsClinicBillPrint (2).rpt","True","c5b50b539c4bc22961c22a8e97cbe45fe576a8f9","14336","InsClinicBillPrint (2).rpt","True","Archive-style directory","False","False","","10","IGroup/Reports/InsClinicBillPrint.rpt","Unreferenced exact duplicate with archive-style name/path","QuarantineExactDuplicate"
"Accounts/Reports/IGroup/Reports/Backup/InsClinicBillPrint.rpt","True","c5b50b539c4bc22961c22a8e97cbe45fe576a8f9","14336","InsClinicBillPrint.rpt","True","Archive-style directory","False","False","","10","IGroup/Reports/InsClinicBillPrint.rpt","Unreferenced exact duplicate with archive-style name/path","QuarantineExactDuplicate"
"Accounts/Reports/IGroup/Reports/Backup/InsClinicBillPrint1 (2).rpt","True","1ed2d0240e36e9f41870e36d8d419f23189fb6b0","13312","InsClinicBillPrint1 (2).rpt","True","Archive-style directory","False","False","","5","IGroup/Reports/InsClinicBillPrint1.rpt","Unreferenced exact duplicate with archive-style name/path","QuarantineExactDuplicate"
"Accounts/Reports/IGroup/Reports/Backup/InsClinicBillPrint1.rpt","True","1ed2d0240e36e9f41870e36d8d419f23189fb6b0","13312","InsClinicBillPrint1.rpt","True","Archive-style directory","False","False","","5","IGroup/Reports/InsClinicBillPrint1.rpt","Unreferenced exact duplicate with archive-style name/path","QuarantineExactDuplicate"
"Accounts/Reports/IGroup/Reports/Backup/InsPharmacyInvoicePrint (2).rpt","True","680f8aa1ab6edc14d3af5c3b8c4a23de558a340b","12288","InsPharmacyInvoicePrint (2).rpt","True","Archive-style directory","False","False","","5","IGroup/Reports/InsPharmacyInvoicePrint.rpt","Unreferenced exact duplicate with archive-style name/path","QuarantineExactDuplicate"
"Accounts/Reports/IGroup/Reports/Backup/InsPharmacyInvoicePrint.rpt","True","680f8aa1ab6edc14d3af5c3b8c4a23de558a340b","12288","InsPharmacyInvoicePrint.rpt","True","Archive-style directory","False","False","","5","IGroup/Reports/InsPharmacyInvoicePrint.rpt","Unreferenced exact duplicate with archive-style name/path","QuarantineExactDuplicate"
"Accounts/Reports/IGroup/Reports/Backup/InsPharmacyInvoicePrint1 (2).rpt","True","7347246662ff9df8419c455b6db91491f7dafd6d","11776","InsPharmacyInvoicePrint1 (2).rpt","True","Archive-style directory","False","False","","5","IGroup/Reports/InsPharmacyInvoicePrint1.rpt","Unreferenced exact duplicate with archive-style name/path","QuarantineExactDuplicate"
"Accounts/Reports/IGroup/Reports/Backup/InsPharmacyInvoicePrint1.rpt","True","7347246662ff9df8419c455b6db91491f7dafd6d","11776","InsPharmacyInvoicePrint1.rpt","True","Archive-style directory","False","False","","5","IGroup/Reports/InsPharmacyInvoicePrint1.rpt","Unreferenced exact duplicate with archive-style name/path","QuarantineExactDuplicate"
"Accounts/Reports/IGroup/Reports/Backup/InsuranceActualSummary (2).rpt","True","41b64549e45e62638441e6a1381a24f7ab28e950","21504","InsuranceActualSummary (2).rpt","True","Archive-style directory","False","False","","5","IGroup/Reports/InsuranceActualSummary.rpt","Unreferenced exact duplicate with archive-style name/path","QuarantineExactDuplicate"
"Accounts/Reports/IGroup/Reports/Backup/InsuranceActualSummary.rpt","True","41b64549e45e62638441e6a1381a24f7ab28e950","21504","InsuranceActualSummary.rpt","True","Archive-style directory","False","False","","5","IGroup/Reports/InsuranceActualSummary.rpt","Unreferenced exact duplicate with archive-style name/path","QuarantineExactDuplicate"
"Accounts/Reports/IGroup/Reports/Backup/InsuranceBupaEclaim (2).rpt","True","03c5e912fb65ef30e175db3ab64304e2e269ab90","17408","InsuranceBupaEclaim (2).rpt","True","Archive-style directory","False","False","","5","IGroup/Reports/InsuranceBupaEclaim.rpt","Unreferenced exact duplicate with archive-style name/path","QuarantineExactDuplicate"
"Accounts/Reports/IGroup/Reports/Backup/InsuranceBupaEclaim.rpt","True","03c5e912fb65ef30e175db3ab64304e2e269ab90","17408","InsuranceBupaEclaim.rpt","True","Archive-style directory","False","False","","5","IGroup/Reports/InsuranceBupaEclaim.rpt","Unreferenced exact duplicate with archive-style name/path","QuarantineExactDuplicate"
"Accounts/Reports/IGroup/Reports/Backup/InsuranceBupaEclaimRep (2).rpt","True","3cbe177b4ca82339c343af6d46b52b0f3b543353","19456","InsuranceBupaEclaimRep (2).rpt","True","Archive-style directory","False","False","","5","IGroup/Reports/InsuranceBupaEclaimRep.rpt","Unreferenced exact duplicate with archive-style name/path","QuarantineExactDuplicate"
"Accounts/Reports/IGroup/Reports/Backup/InsuranceBupaEclaimRep.rpt","True","3cbe177b4ca82339c343af6d46b52b0f3b543353","19456","InsuranceBupaEclaimRep.rpt","True","Archive-style directory","False","False","","5","IGroup/Reports/InsuranceBupaEclaimRep.rpt","Unreferenced exact duplicate with archive-style name/path","QuarantineExactDuplicate"
"Accounts/Reports/IGroup/Reports/Backup/InsuranceCompanyReport (2).rpt","True","87c12a510762a0177767776bc841e97fb2e61471","32768","InsuranceCompanyReport (2).rpt","True","Archive-style directory","False","False","","5","IGroup/Reports/InsuranceCompanyReport.rpt","Unreferenced exact duplicate with archive-style name/path","QuarantineExactDuplicate"
"Accounts/Reports/IGroup/Reports/Backup/InsuranceCompanyReport.rpt","True","87c12a510762a0177767776bc841e97fb2e61471","32768","InsuranceCompanyReport.rpt","True","Archive-style directory","False","False","","5","IGroup/Reports/InsuranceCompanyReport.rpt","Unreferenced exact duplicate with archive-style name/path","QuarantineExactDuplicate"
"Accounts/Reports/IGroup/Reports/Backup/INSURANCEGlobeMedEclaim (2).rpt","True","270765abe3f384788394af65321803f3f79dff3a","17920","INSURANCEGlobeMedEclaim (2).rpt","True","Archive-style directory","False","False","","5","IGroup/Reports/INSURANCEGlobeMedEclaim.rpt","Unreferenced exact duplicate with archive-style name/path","QuarantineExactDuplicate"
"Accounts/Reports/IGroup/Reports/Backup/INSURANCEGlobeMedEclaim.rpt","True","270765abe3f384788394af65321803f3f79dff3a","17920","INSURANCEGlobeMedEclaim.rpt","True","Archive-style directory","False","False","","5","IGroup/Reports/INSURANCEGlobeMedEclaim.rpt","Unreferenced exact duplicate with archive-style name/path","QuarantineExactDuplicate"
"Accounts/Reports/IGroup/Reports/Backup/InsuranceMonthlySubmission (2).rpt","True","88f64e03f348af26a7e738c2583a465cf2d4bc3a","18432","InsuranceMonthlySubmission (2).rpt","True","Archive-style directory","False","False","","5","IGroup/Reports/InsuranceMonthlySubmission.rpt","Unreferenced exact duplicate with archive-style name/path","QuarantineExactDuplicate"
"Accounts/Reports/IGroup/Reports/Backup/InsuranceMonthlySubmission.rpt","True","88f64e03f348af26a7e738c2583a465cf2d4bc3a","18432","InsuranceMonthlySubmission.rpt","True","Archive-style directory","False","False","","5","IGroup/Reports/InsuranceMonthlySubmission.rpt","Unreferenced exact duplicate with archive-style name/path","QuarantineExactDuplicate"
"Accounts/Reports/IGroup/Reports/Backup/InsurancePriceList (2).rpt","True","9839d1625e6013bbb2193eb629a1a4fd5cfc0792","87040","InsurancePriceList (2).rpt","True","Archive-style directory","False","False","","5","IGroup/Reports/InsurancePriceList.rpt","Unreferenced exact duplicate with archive-style name/path","QuarantineExactDuplicate"
"Accounts/Reports/IGroup/Reports/Backup/InsurancePriceList.rpt","True","9839d1625e6013bbb2193eb629a1a4fd5cfc0792","87040","InsurancePriceList.rpt","True","Archive-style directory","False","False","","5","IGroup/Reports/InsurancePriceList.rpt","Unreferenced exact duplicate with archive-style name/path","QuarantineExactDuplicate"
"Accounts/Reports/IGroup/Reports/Backup/InsuranceStatement (2).rpt","True","3207cb1f6bac5aae44b2e1a280ba29b07c3ec7c7","21504","InsuranceStatement (2).rpt","True","Archive-style directory","False","False","","5","IGroup/Reports/InsuranceStatement.rpt","Unreferenced exact duplicate with archive-style name/path","QuarantineExactDuplicate"
"Accounts/Reports/IGroup/Reports/Backup/InsuranceStatement.rpt","True","3207cb1f6bac5aae44b2e1a280ba29b07c3ec7c7","21504","InsuranceStatement.rpt","True","Archive-style directory","False","False","","5","IGroup/Reports/InsuranceStatement.rpt","Unreferenced exact duplicate with archive-style name/path","QuarantineExactDuplicate"
"Accounts/Reports/IGroup/Reports/Backup/InsuranceSummary (2).rpt","True","a554147bbb33b63fefcebfec2411060cda138563","20992","InsuranceSummary (2).rpt","True","Archive-style directory","False","False","","5","IGroup/Reports/InsuranceSummary.rpt","Unreferenced exact duplicate with archive-style name/path","QuarantineExactDuplicate"
"Accounts/Reports/IGroup/Reports/Backup/InsuranceSummary.rpt","True","a554147bbb33b63fefcebfec2411060cda138563","20992","InsuranceSummary.rpt","True","Archive-style directory","False","False","","5","IGroup/Reports/InsuranceSummary.rpt","Unreferenced exact duplicate with archive-style name/path","QuarantineExactDuplicate"
"Accounts/Reports/IGroup/Reports/Backup/InsuranceSummaryOfAccount (2).rpt","True","aa459705847b64a13aaffadd709d9afd9cd49fb3","144896","InsuranceSummaryOfAccount (2).rpt","True","Archive-style directory","False","False","","5","IGroup/Reports/InsuranceSummaryOfAccount.rpt","Unreferenced exact duplicate with archive-style name/path","QuarantineExactDuplicate"
"Accounts/Reports/IGroup/Reports/Backup/InsuranceSummaryOfAccount.rpt","True","aa459705847b64a13aaffadd709d9afd9cd49fb3","144896","InsuranceSummaryOfAccount.rpt","True","Archive-style directory","False","False","","5","IGroup/Reports/InsuranceSummaryOfAccount.rpt","Unreferenced exact duplicate with archive-style name/path","QuarantineExactDuplicate"
"Accounts/Reports/IGroup/Reports/Backup/Inventory Report for a given date.rpt","True","c81f8077be1287ebc74518ef0a8459c339280711","110080","Inventory Report for a given date.rpt","True","Archive-style directory","False","False","","1","","Unreferenced report in explicit archive directory","QuarantineBackupVariant"
"Accounts/Reports/IGroup/Reports/Backup/Inventory Report for testing.rpt","True","c2b682693335eecaf5f0f8691d29d3ede04512d4","65024","Inventory Report for testing.rpt","True","Archive-style directory","False","False","","3","IGroup/Reports/Inventory Report for testing.rpt","Unreferenced exact duplicate with archive-style name/path","QuarantineExactDuplicate"
"Accounts/Reports/IGroup/Reports/Backup/InvoiceSummaryTimeWiseGraph (2).rpt","True","6366d78d54bf2f251df1b0f12aa9c1a1b87fd150","31744","InvoiceSummaryTimeWiseGraph (2).rpt","True","Archive-style directory","False","False","","5","IGroup/Reports/InvoiceSummaryTimeWiseGraph.rpt","Unreferenced exact duplicate with archive-style name/path","QuarantineExactDuplicate"
"Accounts/Reports/IGroup/Reports/Backup/InvoiceSummaryTimeWiseGraph.rpt","True","6366d78d54bf2f251df1b0f12aa9c1a1b87fd150","31744","InvoiceSummaryTimeWiseGraph.rpt","True","Archive-style directory","False","False","","5","IGroup/Reports/InvoiceSummaryTimeWiseGraph.rpt","Unreferenced exact duplicate with archive-style name/path","QuarantineExactDuplicate"
"Accounts/Reports/IGroup/Reports/Backup/ItemMovementReport (2).rpt","True","3ddaf206ec791edbefac13458c55b023ec7e3ba3","15872","ItemMovementReport (2).rpt","True","Archive-style directory","False","False","","5","IGroup/Reports/ItemMovementReport.rpt","Unreferenced exact duplicate with archive-style name/path","QuarantineExactDuplicate"
"Accounts/Reports/IGroup/Reports/Backup/ItemMovementReport.rpt","True","3ddaf206ec791edbefac13458c55b023ec7e3ba3","15872","ItemMovementReport.rpt","True","Archive-style directory","False","False","","5","IGroup/Reports/ItemMovementReport.rpt","Unreferenced exact duplicate with archive-style name/path","QuarantineExactDuplicate"
"Accounts/Reports/IGroup/Reports/Backup/ItemMovementReportFromOS (2).rpt","True","6c7cc393be303777e84bd2572bc4bfac1d79817d","50688","ItemMovementReportFromOS (2).rpt","True","Archive-style directory","False","False","","3","IGroup/Reports/ItemMovementReportFromOS.rpt","Unreferenced exact duplicate with archive-style name/path","QuarantineExactDuplicate"
"Accounts/Reports/IGroup/Reports/Backup/ItemMovementReportFromOS.rpt","True","0f5ed5adadd5cc1b899367b96b23600dde3cb9f1","16896","ItemMovementReportFromOS.rpt","True","Archive-style directory","False","False","","2","Accounts/Reports/IGroup/Reports/Report Backups/ItemMovementReportFromOS.rpt","Unreferenced exact duplicate with archive-style name/path","QuarantineExactDuplicate"
"Accounts/Reports/IGroup/Reports/Backup/ItemMovementReportPeriodic (2).rpt","True","cde5ae5dbda06b9a9e46ce777433ef22b2253533","51712","ItemMovementReportPeriodic (2).rpt","True","Archive-style directory","False","False","","3","IGroup/Reports/ItemMovementReportPeriodic.rpt","Unreferenced exact duplicate with archive-style name/path","QuarantineExactDuplicate"
"Accounts/Reports/IGroup/Reports/Backup/ItemMovementReportPeriodic.rpt","True","28d7db7d00bb6edc211f0e4a7c5ab166f494abf2","52736","ItemMovementReportPeriodic.rpt","True","Archive-style directory","False","False","","1","","Unreferenced report in explicit archive directory","QuarantineBackupVariant"
"Accounts/Reports/IGroup/Reports/Backup/ItemMovementReportPeriodicOrig.rpt","True","69a483009ccb90e3a4f398d372e8747497d9c341","52736","ItemMovementReportPeriodicOrig.rpt","True","Archive-style directory","False","False","","3","IGroup/Reports/ItemMovementReportPeriodicOrig.rpt","Unreferenced exact duplicate with archive-style name/path","QuarantineExactDuplicate"
"Accounts/Reports/IGroup/Reports/Backup/ItemPriceList (2).rpt","True","3f592b37f1a80aee19c19cd6d352c9891505ef2f","1161728","ItemPriceList (2).rpt","True","Archive-style directory","False","False","","5","IGroup/Reports/ItemPriceList.rpt","Unreferenced exact duplicate with archive-style name/path","QuarantineExactDuplicate"
"Accounts/Reports/IGroup/Reports/Backup/ItemPriceList.rpt","True","3f592b37f1a80aee19c19cd6d352c9891505ef2f","1161728","ItemPriceList.rpt","True","Archive-style directory","False","False","","5","IGroup/Reports/ItemPriceList.rpt","Unreferenced exact duplicate with archive-style name/path","QuarantineExactDuplicate"
"Accounts/Reports/IGroup/Reports/Backup/ItemWisePurchaseHistory (2).rpt","True","9b2631d46b8356320b08f8387e4747fd441b0ec5","49664","ItemWisePurchaseHistory (2).rpt","True","Archive-style directory","False","False","","3","IGroup/Reports/ItemWisePurchaseHistory.rpt","Unreferenced exact duplicate with archive-style name/path","QuarantineExactDuplicate"
"Accounts/Reports/IGroup/Reports/Backup/ItemWisePurchaseHistory.rpt","True","29f91b0a2cdc201c8a59a9bd8e29f62eca374997","15872","ItemWisePurchaseHistory.rpt","True","Archive-style directory","False","False","","2","Accounts/Reports/IGroup/Reports/Report Backups/ItemWisePurchaseHistory.rpt","Unreferenced exact duplicate with archive-style name/path","QuarantineExactDuplicate"
"Accounts/Reports/IGroup/Reports/Backup/LabInvp001 (2).rpt","True","50ed80af1fb867f5aec6a016624f426e9501336d","50688","LabInvp001 (2).rpt","True","Archive-style directory","False","False","","2","Accounts/Reports/IGroup/Reports/Backup/LabInvp001.rpt","Unreferenced exact duplicate with archive-style name/path","QuarantineExactDuplicate"
"Accounts/Reports/IGroup/Reports/Backup/LabInvp001.rpt","True","50ed80af1fb867f5aec6a016624f426e9501336d","50688","LabInvp001.rpt","True","Archive-style directory","False","False","","2","Accounts/Reports/IGroup/Reports/Backup/LabInvp001.rpt","Canonical copy retained for exact duplicate group","Retain"
"Accounts/Reports/IGroup/Reports/Backup/LabPlain (2).rpt","True","e826690ee92691131d10a24756d1a89e506d9ae2","49664","LabPlain (2).rpt","True","Archive-style directory","False","False","","3","Accounts/Reports/IGroup/Reports/Report Backups/LabPlain.rpt","Unreferenced exact duplicate with archive-style name/path","QuarantineExactDuplicate"
"Accounts/Reports/IGroup/Reports/Backup/LabPlain.rpt","True","e826690ee92691131d10a24756d1a89e506d9ae2","49664","LabPlain.rpt","True","Archive-style directory","False","False","","3","Accounts/Reports/IGroup/Reports/Report Backups/LabPlain.rpt","Unreferenced exact duplicate with archive-style name/path","QuarantineExactDuplicate"
"Accounts/Reports/IGroup/Reports/Backup/ListofDailyPatients (2).rpt","True","6d0ab11fd102348322413ed7fdd662c3c0bcbee9","50688","ListofDailyPatients (2).rpt","True","Archive-style directory","False","False","","1","","Unreferenced report in explicit archive directory","QuarantineBackupVariant"
"Accounts/Reports/IGroup/Reports/Backup/ListofDailyPatients.rpt","True","3ddae7a95cee180697eb7e4a396ebcce823e7632","74752","ListofDailyPatients.rpt","True","Archive-style directory","False","False","","2","Accounts/Reports/IGroup/Reports/Report Backups/ListofDailyPatients.rpt","Unreferenced exact duplicate with archive-style name/path","QuarantineExactDuplicate"
"Accounts/Reports/IGroup/Reports/Backup/ListofDailyPatients2.rpt","True","1487d7e414c8591ef4c92ecdb1a019fec3367e9e","50176","ListofDailyPatients2.rpt","True","Archive-style directory","False","False","","3","IGroup/Reports/ListofDailyPatients2.rpt","Unreferenced exact duplicate with archive-style name/path","QuarantineExactDuplicate"
"Accounts/Reports/IGroup/Reports/Backup/ListofDailyPatientsOrig.rpt","True","e7e332a6c7f063ef9f0f950d32f53ca1bd85c7d4","48640","ListofDailyPatientsOrig.rpt","True","Archive-style directory","False","False","","3","IGroup/Reports/ListofDailyPatients.rpt","Unreferenced exact duplicate with archive-style name/path","QuarantineExactDuplicate"
"Accounts/Reports/IGroup/Reports/Backup/ListofDailyPatientsPerDoctor.rpt","True","34d72a0058d79d5896ebc53bad59e33a723edca2","51712","ListofDailyPatientsPerDoctor.rpt","True","Archive-style directory","False","False","","3","IGroup/Reports/ListofDailyPatientsPerDoctor.rpt","Unreferenced exact duplicate with archive-style name/path","QuarantineExactDuplicate"
"Accounts/Reports/IGroup/Reports/Backup/ListofMonthlyPatients.rpt","True","f7d6fb7d0315ea0ea3f1d09666ba9f10b0c3e32b","48128","ListofMonthlyPatients.rpt","True","Archive-style directory","False","False","","3","IGroup/Reports/ListofMonthlyPatients.rpt","Unreferenced exact duplicate with archive-style name/path","QuarantineExactDuplicate"
"Accounts/Reports/IGroup/Reports/Backup/MedicalServicePriceList (2).rpt","True","a12e211b7b5dd44a78a8ea4ad6ccb92d15b65232","119296","MedicalServicePriceList (2).rpt","True","Archive-style directory","False","False","","5","IGroup/Reports/MedicalServicePriceList.rpt","Unreferenced exact duplicate with archive-style name/path","QuarantineExactDuplicate"
"Accounts/Reports/IGroup/Reports/Backup/MedicalServicePriceList.rpt","True","a12e211b7b5dd44a78a8ea4ad6ccb92d15b65232","119296","MedicalServicePriceList.rpt","True","Archive-style directory","False","False","","5","IGroup/Reports/MedicalServicePriceList.rpt","Unreferenced exact duplicate with archive-style name/path","QuarantineExactDuplicate"
"Accounts/Reports/IGroup/Reports/Backup/MedicalServicePriceListCash (2).rpt","True","0a9f924915bfb725897b6d02f936d6eddf8dee4e","14848","MedicalServicePriceListCash (2).rpt","True","Archive-style directory","False","False","","3","Accounts/Reports/IGroup/Reports/Report Backups/MedicalServicePriceListCash.rpt","Unreferenced exact duplicate with archive-style name/path","QuarantineExactDuplicate"
"Accounts/Reports/IGroup/Reports/Backup/MedicalServicePriceListCash.rpt","True","0a9f924915bfb725897b6d02f936d6eddf8dee4e","14848","MedicalServicePriceListCash.rpt","True","Archive-style directory","False","False","","3","Accounts/Reports/IGroup/Reports/Report Backups/MedicalServicePriceListCash.rpt","Unreferenced exact duplicate with archive-style name/path","QuarantineExactDuplicate"
"Accounts/Reports/IGroup/Reports/Backup/MedicalServicePriceListCredit (2).rpt","True","d3cd599d884e5cfb446ff56063034cd01a43184a","118784","MedicalServicePriceListCredit (2).rpt","True","Archive-style directory","False","False","","5","IGroup/Reports/MedicalServicePriceListCredit.rpt","Unreferenced exact duplicate with archive-style name/path","QuarantineExactDuplicate"
"Accounts/Reports/IGroup/Reports/Backup/MedicalServicePriceListCredit.rpt","True","d3cd599d884e5cfb446ff56063034cd01a43184a","118784","MedicalServicePriceListCredit.rpt","True","Archive-style directory","False","False","","5","IGroup/Reports/MedicalServicePriceListCredit.rpt","Unreferenced exact duplicate with archive-style name/path","QuarantineExactDuplicate"
"Accounts/Reports/IGroup/Reports/Backup/Mine/ClinicBillPrint.rpt","True","11b23defe0932a34bae764412a29fa10c079ec5f","14848","ClinicBillPrint.rpt","True","Archive-style directory","False","False","","3","IGroup/Reports/Mine/ClinicBillPrint1.rpt","Unreferenced exact duplicate with archive-style name/path","QuarantineExactDuplicate"
"Accounts/Reports/IGroup/Reports/Backup/Mine/LabInvp001.rpt","True","908b90dfa516a5591b46b557a118bccf6b69f09c","52736","LabInvp001.rpt","True","Archive-style directory","False","False","","4","IGroup/Reports/Mine/LabInvp001.rpt","Unreferenced exact duplicate with archive-style name/path","QuarantineExactDuplicate"
"Accounts/Reports/IGroup/Reports/Backup/Mine/LabInvp0011.rpt","True","3fa5f8849373089817a0f27bdc03aa257f05d73b","53248","LabInvp0011.rpt","True","Archive-style directory","False","False","","3","IGroup/Reports/Mine/LabInvp0011.rpt","Unreferenced exact duplicate with archive-style name/path","QuarantineExactDuplicate"
"Accounts/Reports/IGroup/Reports/Backup/MOH IB Report.rpt","True","059f1f88c806d8f2a8d9f05246bc1d670f5d2141","606720","MOH IB Report.rpt","True","Archive-style directory","False","False","","1","","Unreferenced report in explicit archive directory","QuarantineBackupVariant"
"Accounts/Reports/IGroup/Reports/Backup/MOH Report per Doctor.rpt","True","9779d0380a1252365b037334be3109ac36b8422a","113664","MOH Report per Doctor.rpt","True","Archive-style directory","False","False","","5","IGroup/Reports/MOH Report per Doctor.rpt","Unreferenced exact duplicate with archive-style name/path","QuarantineExactDuplicate"
"Accounts/Reports/IGroup/Reports/Backup/MOH Report.rpt","True","55f4dc6e2d258064e9113809e312693246d1ca94","610816","MOH Report.rpt","True","Archive-style directory","False","False","","1","","Unreferenced report in explicit archive directory","QuarantineBackupVariant"
"Accounts/Reports/IGroup/Reports/Backup/New folder/DCBillPrint.rpt","True","153314ed05d0268757a3f1a7b5ea86170c358bd7","15360","DCBillPrint.rpt","True","Archive-style directory","False","True","Accounts/Reports/IGroup/DCBillPrint.vb:30; Accounts/Accounts.vbproj:1812; Accounts/Accounts.vbproj:2674","1","","Protected by static or project reference","Retain"
"Accounts/Reports/IGroup/Reports/Backup/OpeningStock (2).rpt","True","125fcdb39947ecb4bc277db6a546b21e3910e9b4","15872","OpeningStock (2).rpt","True","Archive-style directory","False","False","","5","IGroup/Reports/OpeningStock.rpt","Unreferenced exact duplicate with archive-style name/path","QuarantineExactDuplicate"
"Accounts/Reports/IGroup/Reports/Backup/OpeningStock.rpt","True","125fcdb39947ecb4bc277db6a546b21e3910e9b4","15872","OpeningStock.rpt","True","Archive-style directory","False","False","","5","IGroup/Reports/OpeningStock.rpt","Unreferenced exact duplicate with archive-style name/path","QuarantineExactDuplicate"
"Accounts/Reports/IGroup/Reports/Backup/OpeningStockDifference (2).rpt","True","9484a079bc90b2e952331255336d0accb4b7670a","15360","OpeningStockDifference (2).rpt","True","Archive-style directory","False","False","","5","IGroup/Reports/OpeningStockDifference.rpt","Unreferenced exact duplicate with archive-style name/path","QuarantineExactDuplicate"
"Accounts/Reports/IGroup/Reports/Backup/OpeningStockDifference.rpt","True","9484a079bc90b2e952331255336d0accb4b7670a","15360","OpeningStockDifference.rpt","True","Archive-style directory","False","False","","5","IGroup/Reports/OpeningStockDifference.rpt","Unreferenced exact duplicate with archive-style name/path","QuarantineExactDuplicate"
"Accounts/Reports/IGroup/Reports/Backup/Orig/ClinicBillPrint.rpt","True","3a70aa9f19c34a4fe64a6daa963acfe739581c73","14848","ClinicBillPrint.rpt","True","Archive-style directory","False","False","","3","Accounts/Reports/IGroup/Reports/Trial/ClinicBillPrint.rpt","Unreferenced exact duplicate with archive-style name/path","QuarantineExactDuplicate"
"Accounts/Reports/IGroup/Reports/Backup/Orig/IBDailyReceptionInvoice.rpt","True","1a62f319474bbfe14dddc3a13e3c5618bebcc377","53248","IBDailyReceptionInvoice.rpt","True","Archive-style directory","False","False","","2","Accounts/Reports/IGroup/Reports/Orig/IBDailyReceptionInvoice.rpt","Unreferenced exact duplicate with archive-style name/path","QuarantineExactDuplicate"
"Accounts/Reports/IGroup/Reports/Backup/PatientBookingSchedule (2).rpt","True","a3f37a652ac1a83367a9f0ecb37d7d71f28cc5f7","37376","PatientBookingSchedule (2).rpt","True","Archive-style directory","False","False","","5","IGroup/Reports/PatientBookingSchedule.rpt","Unreferenced exact duplicate with archive-style name/path","QuarantineExactDuplicate"
"Accounts/Reports/IGroup/Reports/Backup/PatientBookingSchedule.rpt","True","a3f37a652ac1a83367a9f0ecb37d7d71f28cc5f7","37376","PatientBookingSchedule.rpt","True","Archive-style directory","False","False","","5","IGroup/Reports/PatientBookingSchedule.rpt","Unreferenced exact duplicate with archive-style name/path","QuarantineExactDuplicate"
"Accounts/Reports/IGroup/Reports/Backup/PatientBookingSchedule1 (2).rpt","True","09197caf8a25202ba2399470fbcd865947485e93","37376","PatientBookingSchedule1 (2).rpt","True","Archive-style directory","False","False","","5","IGroup/Reports/PatientBookingSchedule1.rpt","Unreferenced exact duplicate with archive-style name/path","QuarantineExactDuplicate"
"Accounts/Reports/IGroup/Reports/Backup/PatientBookingSchedule1.rpt","True","09197caf8a25202ba2399470fbcd865947485e93","37376","PatientBookingSchedule1.rpt","True","Archive-style directory","False","False","","5","IGroup/Reports/PatientBookingSchedule1.rpt","Unreferenced exact duplicate with archive-style name/path","QuarantineExactDuplicate"
"Accounts/Reports/IGroup/Reports/Backup/PatientCaseSheet (2).rpt","True","061091d23f5af2b32e2282f66e78d212aa4b7fbd","1158144","PatientCaseSheet (2).rpt","True","Archive-style directory","False","False","","4","Accounts/Reports/IGroup/Reports/PatientCaseSheet.rpt","Unreferenced exact duplicate with archive-style name/path","QuarantineExactDuplicate"
"Accounts/Reports/IGroup/Reports/Backup/PatientCaseSheet.rpt","True","061091d23f5af2b32e2282f66e78d212aa4b7fbd","1158144","PatientCaseSheet.rpt","True","Archive-style directory","False","False","","4","Accounts/Reports/IGroup/Reports/PatientCaseSheet.rpt","Unreferenced exact duplicate with archive-style name/path","QuarantineExactDuplicate"
"Accounts/Reports/IGroup/Reports/Backup/PatientDentalCaseSheet (2).rpt","True","f20ebe3585c0ecb77a0e9a1a1c738c3f6c913c7b","11776","PatientDentalCaseSheet (2).rpt","True","Archive-style directory","False","False","","5","IGroup/Reports/PatientDentalCaseSheet.rpt","Unreferenced exact duplicate with archive-style name/path","QuarantineExactDuplicate"
"Accounts/Reports/IGroup/Reports/Backup/PatientDentalCaseSheet.rpt","True","f20ebe3585c0ecb77a0e9a1a1c738c3f6c913c7b","11776","PatientDentalCaseSheet.rpt","True","Archive-style directory","False","False","","5","IGroup/Reports/PatientDentalCaseSheet.rpt","Unreferenced exact duplicate with archive-style name/path","QuarantineExactDuplicate"
"Accounts/Reports/IGroup/Reports/Backup/PatientDermoCaseSheet (2).rpt","True","d94187ec4439cc182871c8d8525ef22aed0bab41","11776","PatientDermoCaseSheet (2).rpt","True","Archive-style directory","False","False","","5","IGroup/Reports/PatientDermoCaseSheet.rpt","Unreferenced exact duplicate with archive-style name/path","QuarantineExactDuplicate"
"Accounts/Reports/IGroup/Reports/Backup/PatientDermoCaseSheet.rpt","True","d94187ec4439cc182871c8d8525ef22aed0bab41","11776","PatientDermoCaseSheet.rpt","True","Archive-style directory","False","False","","5","IGroup/Reports/PatientDermoCaseSheet.rpt","Unreferenced exact duplicate with archive-style name/path","QuarantineExactDuplicate"
"Accounts/Reports/IGroup/Reports/Backup/PatientList (2).rpt","True","be03a38a4ffb4229fd174608c7a0dba3bb00b61f","10752","PatientList (2).rpt","True","Archive-style directory","False","False","","5","IGroup/Reports/PatientList.rpt","Unreferenced exact duplicate with archive-style name/path","QuarantineExactDuplicate"
"Accounts/Reports/IGroup/Reports/Backup/PatientList Range.rpt","True","ef465ca673b54c26c51d62261620be8015cbc16c","10752","PatientList Range.rpt","True","Archive-style directory","False","False","","3","IGroup/Reports/PatientList Range.rpt","Unreferenced exact duplicate with archive-style name/path","QuarantineExactDuplicate"
"Accounts/Reports/IGroup/Reports/Backup/PatientList.rpt","True","be03a38a4ffb4229fd174608c7a0dba3bb00b61f","10752","PatientList.rpt","True","Archive-style directory","False","False","","5","IGroup/Reports/PatientList.rpt","Unreferenced exact duplicate with archive-style name/path","QuarantineExactDuplicate"
"Accounts/Reports/IGroup/Reports/Backup/PaySlip (2).rpt","True","3b2488d72d365170b9df918e83abb67a1f182395","25600","PaySlip (2).rpt","True","Archive-style directory","False","False","","5","IGroup/Reports/PaySlip.rpt","Unreferenced exact duplicate with archive-style name/path","QuarantineExactDuplicate"
"Accounts/Reports/IGroup/Reports/Backup/PaySlip.rpt","True","3b2488d72d365170b9df918e83abb67a1f182395","25600","PaySlip.rpt","True","Archive-style directory","False","False","","5","IGroup/Reports/PaySlip.rpt","Unreferenced exact duplicate with archive-style name/path","QuarantineExactDuplicate"
"Accounts/Reports/IGroup/Reports/Backup/Phar_SalesInvoice_DateWiseBar (2).rpt","True","a98d5d4d7805d999b936771d311b47e9deeea606","20992","Phar_SalesInvoice_DateWiseBar (2).rpt","True","Archive-style directory","False","False","","5","IGroup/Reports/Phar_SalesInvoice_DateWiseBar.rpt","Unreferenced exact duplicate with archive-style name/path","QuarantineExactDuplicate"
"Accounts/Reports/IGroup/Reports/Backup/Phar_SalesInvoice_DateWiseBar.rpt","True","a98d5d4d7805d999b936771d311b47e9deeea606","20992","Phar_SalesInvoice_DateWiseBar.rpt","True","Archive-style directory","False","False","","5","IGroup/Reports/Phar_SalesInvoice_DateWiseBar.rpt","Unreferenced exact duplicate with archive-style name/path","QuarantineExactDuplicate"
"Accounts/Reports/IGroup/Reports/Backup/Phar_SalesInvoice_Detailed (2).rpt","True","3aa12a4388aa49ed842a622d655b6a1cf47405f1","18944","Phar_SalesInvoice_Detailed (2).rpt","True","Archive-style directory","False","False","","5","IGroup/Reports/Phar_SalesInvoice_Detailed.rpt","Unreferenced exact duplicate with archive-style name/path","QuarantineExactDuplicate"
"Accounts/Reports/IGroup/Reports/Backup/Phar_SalesInvoice_Detailed.rpt","True","3aa12a4388aa49ed842a622d655b6a1cf47405f1","18944","Phar_SalesInvoice_Detailed.rpt","True","Archive-style directory","False","False","","5","IGroup/Reports/Phar_SalesInvoice_Detailed.rpt","Unreferenced exact duplicate with archive-style name/path","QuarantineExactDuplicate"
"Accounts/Reports/IGroup/Reports/Backup/Phar_SalesInvoice_DetailedPieChart (2).rpt","True","4074b6d381a99fa3c240818406135ccddf25747f","18432","Phar_SalesInvoice_DetailedPieChart (2).rpt","True","Archive-style directory","False","False","","5","IGroup/Reports/Phar_SalesInvoice_DetailedPieChart.rpt","Unreferenced exact duplicate with archive-style name/path","QuarantineExactDuplicate"
"Accounts/Reports/IGroup/Reports/Backup/Phar_SalesInvoice_DetailedPieChart.rpt","True","4074b6d381a99fa3c240818406135ccddf25747f","18432","Phar_SalesInvoice_DetailedPieChart.rpt","True","Archive-style directory","False","False","","5","IGroup/Reports/Phar_SalesInvoice_DetailedPieChart.rpt","Unreferenced exact duplicate with archive-style name/path","QuarantineExactDuplicate"
"Accounts/Reports/IGroup/Reports/Backup/PharmacyCreditStatement (2).rpt","True","a881a9a2f352aba963150508cca65dfa150ec6ac","87040","PharmacyCreditStatement (2).rpt","True","Archive-style directory","False","False","","5","IGroup/Reports/PharmacyCreditStatement.rpt","Unreferenced exact duplicate with archive-style name/path","QuarantineExactDuplicate"
"Accounts/Reports/IGroup/Reports/Backup/PharmacyCreditStatement.rpt","True","a881a9a2f352aba963150508cca65dfa150ec6ac","87040","PharmacyCreditStatement.rpt","True","Archive-style directory","False","False","","5","IGroup/Reports/PharmacyCreditStatement.rpt","Unreferenced exact duplicate with archive-style name/path","QuarantineExactDuplicate"
"Accounts/Reports/IGroup/Reports/Backup/PharmacyDailySalesInvoice - Copy (2).rpt","True","d8996cb2cdc80f7a6957ce83a93807e137522a19","173568","PharmacyDailySalesInvoice - Copy (2).rpt","True","Archive-style directory","False","False","","5","IGroup/Reports/PharmacyDailySalesInvoice - Copy.rpt","Unreferenced exact duplicate with archive-style name/path","QuarantineExactDuplicate"
"Accounts/Reports/IGroup/Reports/Backup/PharmacyDailySalesInvoice - Copy.rpt","True","d8996cb2cdc80f7a6957ce83a93807e137522a19","173568","PharmacyDailySalesInvoice - Copy.rpt","True","Archive-style directory","False","False","","5","IGroup/Reports/PharmacyDailySalesInvoice - Copy.rpt","Unreferenced exact duplicate with archive-style name/path","QuarantineExactDuplicate"
"Accounts/Reports/IGroup/Reports/Backup/PharmacyDailySalesInvoice (2).rpt","True","b6bd96843b80a9d8c9bc994f3fc27df5d0c62f58","53760","PharmacyDailySalesInvoice (2).rpt","True","Archive-style directory","False","False","","1","","Unreferenced report in explicit archive directory","QuarantineBackupVariant"
"Accounts/Reports/IGroup/Reports/Backup/PharmacyDailySalesInvoice.rpt","True","13152079b7dcb661b29cc45356d0da55e30dfa72","54272","PharmacyDailySalesInvoice.rpt","True","Archive-style directory","False","False","","1","","Unreferenced report in explicit archive directory","QuarantineBackupVariant"
"Accounts/Reports/IGroup/Reports/Backup/PharmacyDailySalesInvoice1 (2).rpt","True","ed9f55773eb22006c3f4f7ad39bed36cd9a7e526","16896","PharmacyDailySalesInvoice1 (2).rpt","True","Archive-style directory","False","False","","5","IGroup/Reports/PharmacyDailySalesInvoice1.rpt","Unreferenced exact duplicate with archive-style name/path","QuarantineExactDuplicate"
"Accounts/Reports/IGroup/Reports/Backup/PharmacyDailySalesInvoice1.rpt","True","ed9f55773eb22006c3f4f7ad39bed36cd9a7e526","16896","PharmacyDailySalesInvoice1.rpt","True","Archive-style directory","False","False","","5","IGroup/Reports/PharmacyDailySalesInvoice1.rpt","Unreferenced exact duplicate with archive-style name/path","QuarantineExactDuplicate"
"Accounts/Reports/IGroup/Reports/Backup/PharmacyDailySalesInvoiceSummary (2).rpt","True","80485714f1ef036b57eb55663726263d51dde9bb","53760","PharmacyDailySalesInvoiceSummary (2).rpt","True","Archive-style directory","False","False","","3","IGroup/Reports/PharmacyDailySalesInvoiceSummary.rpt","Unreferenced exact duplicate with archive-style name/path","QuarantineExactDuplicate"
"Accounts/Reports/IGroup/Reports/Backup/PharmacyDailySalesInvoiceSummary.rpt","True","42ac87f4f1b3b4178f31bb9317ccb4a6d08d2ce2","54272","PharmacyDailySalesInvoiceSummary.rpt","True","Archive-style directory","False","False","","1","","Unreferenced report in explicit archive directory","QuarantineBackupVariant"
"Accounts/Reports/IGroup/Reports/Backup/PharmacyDailySalesInvoiceSummaryTimeWise (2).rpt","True","1ab802961a834213122a1994e8b9c0ec8829dc0e","22016","PharmacyDailySalesInvoiceSummaryTimeWise (2).rpt","True","Archive-style directory","False","False","","5","IGroup/Reports/PharmacyDailySalesInvoiceSummaryTimeWise.rpt","Unreferenced exact duplicate with archive-style name/path","QuarantineExactDuplicate"
"Accounts/Reports/IGroup/Reports/Backup/PharmacyDailySalesInvoiceSummaryTimeWise.rpt","True","1ab802961a834213122a1994e8b9c0ec8829dc0e","22016","PharmacyDailySalesInvoiceSummaryTimeWise.rpt","True","Archive-style directory","False","False","","5","IGroup/Reports/PharmacyDailySalesInvoiceSummaryTimeWise.rpt","Unreferenced exact duplicate with archive-style name/path","QuarantineExactDuplicate"
"Accounts/Reports/IGroup/Reports/Backup/PharmacyDailySalesInvoiceSummaryTimeWise1 (2).rpt","True","5dc18a621562f23d23394e091e2973378649ac89","20480","PharmacyDailySalesInvoiceSummaryTimeWise1 (2).rpt","True","Archive-style directory","False","False","","5","IGroup/Reports/PharmacyDailySalesInvoiceSummaryTimeWise1.rpt","Unreferenced exact duplicate with archive-style name/path","QuarantineExactDuplicate"
"Accounts/Reports/IGroup/Reports/Backup/PharmacyDailySalesInvoiceSummaryTimeWise1.rpt","True","5dc18a621562f23d23394e091e2973378649ac89","20480","PharmacyDailySalesInvoiceSummaryTimeWise1.rpt","True","Archive-style directory","False","False","","5","IGroup/Reports/PharmacyDailySalesInvoiceSummaryTimeWise1.rpt","Unreferenced exact duplicate with archive-style name/path","QuarantineExactDuplicate"
"Accounts/Reports/IGroup/Reports/Backup/PharmacyDailySalesUserWise (2).rpt","True","7e5e31049ae377e02c92ca6ac4f92c28050e085f","53248","PharmacyDailySalesUserWise (2).rpt","True","Archive-style directory","False","False","","4","IGroup/Reports/PharmacyDailySalesUserWise.rpt","Unreferenced exact duplicate with archive-style name/path","QuarantineExactDuplicate"
"Accounts/Reports/IGroup/Reports/Backup/PharmacyDailySalesUserWise.rpt","True","7e5e31049ae377e02c92ca6ac4f92c28050e085f","53248","PharmacyDailySalesUserWise.rpt","True","Archive-style directory","False","False","","4","IGroup/Reports/PharmacyDailySalesUserWise.rpt","Unreferenced exact duplicate with archive-style name/path","QuarantineExactDuplicate"
"Accounts/Reports/IGroup/Reports/Backup/PharmacyDosageArabic - New.rpt","True","53f2f6de164d4bddabc6226ff5abfda58a0f9695","8704","PharmacyDosageArabic - New.rpt","True","Archive-style directory","False","False","","5","IGroup/Reports/PharmacyDosageArabicxxx.rpt","Unreferenced exact duplicate with archive-style name/path","QuarantineExactDuplicate"
"Accounts/Reports/IGroup/Reports/Backup/PharmacyDosageArabic (2).rpt","True","97f1a1e1a9bd099f1307275638b596127b38bd6f","15360","PharmacyDosageArabic (2).rpt","True","Archive-style directory","False","False","","3","IGroup/Reports/PharmacyDosageArabic.rpt","Unreferenced exact duplicate with archive-style name/path","QuarantineExactDuplicate"
"Accounts/Reports/IGroup/Reports/Backup/PharmacyDosageArabic 10 x 5.rpt","True","afbd3b112930694f7a24d5919be66c7ec826fb63","9216","PharmacyDosageArabic 10 x 5.rpt","True","Archive-style directory","False","False","","3","IGroup/Reports/PharmacyDosageArabic 10 x 5.rpt","Unreferenced exact duplicate with archive-style name/path","QuarantineExactDuplicate"
"Accounts/Reports/IGroup/Reports/Backup/PharmacyDosageArabic 6 x 4.rpt","True","21172fba915b1ca5b7dd439cd408747ae7cdb373","11264","PharmacyDosageArabic 6 x 4.rpt","True","Archive-style directory","False","False","","3","IGroup/Reports/PharmacyDosageArabic 6 x 4.rpt","Unreferenced exact duplicate with archive-style name/path","QuarantineExactDuplicate"
"Accounts/Reports/IGroup/Reports/Backup/PharmacyDosageArabic 9 x 4.rpt","True","4f2003a579345bbb33554d94a898df8bbd5bc96e","15360","PharmacyDosageArabic 9 x 4.rpt","True","Archive-style directory","False","False","","3","IGroup/Reports/PharmacyDosageArabic 9 x 4.rpt","Unreferenced exact duplicate with archive-style name/path","QuarantineExactDuplicate"
"Accounts/Reports/IGroup/Reports/Backup/PharmacyDosageArabic.rpt","True","ae11ef4113994f2a8707830066da303b9e88a5e6","8704","PharmacyDosageArabic.rpt","True","Archive-style directory","False","False","","3","Accounts/Reports/IGroup/Reports/Orig/PharmacyDosageArabic.rpt","Unreferenced exact duplicate with archive-style name/path","QuarantineExactDuplicate"
"Accounts/Reports/IGroup/Reports/Backup/PharmacyDosageArabic2.rpt","True","a6f75907b17b8aca2ef29e0487a7b7f95d13f247","11264","PharmacyDosageArabic2.rpt","True","Archive-style directory","False","False","","3","IGroup/Reports/PharmacyDosageArabic2.rpt","Unreferenced exact duplicate with archive-style name/path","QuarantineExactDuplicate"
"Accounts/Reports/IGroup/Reports/Backup/PharmacyDosageArabicxxx.rpt","True","53f2f6de164d4bddabc6226ff5abfda58a0f9695","8704","PharmacyDosageArabicxxx.rpt","True","Archive-style directory","False","False","","5","IGroup/Reports/PharmacyDosageArabicxxx.rpt","Unreferenced exact duplicate with archive-style name/path","QuarantineExactDuplicate"
"Accounts/Reports/IGroup/Reports/Backup/PharmacyIEDateWise (2).rpt","True","2a6470c86ac19da7ba5145c43ab6c42bfbee4689","86016","PharmacyIEDateWise (2).rpt","True","Archive-style directory","False","False","","5","IGroup/Reports/PharmacyIEDateWise.rpt","Unreferenced exact duplicate with archive-style name/path","QuarantineExactDuplicate"
"Accounts/Reports/IGroup/Reports/Backup/PharmacyIEDateWise.rpt","True","2a6470c86ac19da7ba5145c43ab6c42bfbee4689","86016","PharmacyIEDateWise.rpt","True","Archive-style directory","False","False","","5","IGroup/Reports/PharmacyIEDateWise.rpt","Unreferenced exact duplicate with archive-style name/path","QuarantineExactDuplicate"
"Accounts/Reports/IGroup/Reports/Backup/PharmacyIEDetailed (2).rpt","True","04d9df63b14eb4a56036a23edda3a0d6091c0a4a","86016","PharmacyIEDetailed (2).rpt","True","Archive-style directory","False","False","","5","IGroup/Reports/PharmacyIEDetailed.rpt","Unreferenced exact duplicate with archive-style name/path","QuarantineExactDuplicate"
"Accounts/Reports/IGroup/Reports/Backup/PharmacyIEDetailed.rpt","True","04d9df63b14eb4a56036a23edda3a0d6091c0a4a","86016","PharmacyIEDetailed.rpt","True","Archive-style directory","False","False","","5","IGroup/Reports/PharmacyIEDetailed.rpt","Unreferenced exact duplicate with archive-style name/path","QuarantineExactDuplicate"
"Accounts/Reports/IGroup/Reports/Backup/PharmacyInvoicePrintBig (2).rpt","True","794388c11fa9135fbd7e4bba5860a3e86bac7dd7","13824","PharmacyInvoicePrintBig (2).rpt","True","Archive-style directory","False","False","","2","Accounts/Reports/IGroup/Reports/PharmacyInvoicePrintBigOld.rpt","Unreferenced exact duplicate with archive-style name/path","QuarantineExactDuplicate"
"Accounts/Reports/IGroup/Reports/Backup/PharmacyInvoicePrintBig.rpt","True","8e86bcd3dc4c7546651c2ce894cfa517d100d875","12800","PharmacyInvoicePrintBig.rpt","True","Archive-style directory","False","False","","2","Accounts/Reports/IGroup/Reports/Report Backups/PharmacyInvoicePrintBig.rpt","Unreferenced exact duplicate with archive-style name/path","QuarantineExactDuplicate"
"Accounts/Reports/IGroup/Reports/Backup/PharmacyInvoicePrintSmall (2).rpt","True","1283c8e3332235022400915bf07fc0f1c3f8ea5c","12288","PharmacyInvoicePrintSmall (2).rpt","True","Archive-style directory","False","False","","5","IGroup/Reports/PharmacyInvoicePrintSmall.rpt","Unreferenced exact duplicate with archive-style name/path","QuarantineExactDuplicate"
"Accounts/Reports/IGroup/Reports/Backup/PharmacyInvoicePrintSmall.rpt","True","1283c8e3332235022400915bf07fc0f1c3f8ea5c","12288","PharmacyInvoicePrintSmall.rpt","True","Archive-style directory","False","False","","5","IGroup/Reports/PharmacyInvoicePrintSmall.rpt","Unreferenced exact duplicate with archive-style name/path","QuarantineExactDuplicate"
"Accounts/Reports/IGroup/Reports/Backup/PharmacyItemWiseSalesHistory (2).rpt","True","580a8818e567b9b54713b97fb9000eb95a590c9b","52736","PharmacyItemWiseSalesHistory (2).rpt","True","Archive-style directory","False","False","","3","IGroup/Reports/PharmacyItemWiseSalesHistory.rpt","Unreferenced exact duplicate with archive-style name/path","QuarantineExactDuplicate"
"Accounts/Reports/IGroup/Reports/Backup/PharmacyItemWiseSalesHistory.rpt","True","250531dc8afff6d4654b4ed14f10b628e012cfe2","18944","PharmacyItemWiseSalesHistory.rpt","True","Archive-style directory","False","False","","2","Accounts/Reports/IGroup/Reports/Report Backups/PharmacyItemWiseSalesHistory.rpt","Unreferenced exact duplicate with archive-style name/path","QuarantineExactDuplicate"
"Accounts/Reports/IGroup/Reports/Backup/PharmacyItemWiseSalesHistorySummary.rpt","True","350ebeca94aad84cd46e0b7541caf5bff0f59063","51200","PharmacyItemWiseSalesHistorySummary.rpt","True","Archive-style directory","False","False","","3","IGroup/Reports/PharmacyItemWiseSalesHistorySummary.rpt","Unreferenced exact duplicate with archive-style name/path","QuarantineExactDuplicate"
"Accounts/Reports/IGroup/Reports/Backup/PharmacyPatientProfile (2).rpt","True","481c7a8f988ed1f0854403741036a90b1f07d987","54784","PharmacyPatientProfile (2).rpt","True","Archive-style directory","False","False","","5","IGroup/Reports/PharmacyPatientProfile.rpt","Unreferenced exact duplicate with archive-style name/path","QuarantineExactDuplicate"
"Accounts/Reports/IGroup/Reports/Backup/PharmacyPatientProfile.rpt","True","481c7a8f988ed1f0854403741036a90b1f07d987","54784","PharmacyPatientProfile.rpt","True","Archive-style directory","False","False","","5","IGroup/Reports/PharmacyPatientProfile.rpt","Unreferenced exact duplicate with archive-style name/path","QuarantineExactDuplicate"
"Accounts/Reports/IGroup/Reports/Backup/PharmacySummaryStatementDateWise (2).rpt","True","5c9832a047936832a10e00a8ff9dbb30b1d21daa","54784","PharmacySummaryStatementDateWise (2).rpt","True","Archive-style directory","False","False","","2","Accounts/Reports/IGroup/Reports/Backup/PharmacySummaryStatementDateWise.rpt","Unreferenced exact duplicate with archive-style name/path","QuarantineExactDuplicate"
"Accounts/Reports/IGroup/Reports/Backup/PharmacySummaryStatementDateWise.rpt","True","5c9832a047936832a10e00a8ff9dbb30b1d21daa","54784","PharmacySummaryStatementDateWise.rpt","True","Archive-style directory","False","False","","2","Accounts/Reports/IGroup/Reports/Backup/PharmacySummaryStatementDateWise.rpt","Canonical copy retained for exact duplicate group","Retain"
"Accounts/Reports/IGroup/Reports/Backup/PMRDcafBlank (2).rpt","True","fe69350d315e52d788e47fe2c4cd8a54c35e34bf","256000","PMRDcafBlank (2).rpt","True","Archive-style directory","False","False","","5","IGroup/Reports/PMRDcafBlank.rpt","Unreferenced exact duplicate with archive-style name/path","QuarantineExactDuplicate"
"Accounts/Reports/IGroup/Reports/Backup/PMRDcafBlank.rpt","True","fe69350d315e52d788e47fe2c4cd8a54c35e34bf","256000","PMRDcafBlank.rpt","True","Archive-style directory","False","False","","5","IGroup/Reports/PMRDcafBlank.rpt","Unreferenced exact duplicate with archive-style name/path","QuarantineExactDuplicate"
"Accounts/Reports/IGroup/Reports/Backup/PMROcaf (2).rpt","True","fff452cacbc2dff2402598e5c108f86e40667780","779776","PMROcaf (2).rpt","True","Archive-style directory","False","False","","5","IGroup/Reports/PMROcaf.rpt","Unreferenced exact duplicate with archive-style name/path","QuarantineExactDuplicate"
"Accounts/Reports/IGroup/Reports/Backup/PMROcaf.rpt","True","fff452cacbc2dff2402598e5c108f86e40667780","779776","PMROcaf.rpt","True","Archive-style directory","False","False","","5","IGroup/Reports/PMROcaf.rpt","Unreferenced exact duplicate with archive-style name/path","QuarantineExactDuplicate"
"Accounts/Reports/IGroup/Reports/Backup/PMRPatientDentalProfile (2).rpt","True","0730806025534084c412c6ec90c517901d788924","84992","PMRPatientDentalProfile (2).rpt","True","Archive-style directory","False","False","","5","IGroup/Reports/PMRPatientDentalProfile.rpt","Unreferenced exact duplicate with archive-style name/path","QuarantineExactDuplicate"
"Accounts/Reports/IGroup/Reports/Backup/PMRPatientDentalProfile.rpt","True","0730806025534084c412c6ec90c517901d788924","84992","PMRPatientDentalProfile.rpt","True","Archive-style directory","False","False","","5","IGroup/Reports/PMRPatientDentalProfile.rpt","Unreferenced exact duplicate with archive-style name/path","QuarantineExactDuplicate"
"Accounts/Reports/IGroup/Reports/Backup/PMRPatientProfile (2).rpt","True","b5709a9c7d71085dae7b954288e252a55c37582b","19456","PMRPatientProfile (2).rpt","True","Archive-style directory","False","False","","3","Accounts/Reports/IGroup/Reports/Report Backups/PMRPatientProfile.rpt","Unreferenced exact duplicate with archive-style name/path","QuarantineExactDuplicate"
"Accounts/Reports/IGroup/Reports/Backup/PMRPatientProfile.rpt","True","b5709a9c7d71085dae7b954288e252a55c37582b","19456","PMRPatientProfile.rpt","True","Archive-style directory","False","False","","3","Accounts/Reports/IGroup/Reports/Report Backups/PMRPatientProfile.rpt","Unreferenced exact duplicate with archive-style name/path","QuarantineExactDuplicate"
"Accounts/Reports/IGroup/Reports/Backup/PMRPharmacyMedicineNCPrescription (2).rpt","True","89ddaebc24172dd9a8289d68ef7ebecb446fcc48","14336","PMRPharmacyMedicineNCPrescription (2).rpt","True","Archive-style directory","False","False","","3","Accounts/Reports/IGroup/Reports/Report Backups/PMRPharmacyMedicineNCPrescription.rpt","Unreferenced exact duplicate with archive-style name/path","QuarantineExactDuplicate"
"Accounts/Reports/IGroup/Reports/Backup/PMRPharmacyMedicineNCPrescription.rpt","True","89ddaebc24172dd9a8289d68ef7ebecb446fcc48","14336","PMRPharmacyMedicineNCPrescription.rpt","True","Archive-style directory","False","False","","3","Accounts/Reports/IGroup/Reports/Report Backups/PMRPharmacyMedicineNCPrescription.rpt","Unreferenced exact duplicate with archive-style name/path","QuarantineExactDuplicate"
"Accounts/Reports/IGroup/Reports/Backup/PMRPharmacyMedicinePrescription (2).rpt","True","61e26d44ca106356766bc92deaf0efdc649cf97a","14336","PMRPharmacyMedicinePrescription (2).rpt","True","Archive-style directory","False","False","","3","Accounts/Reports/IGroup/Reports/Report Backups/PMRPharmacyMedicinePrescription.rpt","Unreferenced exact duplicate with archive-style name/path","QuarantineExactDuplicate"
"Accounts/Reports/IGroup/Reports/Backup/PMRPharmacyMedicinePrescription.rpt","True","61e26d44ca106356766bc92deaf0efdc649cf97a","14336","PMRPharmacyMedicinePrescription.rpt","True","Archive-style directory","False","True","Accounts/Reports/PMRPharmacyMedicinePrescription.vb:30; Accounts/Accounts.vbproj:1974; Accounts/Accounts.vbproj:2782","3","Accounts/Reports/IGroup/Reports/Report Backups/PMRPharmacyMedicinePrescription.rpt","Protected by static or project reference","Retain"
"Accounts/Reports/IGroup/Reports/Backup/PMRPharmacyPrescriptionBlank (2).rpt","True","fd9007679e0e5658cdf9dac160ea1b5f4de739d6","15360","PMRPharmacyPrescriptionBlank (2).rpt","True","Archive-style directory","False","False","","5","IGroup/Reports/PMRPharmacyPrescriptionBlank.rpt","Unreferenced exact duplicate with archive-style name/path","QuarantineExactDuplicate"
"Accounts/Reports/IGroup/Reports/Backup/PMRPharmacyPrescriptionBlank.rpt","True","fd9007679e0e5658cdf9dac160ea1b5f4de739d6","15360","PMRPharmacyPrescriptionBlank.rpt","True","Archive-style directory","False","False","","5","IGroup/Reports/PMRPharmacyPrescriptionBlank.rpt","Unreferenced exact duplicate with archive-style name/path","QuarantineExactDuplicate"
"Accounts/Reports/IGroup/Reports/Backup/PMRUcaf (2).rpt","True","6cefd6745f0064b5762724a9343f9d49fdaf348d","19968","PMRUcaf (2).rpt","True","Archive-style directory","False","False","","5","IGroup/Reports/PMRUcaf.rpt","Unreferenced exact duplicate with archive-style name/path","QuarantineExactDuplicate"
"Accounts/Reports/IGroup/Reports/Backup/PMRUcaf.rpt","True","6cefd6745f0064b5762724a9343f9d49fdaf348d","19968","PMRUcaf.rpt","True","Archive-style directory","False","False","","5","IGroup/Reports/PMRUcaf.rpt","Unreferenced exact duplicate with archive-style name/path","QuarantineExactDuplicate"
"Accounts/Reports/IGroup/Reports/Backup/PMRUcafBlank (2).rpt","True","68edc361b7d80a47a573137b16f296d6dc424da5","22016","PMRUcafBlank (2).rpt","True","Archive-style directory","False","False","","5","IGroup/Reports/PMRUcafBlank.rpt","Unreferenced exact duplicate with archive-style name/path","QuarantineExactDuplicate"
"Accounts/Reports/IGroup/Reports/Backup/PMRUcafBlank.rpt","True","68edc361b7d80a47a573137b16f296d6dc424da5","22016","PMRUcafBlank.rpt","True","Archive-style directory","False","False","","5","IGroup/Reports/PMRUcafBlank.rpt","Unreferenced exact duplicate with archive-style name/path","QuarantineExactDuplicate"
"Accounts/Reports/IGroup/Reports/Backup/POAnalysis.rpt","True","6e030d6a15ca0e417a721917d432d9398296eda8","17920","POAnalysis.rpt","True","Archive-style directory","False","False","","3","IGroup/Reports/POAnalysis.rpt","Unreferenced exact duplicate with archive-style name/path","QuarantineExactDuplicate"
"Accounts/Reports/IGroup/Reports/Backup/PurchaseOrder (2).rpt","True","6be8cfe4f57c3b3babd0ecdabe34b48354307f5a","15872","PurchaseOrder (2).rpt","True","Archive-style directory","False","False","","5","IGroup/Reports/PurchaseOrder.rpt","Unreferenced exact duplicate with archive-style name/path","QuarantineExactDuplicate"
"Accounts/Reports/IGroup/Reports/Backup/PurchaseOrder.rpt","True","6be8cfe4f57c3b3babd0ecdabe34b48354307f5a","15872","PurchaseOrder.rpt","True","Archive-style directory","False","False","","5","IGroup/Reports/PurchaseOrder.rpt","Unreferenced exact duplicate with archive-style name/path","QuarantineExactDuplicate"
"Accounts/Reports/IGroup/Reports/Backup/PurchaseOrderAnalysis.rpt","True","90b12631e00139fd05502b2ffba27aefb8d498a5","51200","PurchaseOrderAnalysis.rpt","True","Archive-style directory","False","False","","3","IGroup/Reports/PurchaseOrderAnalysis.rpt","Unreferenced exact duplicate with archive-style name/path","QuarantineExactDuplicate"
"Accounts/Reports/IGroup/Reports/Backup/PurchaseReport (2).rpt","True","b0ed6e595b74a91a3a0d12a861ac6ae4f9872c6d","18944","PurchaseReport (2).rpt","True","Archive-style directory","False","False","","3","Accounts/Reports/IGroup/Reports/Report Backups/PurchaseReport.rpt","Unreferenced exact duplicate with archive-style name/path","QuarantineExactDuplicate"
"Accounts/Reports/IGroup/Reports/Backup/PurchaseReport.rpt","True","b0ed6e595b74a91a3a0d12a861ac6ae4f9872c6d","18944","PurchaseReport.rpt","True","Archive-style directory","False","False","","3","Accounts/Reports/IGroup/Reports/Report Backups/PurchaseReport.rpt","Unreferenced exact duplicate with archive-style name/path","QuarantineExactDuplicate"
"Accounts/Reports/IGroup/Reports/Backup/PurchaseReturnReport (2).rpt","True","96d7f97ef12046682c2efd84cbf4d7110bd5f22b","54272","PurchaseReturnReport (2).rpt","True","Archive-style directory","False","False","","3","IGroup/Reports/PurchaseReturnReport.rpt","Unreferenced exact duplicate with archive-style name/path","QuarantineExactDuplicate"
"Accounts/Reports/IGroup/Reports/Backup/PurchaseReturnReport.rpt","True","f826223228a552add514b908b8f6ed80d4fd3536","18944","PurchaseReturnReport.rpt","True","Archive-style directory","False","False","","2","Accounts/Reports/IGroup/Reports/Report Backups/PurchaseReturnReport.rpt","Unreferenced exact duplicate with archive-style name/path","QuarantineExactDuplicate"
"Accounts/Reports/IGroup/Reports/Backup/PurchaseReturnReport1 (2).rpt","True","c7422ba77b26254f39f0ce3e30312062a422f1a1","20480","PurchaseReturnReport1 (2).rpt","True","Archive-style directory","False","False","","4","Accounts/Reports/IGroup/Reports/PurchaseReturnReport1.rpt","Unreferenced exact duplicate with archive-style name/path","QuarantineExactDuplicate"
"Accounts/Reports/IGroup/Reports/Backup/PurchaseReturnReport1.rpt","True","c7422ba77b26254f39f0ce3e30312062a422f1a1","20480","PurchaseReturnReport1.rpt","True","Archive-style directory","False","False","","4","Accounts/Reports/IGroup/Reports/PurchaseReturnReport1.rpt","Unreferenced exact duplicate with archive-style name/path","QuarantineExactDuplicate"
"Accounts/Reports/IGroup/Reports/Backup/PurchaseSummaryReport (2).rpt","True","f7588cef7e167c4956131e6ca6aaa1504acad222","17408","PurchaseSummaryReport (2).rpt","True","Archive-style directory","False","False","","4","Accounts/Reports/IGroup/Reports/PurchaseSummaryReport.rpt","Unreferenced exact duplicate with archive-style name/path","QuarantineExactDuplicate"
"Accounts/Reports/IGroup/Reports/Backup/PurchaseSummaryReport.rpt","True","f7588cef7e167c4956131e6ca6aaa1504acad222","17408","PurchaseSummaryReport.rpt","True","Archive-style directory","False","False","","4","Accounts/Reports/IGroup/Reports/PurchaseSummaryReport.rpt","Unreferenced exact duplicate with archive-style name/path","QuarantineExactDuplicate"
"Accounts/Reports/IGroup/Reports/Backup/RevenueReportDoctorWiseCombined.rpt","True","d5e1e119bc60ea2b284edcf25975baff7d34b850","56832","RevenueReportDoctorWiseCombined.rpt","True","Archive-style directory","False","False","","1","","Unreferenced report in explicit archive directory","QuarantineBackupVariant"
"Accounts/Reports/IGroup/Reports/Backup/RevenueReportDoctorWisePatients (2).rpt","True","89f4903b5803decfa2a1b762f3decc44a6abc407","54784","RevenueReportDoctorWisePatients (2).rpt","True","Archive-style directory","False","False","","3","IGroup/Reports/RevenueReportDoctorWisePatients.rpt","Unreferenced exact duplicate with archive-style name/path","QuarantineExactDuplicate"
"Accounts/Reports/IGroup/Reports/Backup/RevenueReportDoctorWisePatients.rpt","True","dd668ad79829db8719bf3757291d4f20699d7e50","1167872","RevenueReportDoctorWisePatients.rpt","True","Archive-style directory","False","False","","2","Accounts/Reports/IGroup/Reports/Report Backups/RevenueReportDoctorWisePatients.rpt","Unreferenced exact duplicate with archive-style name/path","QuarantineExactDuplicate"
"Accounts/Reports/IGroup/Reports/Backup/RevenueReportDoctorWisePatientsOrig.rpt","True","401e3f76a4ee6cae0f492f3b4f814cde0dd7c467","56832","RevenueReportDoctorWisePatientsOrig.rpt","True","Archive-style directory","False","False","","1","","Unreferenced report in explicit archive directory","QuarantineBackupVariant"
"Accounts/Reports/IGroup/Reports/Backup/SaleProfitabilityDateWise (2).rpt","True","e873142f9618bda8d425f70bdc65c66ea6e0e01a","19456","SaleProfitabilityDateWise (2).rpt","True","Archive-style directory","False","False","","5","IGroup/Reports/SaleProfitabilityDateWise.rpt","Unreferenced exact duplicate with archive-style name/path","QuarantineExactDuplicate"
"Accounts/Reports/IGroup/Reports/Backup/SaleProfitabilityDateWise.rpt","True","e873142f9618bda8d425f70bdc65c66ea6e0e01a","19456","SaleProfitabilityDateWise.rpt","True","Archive-style directory","False","False","","5","IGroup/Reports/SaleProfitabilityDateWise.rpt","Unreferenced exact duplicate with archive-style name/path","QuarantineExactDuplicate"
"Accounts/Reports/IGroup/Reports/Backup/SaleProfitabilityInvoiceWise (2).rpt","True","5ea7e1600f682c5c70a9b80cd89c199869e7024c","17920","SaleProfitabilityInvoiceWise (2).rpt","True","Archive-style directory","False","False","","5","IGroup/Reports/SaleProfitabilityInvoiceWise.rpt","Unreferenced exact duplicate with archive-style name/path","QuarantineExactDuplicate"
"Accounts/Reports/IGroup/Reports/Backup/SaleProfitabilityInvoiceWise.rpt","True","5ea7e1600f682c5c70a9b80cd89c199869e7024c","17920","SaleProfitabilityInvoiceWise.rpt","True","Archive-style directory","False","False","","5","IGroup/Reports/SaleProfitabilityInvoiceWise.rpt","Unreferenced exact duplicate with archive-style name/path","QuarantineExactDuplicate"
"Accounts/Reports/IGroup/Reports/Backup/SaleProfitabilityItemWise (2).rpt","True","7b0b61799c93f78c76db548885e0ffc2d351d19b","16384","SaleProfitabilityItemWise (2).rpt","True","Archive-style directory","False","False","","5","IGroup/Reports/SaleProfitabilityItemWise.rpt","Unreferenced exact duplicate with archive-style name/path","QuarantineExactDuplicate"
"Accounts/Reports/IGroup/Reports/Backup/SaleProfitabilityItemWise.rpt","True","7b0b61799c93f78c76db548885e0ffc2d351d19b","16384","SaleProfitabilityItemWise.rpt","True","Archive-style directory","False","False","","5","IGroup/Reports/SaleProfitabilityItemWise.rpt","Unreferenced exact duplicate with archive-style name/path","QuarantineExactDuplicate"
"Accounts/Reports/IGroup/Reports/Backup/Stock Consumption.rpt","True","70a01f2693c67b1b5e2bf5d557574493209c2bc3","54272","Stock Consumption.rpt","True","Archive-style directory","False","False","","1","","Unreferenced report in explicit archive directory","QuarantineBackupVariant"
"Accounts/Reports/IGroup/Reports/Backup/StockAdjustment (2).rpt","True","ef8d9cc85a310b14bb0be7408c911c00febdafea","15872","StockAdjustment (2).rpt","True","Archive-style directory","False","False","","5","IGroup/Reports/StockAdjustment.rpt","Unreferenced exact duplicate with archive-style name/path","QuarantineExactDuplicate"
"Accounts/Reports/IGroup/Reports/Backup/StockAdjustment.rpt","True","ef8d9cc85a310b14bb0be7408c911c00febdafea","15872","StockAdjustment.rpt","True","Archive-style directory","False","False","","5","IGroup/Reports/StockAdjustment.rpt","Unreferenced exact duplicate with archive-style name/path","QuarantineExactDuplicate"
"Accounts/Reports/IGroup/Reports/Backup/StockRegister (2).rpt","True","fe16325ca2caa4174112ce7b96aa8240ef0de189","50688","StockRegister (2).rpt","True","Archive-style directory","False","False","","1","","Unreferenced report in explicit archive directory","QuarantineBackupVariant"
"Accounts/Reports/IGroup/Reports/Backup/StockRegister Summary.rpt","True","cd0ebb6bd0eb623ca9301ad10498b86c2761bd57","17408","StockRegister Summary.rpt","True","Archive-style directory","False","False","","3","IGroup/Reports/StockRegister Summary.rpt","Unreferenced exact duplicate with archive-style name/path","QuarantineExactDuplicate"
"Accounts/Reports/IGroup/Reports/Backup/StockRegister.rpt","True","3bc0fecea84994b3fce2f3f56dd789cb43ac8f2e","16384","StockRegister.rpt","True","Archive-style directory","False","False","","3","Accounts/Reports/IGroup/Reports/Orig/StockRegister.rpt","Unreferenced exact duplicate with archive-style name/path","QuarantineExactDuplicate"
"Accounts/Reports/IGroup/Reports/Backup/StockRegister2.rpt","True","30e3ac8643b052dcf2e6287cd1b35eadff33059b","17920","StockRegister2.rpt","True","Archive-style directory","False","False","","2","Accounts/Reports/IGroup/Reports/StockRegister2.rpt","Unreferenced exact duplicate with archive-style name/path","QuarantineExactDuplicate"
"Accounts/Reports/IGroup/Reports/Backup/StockRegister3.rpt","True","d87477eaecef2b7664bdfdb9c8f56e6685830101","18432","StockRegister3.rpt","True","Archive-style directory","False","False","","2","Accounts/Reports/IGroup/Reports/StockRegister3.rpt","Unreferenced exact duplicate with archive-style name/path","QuarantineExactDuplicate"
"Accounts/Reports/IGroup/Reports/Backup/StockRegisterClinic.rpt","True","5a968bf9d08a73497d82efe58b9797f267f4bcfd","21504","StockRegisterClinic.rpt","True","Archive-style directory","False","False","","3","IGroup/Reports/StockRegisterClinic.rpt","Unreferenced exact duplicate with archive-style name/path","QuarantineExactDuplicate"
"Accounts/Reports/IGroup/Reports/Backup/StockRegisterClinicNew.rpt","True","1a25529a4f21440e689119108d28b23690cc17d2","21504","StockRegisterClinicNew.rpt","True","Archive-style directory","False","False","","3","IGroup/Reports/StockRegisterClinicNew.rpt","Unreferenced exact duplicate with archive-style name/path","QuarantineExactDuplicate"
"Accounts/Reports/IGroup/Reports/Backup/StockRegisterNew.rpt","True","20e0519c59ec8f156b26675d43c1c229ca6741fe","17408","StockRegisterNew.rpt","True","Archive-style directory","False","False","","3","IGroup/Reports/StockRegisterNew.rpt","Unreferenced exact duplicate with archive-style name/path","QuarantineExactDuplicate"
"Accounts/Reports/IGroup/Reports/Backup/StockRegisterPharmacy.rpt","True","93308d451ca0eed455dd4091722a98b71988fdaa","21504","StockRegisterPharmacy.rpt","True","Archive-style directory","False","False","","3","IGroup/Reports/StockRegisterPharmacy.rpt","Unreferenced exact duplicate with archive-style name/path","QuarantineExactDuplicate"
"Accounts/Reports/IGroup/Reports/Backup/StockRegisterWithBarCodes.rpt","True","73ec0bd2bf918aef5fda6af4e89fc32f308bcabc","21504","StockRegisterWithBarCodes.rpt","True","Archive-style directory","False","False","","3","IGroup/Reports/StockRegisterWithBarCodes.rpt","Unreferenced exact duplicate with archive-style name/path","QuarantineExactDuplicate"
"Accounts/Reports/IGroup/Reports/Backup/SupplierWisePurchaseHistory.rpt","True","c110ace83cd237d070d47ab321b482bcf1a8f043","49152","SupplierWisePurchaseHistory.rpt","True","Archive-style directory","False","False","","1","","Unreferenced report in explicit archive directory","QuarantineBackupVariant"
"Accounts/Reports/IGroup/Reports/Backup/test.rpt","True","c29e3de9156b837b49166b9ffd68c17e5f4d13af","16896","test.rpt","True","Archive-style directory","False","False","","1","","Unreferenced report in explicit archive directory","QuarantineBackupVariant"
"Accounts/Reports/IGroup/Reports/Backup/TestChartOfAccounts.rpt","True","a2ed36d02dd25ccf0eb2a09dab07d347f858d8c6","48128","TestChartOfAccounts.rpt","True","Archive-style directory","False","False","","3","IGroup/Reports/TestChartOfAccounts.rpt","Unreferenced exact duplicate with archive-style name/path","QuarantineExactDuplicate"
"Accounts/Reports/IGroup/Reports/Backup/Transfer2BranchStockReport.rpt","True","cf30a6e6e15822403f8629584d309a697c0dfe16","16384","Transfer2BranchStockReport.rpt","True","Archive-style directory","False","False","","3","IGroup/Reports/Transfer2BranchStockReport.rpt","Unreferenced exact duplicate with archive-style name/path","QuarantineExactDuplicate"
"Accounts/Reports/IGroup/Reports/Backup/TransferStockItemWiseReport (2).rpt","True","159f5f074d86572de46ebe6b804a7be2a5e85658","89600","TransferStockItemWiseReport (2).rpt","True","Archive-style directory","False","False","","5","IGroup/Reports/TransferStockItemWiseReport.rpt","Unreferenced exact duplicate with archive-style name/path","QuarantineExactDuplicate"
"Accounts/Reports/IGroup/Reports/Backup/TransferStockItemWiseReport.rpt","True","159f5f074d86572de46ebe6b804a7be2a5e85658","89600","TransferStockItemWiseReport.rpt","True","Archive-style directory","False","False","","5","IGroup/Reports/TransferStockItemWiseReport.rpt","Unreferenced exact duplicate with archive-style name/path","QuarantineExactDuplicate"
"Accounts/Reports/IGroup/Reports/Backup/TransferStockReport (2).rpt","True","4b3fef0e9e22f99a3a0562fd6730895902efb8c6","50176","TransferStockReport (2).rpt","True","Archive-style directory","False","False","","3","IGroup/Reports/TransferStockReport.rpt","Unreferenced exact duplicate with archive-style name/path","QuarantineExactDuplicate"
"Accounts/Reports/IGroup/Reports/Backup/TransferStockReport.rpt","True","96340b0763410709674598af91f065a7a291129e","18432","TransferStockReport.rpt","True","Archive-style directory","False","False","","2","Accounts/Reports/IGroup/Reports/Report Backups/TransferStockReport.rpt","Unreferenced exact duplicate with archive-style name/path","QuarantineExactDuplicate"
"Accounts/Reports/IGroup/Reports/Backup/Trial/ClinicBillPrint - Copy (2).rpt","True","2d2ac7ec00ed15a37a679079b51523937b10d80d","14336","ClinicBillPrint - Copy (2).rpt","True","Archive-style directory","False","False","","2","Accounts/Reports/IGroup/Reports/Trial/ClinicBillPrint - Copy (2).rpt","Unreferenced exact duplicate with archive-style name/path","QuarantineExactDuplicate"
"Accounts/Reports/IGroup/Reports/Backup/Trial/ClinicBillPrint - Copy.rpt","True","83c3142a3448d5d1d12e8588bbf2cf04ea1aacb8","14336","ClinicBillPrint - Copy.rpt","True","Archive-style directory","False","False","","2","Accounts/Reports/IGroup/Reports/Trial/ClinicBillPrint - Copy.rpt","Unreferenced exact duplicate with archive-style name/path","QuarantineExactDuplicate"
"Accounts/Reports/IGroup/Reports/Backup/Trial/ClinicBillPrint.rpt","True","3a70aa9f19c34a4fe64a6daa963acfe739581c73","14848","ClinicBillPrint.rpt","True","Archive-style directory","False","False","","3","Accounts/Reports/IGroup/Reports/Trial/ClinicBillPrint.rpt","Unreferenced exact duplicate with archive-style name/path","QuarantineExactDuplicate"
"Accounts/Reports/IGroup/Reports/Backup/Trial/ClinicBillPrint.rpt2.rpt","True","36d7db3ba482a4c1cd506bd118079e6e0d86a155","16384","ClinicBillPrint.rpt2.rpt","True","Archive-style directory","False","False","","2","Accounts/Reports/IGroup/Reports/Trial/ClinicBillPrint.rpt2.rpt","Unreferenced exact duplicate with archive-style name/path","QuarantineExactDuplicate"
"Accounts/Reports/IGroup/Reports/Backup/Trial/ClinicBillPrint.rptok.rpt","True","09927d0d9496ae80abd5b1d8f59e89f71749cbcb","16384","ClinicBillPrint.rptok.rpt","True","Archive-style directory","False","False","","2","Accounts/Reports/IGroup/Reports/Trial/ClinicBillPrint.rptok.rpt","Unreferenced exact duplicate with archive-style name/path","QuarantineExactDuplicate"
"Accounts/Reports/IGroup/Reports/Backup/Trial/DCBillPrint.rpt","True","c039af0c859139cbdda83555f26963b7bd62b9d0","14336","DCBillPrint.rpt","True","Archive-style directory","False","True","Accounts/Reports/IGroup/DCBillPrint.vb:30; Accounts/Accounts.vbproj:1812; Accounts/Accounts.vbproj:2674","2","Accounts/Reports/IGroup/Reports/Trial/DCBillPrint.rpt","Protected by static or project reference","Retain"
"Accounts/Reports/IGroup/Reports/Backup/Trial/DCBillPrint.rpt2.rpt","True","3e4a20c0f1c38dfc38cf85560fc67221290bb718","15872","DCBillPrint.rpt2.rpt","True","Archive-style directory","False","False","","2","Accounts/Reports/IGroup/Reports/Trial/DCBillPrint.rpt2.rpt","Unreferenced exact duplicate with archive-style name/path","QuarantineExactDuplicate"
"Accounts/Reports/IGroup/Reports/Backup/Trial/DCBillPrint.rpt3.rpt","True","100d9b93aa5f2e04a79d8a64472b267b6478a864","15872","DCBillPrint.rpt3.rpt","True","Archive-style directory","False","False","","2","Accounts/Reports/IGroup/Reports/Trial/DCBillPrint.rpt3.rpt","Unreferenced exact duplicate with archive-style name/path","QuarantineExactDuplicate"
"Accounts/Reports/IGroup/Reports/Backup/Trial/DCBillPrint.rptorig.rpt","True","fa97d6197a4cef44c3acb65173d0324da24f6445","15872","DCBillPrint.rptorig.rpt","True","Archive-style directory","False","False","","2","Accounts/Reports/IGroup/Reports/Trial/DCBillPrint.rptorig.rpt","Unreferenced exact duplicate with archive-style name/path","QuarantineExactDuplicate"
"Accounts/Reports/IGroup/Reports/Backup/Trial/DiagnosisCenter.rpt","True","a115821a513c05d028b41a2cc80046c812b0f4a8","11776","DiagnosisCenter.rpt","True","Archive-style directory","False","False","","2","Accounts/Reports/IGroup/Reports/Trial/DiagnosisCenter.rpt","Unreferenced exact duplicate with archive-style name/path","QuarantineExactDuplicate"
"Accounts/Reports/IGroup/Reports/Backup/Trial/DiagnosisCenter2.rpt","True","9f52a3aabc81d2a95e27edfbcce31d4af8140ed4","11776","DiagnosisCenter2.rpt","True","Archive-style directory","False","False","","2","Accounts/Reports/IGroup/Reports/Trial/DiagnosisCenter2.rpt","Unreferenced exact duplicate with archive-style name/path","QuarantineExactDuplicate"
"Accounts/Reports/IGroup/Reports/Backup/Trial/IBDailyReceptionInvoice.rpt","True","be2207a7ec1b92d65d5c1c79b1e1ba3c3b5bd94a","52736","IBDailyReceptionInvoice.rpt","True","Archive-style directory","False","False","","2","Accounts/Reports/IGroup/Reports/Trial/IBDailyReceptionInvoice.rpt","Unreferenced exact duplicate with archive-style name/path","QuarantineExactDuplicate"
"Accounts/Reports/IGroup/Reports/Backup/Trial/LabInvp001.orig.rpt","True","20f61a4ac11b8c04c121a477e7f49c091c5bb2e7","52736","LabInvp001.orig.rpt","True","Archive-style directory","False","False","","2","Accounts/Reports/IGroup/Reports/Trial/LabInvp001.orig.rpt","Unreferenced exact duplicate with archive-style name/path","QuarantineExactDuplicate"
"Accounts/Reports/IGroup/Reports/Backup/Trial/LabInvp001.rpt","True","a82c633df7f7dbf7a5dc56241738efa396a749ae","50688","LabInvp001.rpt","True","Archive-style directory","False","False","","2","Accounts/Reports/IGroup/Reports/Trial/LabInvp001.rpt","Unreferenced exact duplicate with archive-style name/path","QuarantineExactDuplicate"
"Accounts/Reports/IGroup/Reports/Backup/Trial/LabInvp002.rpt","True","4180dd33b8908d4c630cad8cb09b6e457858f2b1","52736","LabInvp002.rpt","True","Archive-style directory","False","False","","2","Accounts/Reports/IGroup/Reports/Trial/LabInvp002.rpt","Unreferenced exact duplicate with archive-style name/path","QuarantineExactDuplicate"
"Accounts/Reports/IGroup/Reports/Backup/Trial/XDCDriverLicenseForm.rpt","True","a70f1bb0f052703bc846682a3754d19da119581f","16896","XDCDriverLicenseForm.rpt","True","Archive-style directory","False","False","","2","Accounts/Reports/IGroup/Reports/Trial/XDCDriverLicenseForm.rpt","Unreferenced exact duplicate with archive-style name/path","QuarantineExactDuplicate"
"Accounts/Reports/IGroup/Reports/Backup/Trial/XDCHealthCardForm.rpt","True","f5bd8a89c02ac011fa266d1e9f2f3a46ad3168a6","15360","XDCHealthCardForm.rpt","True","Archive-style directory","False","False","","2","Accounts/Reports/IGroup/Reports/Trial/XDCHealthCardForm.rpt","Unreferenced exact duplicate with archive-style name/path","QuarantineExactDuplicate"
"Accounts/Reports/IGroup/Reports/Backup/Trial/XDCIqamaForm.rpt","True","0b8e70027d46146e1a15afda15316dd56e3c680f","15360","XDCIqamaForm.rpt","True","Archive-style directory","False","False","","2","Accounts/Reports/IGroup/Reports/Trial/XDCIqamaForm.rpt","Unreferenced exact duplicate with archive-style name/path","QuarantineExactDuplicate"
"Accounts/Reports/IGroup/Reports/Backup/Trial/XDCMedicalReportForm.rpt","True","fe689a08cfca9b8fad0f2f0b841e6ce2eaa0fa73","46080","XDCMedicalReportForm.rpt","True","Archive-style directory","False","False","","3","Accounts/Reports/IGroup/Reports/Report Backups/DCMedicalReportForm.rpt","Unreferenced exact duplicate with archive-style name/path","QuarantineExactDuplicate"
"Accounts/Reports/IGroup/Reports/Backup/UnpostedPayables (2).rpt","True","9875b650aa9ac4a32130fb3aff684b846750e28c","14336","UnpostedPayables (2).rpt","True","Archive-style directory","False","False","","5","IGroup/Reports/UnpostedPayables.rpt","Unreferenced exact duplicate with archive-style name/path","QuarantineExactDuplicate"
"Accounts/Reports/IGroup/Reports/Backup/UnpostedPayables.rpt","True","9875b650aa9ac4a32130fb3aff684b846750e28c","14336","UnpostedPayables.rpt","True","Archive-style directory","False","False","","5","IGroup/Reports/UnpostedPayables.rpt","Unreferenced exact duplicate with archive-style name/path","QuarantineExactDuplicate"
"Accounts/Reports/IGroup/Reports/Backup/VoucherPrint (2).rpt","True","b5fccce6780e2d7cb0c27380f358aad975b7c345","43520","VoucherPrint (2).rpt","True","Archive-style directory","False","False","","5","IGroup/Reports/VoucherPrint.rpt","Unreferenced exact duplicate with archive-style name/path","QuarantineExactDuplicate"
"Accounts/Reports/IGroup/Reports/Backup/VoucherPrint.rpt","True","b5fccce6780e2d7cb0c27380f358aad975b7c345","43520","VoucherPrint.rpt","True","Archive-style directory","False","False","","5","IGroup/Reports/VoucherPrint.rpt","Unreferenced exact duplicate with archive-style name/path","QuarantineExactDuplicate"
"Accounts/Reports/IGroup/Reports/Backup/XrayPlainReport (2).rpt","True","cf86aefdfc484f1eb1dda7807fc2c44f3d3cc576","48640","XrayPlainReport (2).rpt","True","Archive-style directory","False","False","","4","IGroup/Reports/Mine/XrayPlainReport.rpt","Unreferenced exact duplicate with archive-style name/path","QuarantineExactDuplicate"
"Accounts/Reports/IGroup/Reports/Backup/XrayPlainReport.rpt","True","cf86aefdfc484f1eb1dda7807fc2c44f3d3cc576","48640","XrayPlainReport.rpt","True","Archive-style directory","False","False","","4","IGroup/Reports/Mine/XrayPlainReport.rpt","Unreferenced exact duplicate with archive-style name/path","QuarantineExactDuplicate"
"Accounts/Reports/IGroup/Reports/BarcodeLabSamplePrinting - Copy.rpt","True","9a5b083f35656c0ad045ca43bea9327098a37e33","17408","BarcodeLabSamplePrinting - Copy.rpt","True","Archive-style filename","False","False","","2","IGroup/Reports/SamplePrintingLab/BarcodeLabSamplePrinting.rpt","Unreferenced exact duplicate with archive-style name/path","QuarantineExactDuplicate"
"Accounts/Reports/IGroup/Reports/BarcodeLabSamplePrinting.rpt","True","7449983bd04af0c65721a338b4e6a56fc086c5b8","17408","BarcodeLabSamplePrinting.rpt","False","","False","False","","2","Accounts/Reports/IGroup/Reports/BarcodeLabSamplePrinting.rpt","Canonical copy retained for exact duplicate group","Retain"
"Accounts/Reports/IGroup/Reports/BarcodeLabSamplePrinting2.rpt","True","43804cb06c6e658e520261b34902a6e12ee5e661","19456","BarcodeLabSamplePrinting2.rpt","False","","False","False","","1","","No static reference found; retained because reports are loaded dynamically","Retain"
"Accounts/Reports/IGroup/Reports/BarcodeLabSamplePrintingBackup.rpt","True","d486c07e1ca3262d7a44daa2afc723152ca85761","17408","BarcodeLabSamplePrintingBackup.rpt","True","Archive-style filename","False","False","","1","","Archive-style filename retained pending runtime validation","Retain"
"Accounts/Reports/IGroup/Reports/BarcodeLabSamplePrintingCode128 - Copy.rpt","True","8ecf66c99eee21798421b67f938fd872556085a7","17920","BarcodeLabSamplePrintingCode128 - Copy.rpt","True","Archive-style filename","False","False","","2","Accounts/Reports/IGroup/Reports/BarcodeLabSamplePrintingCode128.rpt","Unreferenced exact duplicate with archive-style name/path","QuarantineExactDuplicate"
"Accounts/Reports/IGroup/Reports/BarcodeLabSamplePrintingCode128.rpt","True","8ecf66c99eee21798421b67f938fd872556085a7","17920","BarcodeLabSamplePrintingCode128.rpt","False","","False","False","","2","Accounts/Reports/IGroup/Reports/BarcodeLabSamplePrintingCode128.rpt","Canonical copy retained for exact duplicate group","Retain"
"Accounts/Reports/IGroup/Reports/BarcodeLabSamplePrintingOld (2).rpt","True","9bd6dd5e007dfc47034dfc4a33c4c0c102fe4e58","19456","BarcodeLabSamplePrintingOld (2).rpt","True","Archive-style filename","False","False","","3","Accounts/Reports/IGroup/Reports/BarcodeLabSamplePrintingOld (2).rpt","Canonical copy retained for exact duplicate group","Retain"
"Accounts/Reports/IGroup/Reports/BarcodeLabSamplePrintingOld.rpt","True","90d2694833aa8332fcc784c9483e5a010164f6c5","17408","BarcodeLabSamplePrintingOld.rpt","True","Archive-style filename","False","False","","1","","Archive-style filename retained pending runtime validation","Retain"
"Accounts/Reports/IGroup/Reports/BarcodeLabSamplePrintingOriginal - Copy.rpt","True","9bd6dd5e007dfc47034dfc4a33c4c0c102fe4e58","19456","BarcodeLabSamplePrintingOriginal - Copy.rpt","True","Archive-style filename","False","False","","3","Accounts/Reports/IGroup/Reports/BarcodeLabSamplePrintingOld (2).rpt","Unreferenced exact duplicate with archive-style name/path","QuarantineExactDuplicate"
"Accounts/Reports/IGroup/Reports/BarcodeLabSamplePrintingOriginal.rpt","True","9bd6dd5e007dfc47034dfc4a33c4c0c102fe4e58","19456","BarcodeLabSamplePrintingOriginal.rpt","True","Archive-style filename","False","False","","3","Accounts/Reports/IGroup/Reports/BarcodeLabSamplePrintingOld (2).rpt","Unreferenced exact duplicate with archive-style name/path","QuarantineExactDuplicate"
"Accounts/Reports/IGroup/Reports/BarcodeLabSamplePrintingTest.rpt","True","da31ef250978106bac91e97a15da2b4bbe7a6934","17920","BarcodeLabSamplePrintingTest.rpt","True","Archive-style filename","False","False","","1","","Archive-style filename retained pending runtime validation","Retain"
"Accounts/Reports/IGroup/Reports/BarcodeLabSamplePrintingxxxx.rpt","True","56ffef7053dac27e455f0a569a73a3e4e009a59e","17408","BarcodeLabSamplePrintingxxxx.rpt","False","","False","False","","1","","No static reference found; retained because reports are loaded dynamically","Retain"
"Accounts/Reports/IGroup/Reports/BarcodePharmacy2.rpt","True","b48e19887582127622e5ad3c710318e1551ec229","15360","BarcodePharmacy2.rpt","False","","False","False","","1","","No static reference found; retained because reports are loaded dynamically","Retain"
"Accounts/Reports/IGroup/Reports/BestInventoryReport.rpt","True","e303e0c0b871a317642aad49cdba5a1b18561220","15872","BestInventoryReport.rpt","False","","False","False","","3","IGroup/Reports/BestInventoryReport.rpt","Exact duplicate retained pending filename/path validation","Retain"
"Accounts/Reports/IGroup/Reports/BestQtySoldPieGraph.rpt","True","785c25c14ffa07e447a546819bfbc1592ee64f95","57856","BestQtySoldPieGraph.rpt","False","","False","False","","5","IGroup/Reports/BestQtySoldPieGraph.rpt","Exact duplicate retained pending filename/path validation","Retain"
"Accounts/Reports/IGroup/Reports/Cash Income Summary per Cost Center Clinic Only.rpt","True","4f688318dd5f1bcf35ed5c50744b60c1eb20ed9a","226816","Cash Income Summary per Cost Center Clinic Only.rpt","False","","False","False","","2","IGroup/Reports/Cash Income Summary per Cost Center Clinic Only.rpt","Exact duplicate retained pending filename/path validation","Retain"
"Accounts/Reports/IGroup/Reports/Clinic Inventory Report for a given date.rpt","True","fec57a9d7432698885e8dea0e4015f039955a303","110080","Clinic Inventory Report for a given date.rpt","False","","False","False","","2","IGroup/Reports/Clinic Inventory Report for a given date.rpt","Exact duplicate retained pending filename/path validation","Retain"
"Accounts/Reports/IGroup/Reports/ClinicBillPrint - Copy.rpt","True","d557139c8a441b30fdc41997019c1216007e7e81","16384","ClinicBillPrint - Copy.rpt","True","Archive-style filename","False","False","","2","Accounts/Reports/IGroup/Reports/ClinicBillPrint (2).rpt","Unreferenced exact duplicate with archive-style name/path","QuarantineExactDuplicate"
"Accounts/Reports/IGroup/Reports/ClinicBillPrint - Orig.rpt","True","13482fe3afd8387c33c1deb55e2d22aae9fdb36b","14848","ClinicBillPrint - Orig.rpt","False","","False","False","","5","Accounts/Reports/IGroup/Reports/ClinicBillPrint - Orig.rpt","Canonical copy retained for exact duplicate group","Retain"
"Accounts/Reports/IGroup/Reports/ClinicBillPrint (2).rpt","True","d557139c8a441b30fdc41997019c1216007e7e81","16384","ClinicBillPrint (2).rpt","True","Archive-style filename","False","False","","2","Accounts/Reports/IGroup/Reports/ClinicBillPrint (2).rpt","Canonical copy retained for exact duplicate group","Retain"
"Accounts/Reports/IGroup/Reports/ClinicBillPrint.rpt","True","b40aa7220c27bf994abf460fb8e00c6169de9515","226816","ClinicBillPrint.rpt","False","","False","False","","1","","No static reference found; retained because reports are loaded dynamically","Retain"
"Accounts/Reports/IGroup/Reports/ClinicBillPrint1.rpt","True","78939beae2a49372eda970867d6fe53abd949b7c","14336","ClinicBillPrint1.rpt","False","","False","False","","4","Accounts/Reports/IGroup/Reports/ClinicBillPrint1.rpt","Canonical copy retained for exact duplicate group","Retain"
"Accounts/Reports/IGroup/Reports/ClinicBillPrint2.rpt","True","344314192f86627f48974a37b288795a30712419","223744","ClinicBillPrint2.rpt","False","","False","False","","1","","No static reference found; retained because reports are loaded dynamically","Retain"
"Accounts/Reports/IGroup/Reports/ClinicBillPrint22222.rpt","True","0492a0fcaef810d388559b7981a749b4f7dab37f","16384","ClinicBillPrint22222.rpt","False","","False","False","","4","Accounts/Reports/IGroup/Reports/ClinicBillPrintOk.rpt","Exact duplicate retained pending filename/path validation","Retain"
"Accounts/Reports/IGroup/Reports/ClinicBillPrint4.rpt","True","bcc8be23da80b56b705d3b453ac184f4647160b0","14848","ClinicBillPrint4.rpt","False","","False","False","","5","IGroup/Reports/Mine/ClinicBillPrint.rpt","Exact duplicate retained pending filename/path validation","Retain"
"Accounts/Reports/IGroup/Reports/ClinicBillPrintArabic.rpt","True","b5e11018b69dfc7ff659db3e94ccc7b7a261ab95","188928","ClinicBillPrintArabic.rpt","False","","False","False","","2","IGroup/Reports/ClinicBillPrintArabic.rpt","Exact duplicate retained pending filename/path validation","Retain"
"Accounts/Reports/IGroup/Reports/ClinicBillPrintArabicMontlyTotal.rpt","True","f65a3f9d9d1df834d15b2f5738b965357b260b1b","186880","ClinicBillPrintArabicMontlyTotal.rpt","False","","False","False","","2","IGroup/Reports/ClinicBillPrintArabicMontlyTotal.rpt","Exact duplicate retained pending filename/path validation","Retain"
"Accounts/Reports/IGroup/Reports/ClinicBillPrintHorizontalVersionTotal.rpt","True","3a3fe2bdd4b61766b5945114721e6ae420d358d9","223744","ClinicBillPrintHorizontalVersionTotal.rpt","False","","False","False","","1","","No static reference found; retained because reports are loaded dynamically","Retain"
"Accounts/Reports/IGroup/Reports/ClinicBillPrintHorizontalVersionTotal1.rpt","True","6ea0687e36f3a20e12e9c3780af0cf9553c1ebce","223744","ClinicBillPrintHorizontalVersionTotal1.rpt","False","","False","False","","1","","No static reference found; retained because reports are loaded dynamically","Retain"
"Accounts/Reports/IGroup/Reports/ClinicBillPrintLastTestingOk.rpt","True","89787852e40f111a96359b3195b9215ce92d778c","226816","ClinicBillPrintLastTestingOk.rpt","False","","False","False","","1","","No static reference found; retained because reports are loaded dynamically","Retain"
"Accounts/Reports/IGroup/Reports/ClinicBillPrintNew.rpt","True","3d36e52e004df381ee3d7600575d1ea977831a94","223744","ClinicBillPrintNew.rpt","False","","False","False","","1","","No static reference found; retained because reports are loaded dynamically","Retain"
"Accounts/Reports/IGroup/Reports/ClinicBillPrintNewCopy.rpt","True","05dd3849525b0101f842cb36eaf0fcf417cc9712","16896","ClinicBillPrintNewCopy.rpt","True","Archive-style filename","False","False","","1","","Archive-style filename retained pending runtime validation","Retain"
"Accounts/Reports/IGroup/Reports/ClinicBillPrintNewer.rpt","True","766d9d8f4df9ad87cb300a07f517b63b9855144b","16384","ClinicBillPrintNewer.rpt","False","","False","False","","2","Accounts/Reports/IGroup/Reports/ClinicBillPrintNewer.rpt","Canonical copy retained for exact duplicate group","Retain"
"Accounts/Reports/IGroup/Reports/ClinicBillPrintOk.rpt","True","0492a0fcaef810d388559b7981a749b4f7dab37f","16384","ClinicBillPrintOk.rpt","False","","False","False","","4","Accounts/Reports/IGroup/Reports/ClinicBillPrintOk.rpt","Canonical copy retained for exact duplicate group","Retain"
"Accounts/Reports/IGroup/Reports/ClinicBillPrintoK3.rpt","True","3c355b6abb931b669e7170f219e213b4cbc27b5e","16384","ClinicBillPrintoK3.rpt","False","","False","False","","2","Accounts/Reports/IGroup/Reports/ClinicBillPrintoK3.rpt","Canonical copy retained for exact duplicate group","Retain"
"Accounts/Reports/IGroup/Reports/ClinicBillPrintOld.rpt","True","0e262cb2b0083f61c15b793ab89d6caa2557c63e","16384","ClinicBillPrintOld.rpt","True","Archive-style filename","False","False","","5","IGroup/Reports/ClinicBillPrintxxxx.rpt","Unreferenced exact duplicate with archive-style name/path","QuarantineExactDuplicate"
"Accounts/Reports/IGroup/Reports/ClinicBillPrintOLDFORMAT.rpt","True","19cedf3a60a4b56d986dacf58ec6192b4163e6ab","16896","ClinicBillPrintOLDFORMAT.rpt","False","","False","False","","2","Accounts/Reports/IGroup/Reports/ClinicBillPrintOLDFORMAT.rpt","Canonical copy retained for exact duplicate group","Retain"
"Accounts/Reports/IGroup/Reports/ClinicBillPrintOldInvoice.rpt","True","3d49b76efd68bd5e36794e32f480d989a9f3c1bc","16896","ClinicBillPrintOldInvoice.rpt","False","","False","False","","2","Accounts/Reports/IGroup/Reports/ClinicBillPrintOldInvoice.rpt","Canonical copy retained for exact duplicate group","Retain"
"Accounts/Reports/IGroup/Reports/ClinicBillPrintORIGINAL.rpt","True","19cedf3a60a4b56d986dacf58ec6192b4163e6ab","16896","ClinicBillPrintORIGINAL.rpt","True","Archive-style filename","False","False","","2","Accounts/Reports/IGroup/Reports/ClinicBillPrintOLDFORMAT.rpt","Unreferenced exact duplicate with archive-style name/path","QuarantineExactDuplicate"
"Accounts/Reports/IGroup/Reports/ClinicBillPrintx.rpt","True","91c7077b92980bd5d4bbd3438bff4042ed1b8f37","14848","ClinicBillPrintx.rpt","False","","False","False","","6","IGroup/Reports/ClinicBillPrintx.rpt","Exact duplicate retained pending filename/path validation","Retain"
"Accounts/Reports/IGroup/Reports/ClinicBillPrintxxxx.rpt","True","0e262cb2b0083f61c15b793ab89d6caa2557c63e","16384","ClinicBillPrintxxxx.rpt","False","","False","False","","5","IGroup/Reports/ClinicBillPrintxxxx.rpt","Exact duplicate retained pending filename/path validation","Retain"
"Accounts/Reports/IGroup/Reports/ClinicBillPrintZebra.rpt","True","8577750778eee4070c87c78d43a7be7451ac1ff3","18432","ClinicBillPrintZebra.rpt","False","","False","False","","2","IGroup/Reports/ClinicBillPrintZebra.rpt","Exact duplicate retained pending filename/path validation","Retain"
"Accounts/Reports/IGroup/Reports/ClinicCreditStatement - Copy.rpt","True","f8a0d5bb1cf5937cf3a92bfb06157c3b9b0808c6","50176","ClinicCreditStatement - Copy.rpt","True","Archive-style filename","False","False","","6","Accounts/Reports/IGroup/Reports/ClinicCreditStatementOrig.rpt","Unreferenced exact duplicate with archive-style name/path","QuarantineExactDuplicate"
"Accounts/Reports/IGroup/Reports/ClinicCreditStatement.rpt","True","8212b7ed0d69a0350c78398d7f5b87713354059c","55296","ClinicCreditStatement.rpt","False","","False","False","","4","IGroup/Reports/ClinicCreditStatement.rpt","Exact duplicate retained pending filename/path validation","Retain"
"Accounts/Reports/IGroup/Reports/ClinicCreditStatementOrig.rpt","True","f8a0d5bb1cf5937cf3a92bfb06157c3b9b0808c6","50176","ClinicCreditStatementOrig.rpt","False","","False","False","","6","Accounts/Reports/IGroup/Reports/ClinicCreditStatementOrig.rpt","Canonical copy retained for exact duplicate group","Retain"
"Accounts/Reports/IGroup/Reports/ClinicDailyCreditInvoice.rpt","True","7b596a1e72fc023147f14c37bf84cef62f12c0d0","53248","ClinicDailyCreditInvoice.rpt","False","","False","False","","2","IGroup/Reports/ClinicDailyCreditInvoice.rpt","Exact duplicate retained pending filename/path validation","Retain"
"Accounts/Reports/IGroup/Reports/ClinicDailyInvoiceSummaryDoctorWise.rpt","True","0174425d7d13c25c7e890c69d0e53bf8fc3155d1","16896","ClinicDailyInvoiceSummaryDoctorWise.rpt","False","","False","False","","5","IGroup/Reports/ClinicDailyInvoiceSummaryDoctorWise.rpt","Exact duplicate retained pending filename/path validation","Retain"
"Accounts/Reports/IGroup/Reports/ClinicDailyReceptionDoctorWise.rpt","True","e65a7cf009ca7be8ee9f105f15875477c1ccc8fb","51200","ClinicDailyReceptionDoctorWise.rpt","False","","False","False","","7","IGroup/Reports/ClinicDailyReceptionDoctorWise.rpt","Exact duplicate retained pending filename/path validation","Retain"
"Accounts/Reports/IGroup/Reports/ClinicDailyReceptionInvoice.rpt","True","8212b7ed0d69a0350c78398d7f5b87713354059c","55296","ClinicDailyReceptionInvoice.rpt","False","","False","False","","4","IGroup/Reports/ClinicCreditStatement.rpt","Exact duplicate retained pending filename/path validation","Retain"
"Accounts/Reports/IGroup/Reports/ClinicDailyReceptionInvoice1.rpt","True","03ea9d65864db9da0422bee447616d4bfd7e35c8","57344","ClinicDailyReceptionInvoice1.rpt","False","","False","False","","1","","No static reference found; retained because reports are loaded dynamically","Retain"
"Accounts/Reports/IGroup/Reports/ClinicDailyReceptionInvoice3.rpt","True","006f4370e1b9b20d3a1b8f13653e10d0e149c17d","57344","ClinicDailyReceptionInvoice3.rpt","False","","False","False","","1","","No static reference found; retained because reports are loaded dynamically","Retain"
"Accounts/Reports/IGroup/Reports/ClinicDailyReceptionInvoiceIQAMA.rpt","True","05c7de88d51adad7644b19563e94ff251fe32078","19456","ClinicDailyReceptionInvoiceIQAMA.rpt","False","","False","False","","5","IGroup/Reports/ClinicDailyReceptionInvoiceIQAMA.rpt","Exact duplicate retained pending filename/path validation","Retain"
"Accounts/Reports/IGroup/Reports/ClinicDailyReceptionInvoiceNew.rpt","True","e13bccbb64781e4c1fef496d5cc8f6e061113afa","55808","ClinicDailyReceptionInvoiceNew.rpt","False","","False","False","","3","IGroup/Reports/ClinicDailyReceptionInvoiceNew.rpt","Exact duplicate retained pending filename/path validation","Retain"
"Accounts/Reports/IGroup/Reports/ClinicDailyReceptionInvoiceOld.rpt","True","0b87796f5d5b370b10aa4f1086c2f0a30a170864","53760","ClinicDailyReceptionInvoiceOld.rpt","True","Archive-style filename","False","False","","3","IGroup/Reports/ClinicDailyReceptionInvoiceOld.rpt","Unreferenced exact duplicate with archive-style name/path","QuarantineExactDuplicate"
"Accounts/Reports/IGroup/Reports/ClinicDailyReceptionInvoicePerDay.rpt","True","70c2d1e527f307e2eff7a0617cdd6b9d8835a483","53760","ClinicDailyReceptionInvoicePerDay.rpt","False","","False","False","","3","IGroup/Reports/ClinicDailyReceptionInvoicePerDay.rpt","Exact duplicate retained pending filename/path validation","Retain"
"Accounts/Reports/IGroup/Reports/ClinicDailyReceptionInvoiceSummary.rpt","True","e9f3a43575ec66b3f30f0cef4568f6629424fb7b","56832","ClinicDailyReceptionInvoiceSummary.rpt","False","","False","False","","3","IGroup/Reports/ClinicDailyReceptionInvoiceSummary.rpt","Exact duplicate retained pending filename/path validation","Retain"
"Accounts/Reports/IGroup/Reports/ClinicDailyReceptionUserWise.rpt","True","3fe6377f182453034dbc32db30db98a0a94536ae","52736","ClinicDailyReceptionUserWise.rpt","False","","False","False","","6","IGroup/Reports/ClinicDailyReceptionUserWise.rpt","Exact duplicate retained pending filename/path validation","Retain"
"Accounts/Reports/IGroup/Reports/ClinicDailyReceptionUserWise111.rpt","True","8d849ace9ccc803278721c17e7893dd951237b97","51712","ClinicDailyReceptionUserWise111.rpt","False","","False","False","","6","IGroup/Reports/ISP/ATM-ClinicDailyReceptionUserWise111.rpt","Exact duplicate retained pending filename/path validation","Retain"
"Accounts/Reports/IGroup/Reports/ClinicDailyReceptionUserWise3.rpt","True","94c6292fcbea32fda99ad37401ebcf9ed7350c1e","54784","ClinicDailyReceptionUserWise3.rpt","False","","False","False","","7","IGroup/Reports/ClinicDailyReceptionUserWise3.rpt","Exact duplicate retained pending filename/path validation","Retain"
"Accounts/Reports/IGroup/Reports/ClinicDailyReceptionUserWiseNew.rpt","True","dc390381632b268fa60e4331b87775df10257fa3","51200","ClinicDailyReceptionUserWiseNew.rpt","False","","False","False","","4","IGroup/Reports/ClinicDailyReceptionUserWiseNew.rpt","Exact duplicate retained pending filename/path validation","Retain"
"Accounts/Reports/IGroup/Reports/ClinicDateWiseSummaryStatement.rpt","True","e3dfaba698f48c70a3913ef889d4325b233fc10e","49664","ClinicDateWiseSummaryStatement.rpt","False","","False","False","","6","IGroup/Reports/ClinicDateWiseSummaryStatement.rpt","Exact duplicate retained pending filename/path validation","Retain"
"Accounts/Reports/IGroup/Reports/ClinicDateWiseVATStatement.rpt","True","f1c314ba93ef8bda3a9471ccb2edeffcbcfe2d9e","50688","ClinicDateWiseVATStatement.rpt","False","","False","False","","2","IGroup/Reports/ClinicDateWiseVATStatement.rpt","Exact duplicate retained pending filename/path validation","Retain"
"Accounts/Reports/IGroup/Reports/ClinicDoctorWise Per Service.rpt","True","b281551a5acdf96621a40444ea72b176118e2b1b","51200","ClinicDoctorWise Per Service.rpt","False","","False","False","","2","IGroup/Reports/ClinicDoctorWise Per Service.rpt","Exact duplicate retained pending filename/path validation","Retain"
"Accounts/Reports/IGroup/Reports/ClinicDoctorWiseTimeFrame Original Copy.rpt","True","f3ba53fe602280ecc398a569d80e4dd6e4a1c90a","52224","ClinicDoctorWiseTimeFrame Original Copy.rpt","True","Archive-style filename","False","False","","2","IGroup/Reports/ClinicDoctorWiseTimeFrame Original Copy.rpt","Unreferenced exact duplicate with archive-style name/path","QuarantineExactDuplicate"
"Accounts/Reports/IGroup/Reports/ClinicDoctorWiseTimeFrame.rpt","True","9856fb42fc65ef4229c9089896df489f7b79374d","52224","ClinicDoctorWiseTimeFrame.rpt","False","","False","False","","2","IGroup/Reports/ClinicDoctorWiseTimeFrame.rpt","Exact duplicate retained pending filename/path validation","Retain"
"Accounts/Reports/IGroup/Reports/ClinicDoctorWiseTimeFrame2.rpt","True","b5fe86b0c42600af0675e430df6fd75631a421f1","54272","ClinicDoctorWiseTimeFrame2.rpt","False","","False","False","","2","IGroup/Reports/ClinicDoctorWiseTimeFrame2.rpt","Exact duplicate retained pending filename/path validation","Retain"
"Accounts/Reports/IGroup/Reports/ClinicDoctorWiseTimeFrameOrig.rpt","True","d0b2e767ec0127c473587df166bf7562828e557b","54272","ClinicDoctorWiseTimeFrameOrig.rpt","False","","False","False","","2","IGroup/Reports/ClinicDoctorWiseTimeFrameOrig.rpt","Exact duplicate retained pending filename/path validation","Retain"
"Accounts/Reports/IGroup/Reports/ClinicDoctorWiseTimeFrameTrial.rpt","True","2f35d31ab3046ab91484666c1bbf25fd0be37e52","51712","ClinicDoctorWiseTimeFrameTrial.rpt","True","Archive-style filename","False","False","","2","IGroup/Reports/ClinicDoctorWiseTimeFrameTrial.rpt","Unreferenced exact duplicate with archive-style name/path","QuarantineExactDuplicate"
"Accounts/Reports/IGroup/Reports/ClinicIBCombinedUserWiseDetailedStatement.rpt","True","93fb07cb522dcef5570d3371d1bac5bd5528f5ce","52224","ClinicIBCombinedUserWiseDetailedStatement.rpt","False","","False","False","","3","IGroup/Reports/ClinicIBCombinedUserWiseDetailedStatement.rpt","Exact duplicate retained pending filename/path validation","Retain"
"Accounts/Reports/IGroup/Reports/ClinicIBCombinedUserWiseSummary.rpt","True","3058756bd91b3c69673bb1c63b00df0248dc3d2a","52224","ClinicIBCombinedUserWiseSummary.rpt","False","","False","False","","3","IGroup/Reports/ClinicIBCombinedUserWiseSummary.rpt","Exact duplicate retained pending filename/path validation","Retain"
"Accounts/Reports/IGroup/Reports/ClinicInvoiceWiseVATSummaryStatement.rpt","True","0aeee2e7017f0e65a29f29cade4a5cdd06ccfd0f","51712","ClinicInvoiceWiseVATSummaryStatement.rpt","False","","False","False","","2","IGroup/Reports/ClinicInvoiceWiseVATSummaryStatement.rpt","Exact duplicate retained pending filename/path validation","Retain"
"Accounts/Reports/IGroup/Reports/ClinicInvoiceWiseVATSummaryStatementNew.rpt","True","258a299c3f23e12ac32a874f3d820443622b7f32","53760","ClinicInvoiceWiseVATSummaryStatementNew.rpt","False","","False","False","","2","IGroup/Reports/ClinicInvoiceWiseVATSummaryStatementNew.rpt","Exact duplicate retained pending filename/path validation","Retain"
"Accounts/Reports/IGroup/Reports/ClinicPatientProfile.rpt","True","447184ffcf01ea733c730163a80ddfefaf855f6a","52224","ClinicPatientProfile.rpt","False","","False","False","","2","Accounts/Reports/IGroup/Reports/ClinicPatientProfile.rpt","Canonical copy retained for exact duplicate group","Retain"
"Accounts/Reports/IGroup/Reports/ClinicReceptionCollection.rpt","True","8d6a00486004acfdfdb3d2857ee2426094f24ed7","53760","ClinicReceptionCollection.rpt","False","","False","False","","5","IGroup/Reports/ClinicReceptionCollection.rpt","Exact duplicate retained pending filename/path validation","Retain"
"Accounts/Reports/IGroup/Reports/ClinicServiceWiseSalesHistory.rpt","True","894a5242276ecfc0b8fab3e2357ff97abcb2c7d4","89600","ClinicServiceWiseSalesHistory.rpt","False","","False","False","","4","Accounts/Reports/IGroup/Reports/ClinicServiceWiseSalesHistory.rpt","Canonical copy retained for exact duplicate group","Retain"
"Accounts/Reports/IGroup/Reports/ClinicServiceWiseSummary.rpt","True","3d91d078858fb3aecf4a5104b18f0c3f9234063f","15360","ClinicServiceWiseSummary.rpt","False","","False","False","","5","IGroup/Reports/ClinicServiceWiseSummary.rpt","Exact duplicate retained pending filename/path validation","Retain"
"Accounts/Reports/IGroup/Reports/Combined Income Report.rpt","True","5d1ea86c08ebb2433d395bde7d1feaddf99409f0","91136","Combined Income Report.rpt","False","","False","False","","3","IGroup/Reports/Combined Income Report.rpt","Exact duplicate retained pending filename/path validation","Retain"
"Accounts/Reports/IGroup/Reports/Combined Income Summary per Cost Center (No Pharmacy) New.rpt","True","4b46cdc91a0b879ccc8ad4125daa34d39cdf1479","55808","Combined Income Summary per Cost Center (No Pharmacy) New.rpt","False","","False","False","","1","","No static reference found; retained because reports are loaded dynamically","Retain"
"Accounts/Reports/IGroup/Reports/Combined Income Summary per Cost Center (No Pharmacy) Newl.rpt","True","d5612d206dd9d57d22dbf43945aafae6aed7a742","55808","Combined Income Summary per Cost Center (No Pharmacy) Newl.rpt","False","","False","False","","1","","No static reference found; retained because reports are loaded dynamically","Retain"
"Accounts/Reports/IGroup/Reports/Combined Income Summary per Cost Center (No Pharmacy) Test.rpt","True","2f1871c6e56fed195be27e7da7082bd3b9a42fda","54272","Combined Income Summary per Cost Center (No Pharmacy) Test.rpt","True","Archive-style filename","False","False","","1","","Archive-style filename retained pending runtime validation","Retain"
"Accounts/Reports/IGroup/Reports/Combined Income Summary per Cost Center (No Pharmacy) Trial Test.rpt","True","22c30772bd69a5af8e3d5952e2c2aca8f34e7be2","54272","Combined Income Summary per Cost Center (No Pharmacy) Trial Test.rpt","True","Archive-style filename","False","False","","1","","Archive-style filename retained pending runtime validation","Retain"
"Accounts/Reports/IGroup/Reports/Combined Income Summary per Cost Center (No Pharmacy) Trial.rpt","True","5bd564ef66893d2ec1d015b5df3bac611dc6aead","53760","Combined Income Summary per Cost Center (No Pharmacy) Trial.rpt","True","Archive-style filename","False","False","","1","","Archive-style filename retained pending runtime validation","Retain"
"Accounts/Reports/IGroup/Reports/Combined Income Summary per Cost Center (No Pharmacy).rpt","True","137513f7c8c268c8645ec2068cbffb179694d1df","53760","Combined Income Summary per Cost Center (No Pharmacy).rpt","False","","False","False","","1","","No static reference found; retained because reports are loaded dynamically","Retain"
"Accounts/Reports/IGroup/Reports/Combined Income Summary per Cost Center (Pharmacy).rpt","True","f124a694858bc952eef783d356c3151281204e87","55808","Combined Income Summary per Cost Center (Pharmacy).rpt","False","","False","False","","1","","No static reference found; retained because reports are loaded dynamically","Retain"
"Accounts/Reports/IGroup/Reports/Combined Income Summary per Cost Center Clinic Only.rpt","True","c580d786fb6b194f4c18fd23a7383355b10a267c","53760","Combined Income Summary per Cost Center Clinic Only.rpt","False","","False","False","","2","IGroup/Reports/Combined Income Summary per Cost Center Clinic Only.rpt","Exact duplicate retained pending filename/path validation","Retain"
"Accounts/Reports/IGroup/Reports/Combined Income Summary per Cost Center New withot Pharmacy.rpt","True","e048acd1be30e907311d94c8f7ffcd230eb7aa4b","54784","Combined Income Summary per Cost Center New withot Pharmacy.rpt","False","","False","False","","2","IGroup/Reports/Combined Income Summary per Cost Center New withot Pharmacy.rpt","Exact duplicate retained pending filename/path validation","Retain"
"Accounts/Reports/IGroup/Reports/Combined Income Summary per Cost Center.rpt","True","19d0482488862b44d8430635f7b6a2fa6906524a","54784","Combined Income Summary per Cost Center.rpt","False","","False","False","","2","IGroup/Reports/Combined Income Summary per Cost Center.rpt","Exact duplicate retained pending filename/path validation","Retain"
"Accounts/Reports/IGroup/Reports/Combined Vat Summary Report Small Font per month Cash Only.rpt","True","df5eda50676cab724c00c3c9d299761954a855fa","53760","Combined Vat Summary Report Small Font per month Cash Only.rpt","False","","False","False","","2","IGroup/Reports/Combined Vat Summary Report Small Font per month Cash Only.rpt","Exact duplicate retained pending filename/path validation","Retain"
"Accounts/Reports/IGroup/Reports/Combined Vat Summary Report Small Font per month.rpt","True","85aecf20a3a8f33e58e4bfa1b8e005881a255776","51712","Combined Vat Summary Report Small Font per month.rpt","False","","False","False","","2","IGroup/Reports/Combined Vat Summary Report Small Font per month.rpt","Exact duplicate retained pending filename/path validation","Retain"
"Accounts/Reports/IGroup/Reports/Combined Vat Summary Report Small Font.rpt","True","deeb116d0760abf770eb86e19680c9b3f5513cf6","51200","Combined Vat Summary Report Small Font.rpt","False","","False","False","","2","IGroup/Reports/Combined Vat Summary Report Small Font.rpt","Exact duplicate retained pending filename/path validation","Retain"
"Accounts/Reports/IGroup/Reports/Combined Vat Summary Report.rpt","True","69f8f34113ee56aea1fe7a18279b539f66683348","51200","Combined Vat Summary Report.rpt","False","","False","False","","2","IGroup/Reports/Combined Vat Summary Report.rpt","Exact duplicate retained pending filename/path validation","Retain"
"Accounts/Reports/IGroup/Reports/CombinedISByDoctor.rpt","True","90431d5b7343ff7a21dd740745a6c47ee2f5e3fb","87552","CombinedISByDoctor.rpt","False","","False","False","","5","IGroup/Reports/CombinedISByDoctor.rpt","Exact duplicate retained pending filename/path validation","Retain"
"Accounts/Reports/IGroup/Reports/CombinedReportDateWise.rpt","True","a08f76c8498ec9f96721e60e39713d1c4cca8f5f","49152","CombinedReportDateWise.rpt","False","","False","False","","2","IGroup/Reports/CombinedReportDateWise.rpt","Exact duplicate retained pending filename/path validation","Retain"
"Accounts/Reports/IGroup/Reports/CombinedSummaryStatementDateWise Latest.rpt","True","56a87b496e14af22c81576ea4dab7f7807194822","57856","CombinedSummaryStatementDateWise Latest.rpt","True","Archive-style filename","False","False","","2","IGroup/Reports/CombinedSummaryStatementDateWise Latest.rpt","Unreferenced exact duplicate with archive-style name/path","QuarantineExactDuplicate"
"Accounts/Reports/IGroup/Reports/CombinedSummaryStatementDateWise New.rpt","True","3ed2f8711a87aff355a58c50be368dbbbde4e192","56320","CombinedSummaryStatementDateWise New.rpt","False","","False","False","","2","IGroup/Reports/CombinedSummaryStatementDateWise New.rpt","Exact duplicate retained pending filename/path validation","Retain"
"Accounts/Reports/IGroup/Reports/CombinedSummaryStatementDateWise Newer.rpt","True","a1e171bbcc74b0fd204c08c9c6538a23f92c6327","57856","CombinedSummaryStatementDateWise Newer.rpt","False","","False","False","","2","IGroup/Reports/CombinedSummaryStatementDateWise Newer.rpt","Exact duplicate retained pending filename/path validation","Retain"
"Accounts/Reports/IGroup/Reports/CombinedSummaryStatementDateWise Old.rpt","True","06a4933d0528008f871804b8b7b7762794f30b83","51712","CombinedSummaryStatementDateWise Old.rpt","True","Archive-style filename","False","False","","2","IGroup/Reports/CombinedSummaryStatementDateWise Old.rpt","Unreferenced exact duplicate with archive-style name/path","QuarantineExactDuplicate"
"Accounts/Reports/IGroup/Reports/CombinedSummaryStatementDateWise Orig.rpt","True","c109bcf753a960c240aee326286be322fd600977","51200","CombinedSummaryStatementDateWise Orig.rpt","False","","False","False","","2","IGroup/Reports/CombinedSummaryStatementDateWise Orig.rpt","Exact duplicate retained pending filename/path validation","Retain"
"Accounts/Reports/IGroup/Reports/CombinedSummaryStatementDateWise Summary Latest.rpt","True","97fd9576dd1c89d6592b6fca349f06b538969034","57856","CombinedSummaryStatementDateWise Summary Latest.rpt","True","Archive-style filename","False","False","","2","IGroup/Reports/CombinedSummaryStatementDateWise Summary Latest.rpt","Unreferenced exact duplicate with archive-style name/path","QuarantineExactDuplicate"
"Accounts/Reports/IGroup/Reports/CombinedSummaryStatementDateWise WITH ADJUSTMENT.rpt","True","cb2cf34f5dc584737d1f41147d5bd6f172f4be0b","49664","CombinedSummaryStatementDateWise WITH ADJUSTMENT.rpt","False","","False","False","","2","IGroup/Reports/CombinedSummaryStatementDateWise WITH ADJUSTMENT.rpt","Exact duplicate retained pending filename/path validation","Retain"
"Accounts/Reports/IGroup/Reports/CombinedSummaryStatementDateWise.rpt","True","05a08b966ae6b2280445f7458ab2ee37670be8b5","49152","CombinedSummaryStatementDateWise.rpt","False","","False","False","","2","IGroup/Reports/CombinedSummaryStatementDateWise.rpt","Exact duplicate retained pending filename/path validation","Retain"
"Accounts/Reports/IGroup/Reports/CombinedSummaryStatementDateWiseAdjusted.rpt","True","6f18e7bfc063d1801c5c11086d2b706d0f239902","50688","CombinedSummaryStatementDateWiseAdjusted.rpt","False","","False","False","","2","IGroup/Reports/CombinedSummaryStatementDateWiseAdjusted.rpt","Exact duplicate retained pending filename/path validation","Retain"
"Accounts/Reports/IGroup/Reports/CombinedSummaryStatementDateWiseOld.rpt","True","9d706acc4278e48ff79eca1be8d1b387bacad32f","52224","CombinedSummaryStatementDateWiseOld.rpt","True","Archive-style filename","False","False","","4","IGroup/Reports/CombinedSummaryStatementDateWiseOld.rpt","Unreferenced exact duplicate with archive-style name/path","QuarantineExactDuplicate"
"Accounts/Reports/IGroup/Reports/CompanyStatement Orig.rpt","True","2dec893616858cb12b4dc6ddca6d570c410d9ce7","55296","CompanyStatement Orig.rpt","False","","False","False","","2","IGroup/Reports/CompanyStatement Orig.rpt","Exact duplicate retained pending filename/path validation","Retain"
"Accounts/Reports/IGroup/Reports/CompanyStatement.rpt","True","fefb980bdd4e60087a21f3dbb3c1df5325bd2224","53248","CompanyStatement.rpt","False","","False","False","","2","IGroup/Reports/CompanyStatement.rpt","Exact duplicate retained pending filename/path validation","Retain"
"Accounts/Reports/IGroup/Reports/CompanyStatement2.rpt","True","43838f7ce44db97debdef0dd65932a5ae8760a96","21504","CompanyStatement2.rpt","False","","False","False","","2","IGroup/Reports/CompanyStatement2.rpt","Exact duplicate retained pending filename/path validation","Retain"
"Accounts/Reports/IGroup/Reports/CompanyStatementDateWise.rpt","True","0c2eb26da177f6054d0e926ecebfc89dd38932e0","53760","CompanyStatementDateWise.rpt","False","","False","False","","2","IGroup/Reports/CompanyStatementDateWise.rpt","Exact duplicate retained pending filename/path validation","Retain"
"Accounts/Reports/IGroup/Reports/CompanyStatementOrig.rpt","True","6f1de245812576d28e1ac702905552969c9b8191","55296","CompanyStatementOrig.rpt","False","","False","False","","2","IGroup/Reports/CompanyStatementOrig.rpt","Exact duplicate retained pending filename/path validation","Retain"
"Accounts/Reports/IGroup/Reports/ConsumptionView.rpt","True","492787bcda21584a10a349136e02afdd9868842d","2199552","ConsumptionView.rpt","False","","False","False","","2","IGroup/Reports/ConsumptionView.rpt","Exact duplicate retained pending filename/path validation","Retain"
"Accounts/Reports/IGroup/Reports/Copy of ClinicBillPrint.rpt","True","c5b50b539c4bc22961c22a8e97cbe45fe576a8f9","14336","Copy of ClinicBillPrint.rpt","False","","False","False","","10","IGroup/Reports/InsClinicBillPrint.rpt","Exact duplicate retained pending filename/path validation","Retain"
"Accounts/Reports/IGroup/Reports/Credit Income Summary per Cost Center Clinic Only Comparative Monthly.rpt","True","bb2eecb5790261bc259732948cb01f498ecc0069","64512","Credit Income Summary per Cost Center Clinic Only Comparative Monthly.rpt","False","","False","False","","2","IGroup/Reports/Credit Income Summary per Cost Center Clinic Only Comparative Monthly.rpt","Exact duplicate retained pending filename/path validation","Retain"
"Accounts/Reports/IGroup/Reports/Credit Income Summary per Cost Center Clinic Only.rpt","True","a9ac2d1531ee26d68d4a725cf7617e59c4a65ed2","226816","Credit Income Summary per Cost Center Clinic Only.rpt","False","","False","False","","2","IGroup/Reports/Credit Income Summary per Cost Center Clinic Only.rpt","Exact duplicate retained pending filename/path validation","Retain"
"Accounts/Reports/IGroup/Reports/Credit Income Summary per Cost Center per Department Total.rpt","True","cb1546285c5d1d6004a9eab06819278ce8fbdadf","70144","Credit Income Summary per Cost Center per Department Total.rpt","False","","False","False","","2","IGroup/Reports/Credit Income Summary per Cost Center per Department Total.rpt","Exact duplicate retained pending filename/path validation","Retain"
"Accounts/Reports/IGroup/Reports/Credit Income Summary per Cost Center per Department.rpt","True","edc6a34ff4c272856dfc9f7aa6a20e9011848714","73216","Credit Income Summary per Cost Center per Department.rpt","False","","False","False","","2","IGroup/Reports/Credit Income Summary per Cost Center per Department.rpt","Exact duplicate retained pending filename/path validation","Retain"
"Accounts/Reports/IGroup/Reports/CreditCoMonthlySubmission New.rpt","True","05e57d178e5b24c2770954da57ca82121c174e7f","55296","CreditCoMonthlySubmission New.rpt","False","","False","False","","2","IGroup/Reports/CreditCoMonthlySubmission New.rpt","Exact duplicate retained pending filename/path validation","Retain"
"Accounts/Reports/IGroup/Reports/CreditCoMonthlySubmission Orig.rpt","True","5d30f6f110eaabc96e8a16659082bb1099f27021","54784","CreditCoMonthlySubmission Orig.rpt","False","","False","False","","2","IGroup/Reports/CreditCoMonthlySubmission Orig.rpt","Exact duplicate retained pending filename/path validation","Retain"
"Accounts/Reports/IGroup/Reports/CreditCoMonthlySubmission(Manual).rpt","True","f109e66e814313cb7187a2b7811f19caffcfa602","55808","CreditCoMonthlySubmission(Manual).rpt","False","","False","False","","2","IGroup/Reports/CreditCoMonthlySubmission(Manual).rpt","Exact duplicate retained pending filename/path validation","Retain"
"Accounts/Reports/IGroup/Reports/CreditCoMonthlySubmission(Orig).rpt","True","9b72930aaf946e46dc67f475d2a1a881fd5fea0f","55808","CreditCoMonthlySubmission(Orig).rpt","False","","False","False","","2","IGroup/Reports/CreditCoMonthlySubmission(Orig).rpt","Exact duplicate retained pending filename/path validation","Retain"
"Accounts/Reports/IGroup/Reports/CreditCoMonthlySubmission.rpt","True","2b4aa7264450236fb5545251ccc06ca65f14f44f","53760","CreditCoMonthlySubmission.rpt","False","","False","False","","1","","No static reference found; retained because reports are loaded dynamically","Retain"
"Accounts/Reports/IGroup/Reports/CreditCoMonthlySubmission2.rpt","True","51c997dcf54b1d5a0e48f85268e061d4d9a3cad9","53248","CreditCoMonthlySubmission2.rpt","False","","False","False","","2","IGroup/Reports/CreditCoMonthlySubmission2.rpt","Exact duplicate retained pending filename/path validation","Retain"
"Accounts/Reports/IGroup/Reports/CreditCoMonthlySubmission4.rpt","True","a9686e8dfe3c1c6266272bee212f0491195f3128","53248","CreditCoMonthlySubmission4.rpt","False","","False","False","","2","IGroup/Reports/CreditCoMonthlySubmission4.rpt","Exact duplicate retained pending filename/path validation","Retain"
"Accounts/Reports/IGroup/Reports/CreditCoMonthlySubmissionOk.rpt","True","134e7d623a31beac094fdf49eb61a5ff915138a3","57344","CreditCoMonthlySubmissionOk.rpt","False","","False","False","","2","IGroup/Reports/CreditCoMonthlySubmissionOk.rpt","Exact duplicate retained pending filename/path validation","Retain"
"Accounts/Reports/IGroup/Reports/CreditCoMonthlySubmissionOrig.rpt","True","103d2fb2f57dbd7352c99c8fa62dc6158c9a84b1","52736","CreditCoMonthlySubmissionOrig.rpt","False","","False","False","","3","IGroup/Reports/CreditCoMonthlySubmissionOrig.rpt","Exact duplicate retained pending filename/path validation","Retain"
"Accounts/Reports/IGroup/Reports/CreditCoMonthlySubmissionSummary.rpt","True","b3da9e5c98e9e6a4231f20a5dfe5684887c333f8","53248","CreditCoMonthlySubmissionSummary.rpt","False","","False","False","","2","IGroup/Reports/CreditCoMonthlySubmissionSummary.rpt","Exact duplicate retained pending filename/path validation","Retain"
"Accounts/Reports/IGroup/Reports/CreditCoMonthlySubmissionSummaryOrig2.rpt","True","8e8e1c41b276b95c735a51e8adc3a6c149cdaf79","52736","CreditCoMonthlySubmissionSummaryOrig2.rpt","False","","False","False","","2","IGroup/Reports/CreditCoMonthlySubmissionSummaryOrig2.rpt","Exact duplicate retained pending filename/path validation","Retain"
"Accounts/Reports/IGroup/Reports/CreditCoMonthlySubmissionSummarywithoutvat.rpt","True","c64820410bdf93518b2db25e679ce412a007c551","54784","CreditCoMonthlySubmissionSummarywithoutvat.rpt","False","","False","False","","2","IGroup/Reports/CreditCoMonthlySubmissionSummarywithoutvat.rpt","Exact duplicate retained pending filename/path validation","Retain"
"Accounts/Reports/IGroup/Reports/CreditCoMonthlySubmissionTest.rpt","True","ad0e0c400f0276a52222029f9fdb9b580322bafe","53248","CreditCoMonthlySubmissionTest.rpt","True","Archive-style filename","False","False","","1","","Archive-style filename retained pending runtime validation","Retain"
"Accounts/Reports/IGroup/Reports/CreditCoMonthlySubmissionwithvat.rpt","True","d12742debb5d3ec0052e8a74b19fc22f4e0beb93","52736","CreditCoMonthlySubmissionwithvat.rpt","False","","False","False","","2","IGroup/Reports/CreditCoMonthlySubmissionwithvat.rpt","Exact duplicate retained pending filename/path validation","Retain"
"Accounts/Reports/IGroup/Reports/CreditCoMonthlySubmissionwovat.rpt","True","a69924d4c39643442fd82e57ebf79813e8b28cbf","54784","CreditCoMonthlySubmissionwovat.rpt","False","","False","False","","2","IGroup/Reports/CreditCoMonthlySubmissionwovat.rpt","Exact duplicate retained pending filename/path validation","Retain"
"Accounts/Reports/IGroup/Reports/CreditDailyStatementReport.rpt","True","ccdcce2e744567f9ff396bbfcc0b43bc57527ec5","54272","CreditDailyStatementReport.rpt","False","","False","False","","2","IGroup/Reports/CreditDailyStatementReport.rpt","Exact duplicate retained pending filename/path validation","Retain"
"Accounts/Reports/IGroup/Reports/Daily Income Report.rpt","True","aa258953d4720e89a4dabe235fe3d46cfac863db","53248","Daily Income Report.rpt","False","","False","False","","3","IGroup/Reports/Daily Income Report.rpt","Exact duplicate retained pending filename/path validation","Retain"
"Accounts/Reports/IGroup/Reports/DailyReportDoctorWisePatients.rpt","True","fcdf86e64fe55240f9fab26419391abdc45374ed","51712","DailyReportDoctorWisePatients.rpt","False","","False","False","","2","IGroup/Reports/DailyReportDoctorWisePatients.rpt","Exact duplicate retained pending filename/path validation","Retain"
"Accounts/Reports/IGroup/Reports/DateWiseDutyDone.rpt","True","1cf72c4bc72937293e2dc3603ee891edc4d75182","18432","DateWiseDutyDone.rpt","False","","False","False","","5","IGroup/Reports/DateWiseDutyDone.rpt","Exact duplicate retained pending filename/path validation","Retain"
"Accounts/Reports/IGroup/Reports/DateWiseDutyDone1.rpt","True","2682118585eef82c7d52f8c6b67f4d5f5ebb70b0","17920","DateWiseDutyDone1.rpt","False","","False","False","","5","IGroup/Reports/DateWiseDutyDone1.rpt","Exact duplicate retained pending filename/path validation","Retain"
"Accounts/Reports/IGroup/Reports/DCBillPrint - Copy (2).rpt","True","e9b88b5e4b68b46aa6fdbab6fdef9bc3c9d5f24f","19968","DCBillPrint - Copy (2).rpt","True","Archive-style filename","False","False","","1","","Archive-style filename retained pending runtime validation","Retain"
"Accounts/Reports/IGroup/Reports/DCBillPrint - Copy.rpt","True","4450b08c34d2015a7d16c2d50059589c50ce017c","17408","DCBillPrint - Copy.rpt","True","Archive-style filename","False","False","","2","Accounts/Reports/IGroup/Reports/DCBillPrint - Copy.rpt","Canonical copy retained for exact duplicate group","Retain"
"Accounts/Reports/IGroup/Reports/DCBillPrint.rpt","True","7f381a8a5cfd865cd698fd2dab0be0c0c04b2eb9","12445184","DCBillPrint.rpt","False","","False","True","Accounts/Reports/IGroup/DCBillPrint.vb:30; Accounts/Accounts.vbproj:1812; Accounts/Accounts.vbproj:2674","1","","Protected by static or project reference","Retain"
"Accounts/Reports/IGroup/Reports/DCBillPrint2.rpt","True","7ad89b5fb7f756399d5da36b740b3166c9702e2e","15360","DCBillPrint2.rpt","False","","False","False","","2","Accounts/Reports/IGroup/Reports/DCBillPrint2.rpt","Canonical copy retained for exact duplicate group","Retain"
"Accounts/Reports/IGroup/Reports/DCBillPrintNew.rpt","True","b9dbcab9023bf71f6a754f1adb173358b9a47b92","222720","DCBillPrintNew.rpt","False","","False","False","","1","","No static reference found; retained because reports are loaded dynamically","Retain"
"Accounts/Reports/IGroup/Reports/DCBillPrintOK.rpt","True","dbcf2b3c253f7a26cb0945b6e0f6ddc78d81d0ff","18432","DCBillPrintOK.rpt","False","","False","False","","2","Accounts/Reports/IGroup/Reports/DCBillPrintOK.rpt","Canonical copy retained for exact duplicate group","Retain"
"Accounts/Reports/IGroup/Reports/DCBillPrintOK2.rpt","True","0c5c28a1d73479ed8aaff3097b6f507c8980527d","18432","DCBillPrintOK2.rpt","False","","False","False","","2","Accounts/Reports/IGroup/Reports/DCBillPrintOK2.rpt","Canonical copy retained for exact duplicate group","Retain"
"Accounts/Reports/IGroup/Reports/DCBillPrintoK3.rpt","True","56640329625dccd29f92e87d96b2589e9cbc15a6","16384","DCBillPrintoK3.rpt","False","","False","False","","2","Accounts/Reports/IGroup/Reports/DCBillPrintoK3.rpt","Canonical copy retained for exact duplicate group","Retain"
"Accounts/Reports/IGroup/Reports/DCBillPrintOld.rpt","True","ca426dc27e79412d60802ad35c7dd03a2aafa860","221696","DCBillPrintOld.rpt","True","Archive-style filename","False","False","","1","","Archive-style filename retained pending runtime validation","Retain"
"Accounts/Reports/IGroup/Reports/DCBillPrintOLDFORMAT.rpt","True","738d50ef9b46a7b41c8ea04ef68cb7e8d85544ec","19456","DCBillPrintOLDFORMAT.rpt","False","","False","False","","2","Accounts/Reports/IGroup/Reports/DCBillPrintOLDFORMAT.rpt","Canonical copy retained for exact duplicate group","Retain"
"Accounts/Reports/IGroup/Reports/DCBillPrintOldInvoice.rpt","True","5343aac3f65aaa3143b8da0ac5c9315f41673dc5","17920","DCBillPrintOldInvoice.rpt","False","","False","False","","1","","No static reference found; retained because reports are loaded dynamically","Retain"
"Accounts/Reports/IGroup/Reports/DCBillPrintOrig.rpt","True","061b5153fac9a1c5446585486c86b0d00713e6d0","15872","DCBillPrintOrig.rpt","False","","False","False","","2","Accounts/Reports/IGroup/Reports/DCBillPrintOrig.rpt","Canonical copy retained for exact duplicate group","Retain"
"Accounts/Reports/IGroup/Reports/DCBillPrintORIGINAL.rpt","True","625abb433a43d9bc5009c6bcf065ca16c2d7eb18","17408","DCBillPrintORIGINAL.rpt","True","Archive-style filename","False","False","","1","","Archive-style filename retained pending runtime validation","Retain"
"Accounts/Reports/IGroup/Reports/DCBillPrintOriginalHalfLetterSize.rpt","True","738d50ef9b46a7b41c8ea04ef68cb7e8d85544ec","19456","DCBillPrintOriginalHalfLetterSize.rpt","False","","False","False","","2","Accounts/Reports/IGroup/Reports/DCBillPrintOLDFORMAT.rpt","Exact duplicate retained pending filename/path validation","Retain"
"Accounts/Reports/IGroup/Reports/DCBillPrintQR.rpt","True","f83a9d766e45d1cf5ba06197051cbcf67ef8554a","220672","DCBillPrintQR.rpt","False","","False","False","","2","IGroup/Reports/DCBillPrintQR.rpt","Exact duplicate retained pending filename/path validation","Retain"
"Accounts/Reports/IGroup/Reports/DCBillPrintTest.rpt","True","eaa68c5fe1f208b2516d9bcfe1a3b5af2a1c0c3e","18432","DCBillPrintTest.rpt","True","Archive-style filename","False","False","","2","Accounts/Reports/IGroup/Reports/DCBillPrintTest.rpt","Canonical copy retained for exact duplicate group","Retain"
"Accounts/Reports/IGroup/Reports/DCDriverLicenseForm.rpt","True","5748bcce8fff7afbff358cafb28946176fe76caf","16896","DCDriverLicenseForm.rpt","False","","False","False","","2","IGroup/Reports/DCDriverLicenseForm.rpt","Exact duplicate retained pending filename/path validation","Retain"
"Accounts/Reports/IGroup/Reports/DCHealthCardForm.rpt","True","2ec304d068f8d7fbd15d2e44d1126d37bc08cece","15872","DCHealthCardForm.rpt","False","","False","False","","2","IGroup/Reports/DCHealthCardForm.rpt","Exact duplicate retained pending filename/path validation","Retain"
"Accounts/Reports/IGroup/Reports/DCIqamaForm.rpt","True","f0b2238ae18e0d0b35eba15b9fb23742fa11de61","14848","DCIqamaForm.rpt","False","","False","False","","1","","No static reference found; retained because reports are loaded dynamically","Retain"
"Accounts/Reports/IGroup/Reports/DCMedicalReportForm.rpt","True","1a9d9229cb24a4af77dab4ff104de384b2f0c0e7","14336","DCMedicalReportForm.rpt","False","","False","False","","2","IGroup/Reports/DCMedicalReportForm.rpt","Exact duplicate retained pending filename/path validation","Retain"
"Accounts/Reports/IGroup/Reports/DCMedicalReportFormBackup.rpt","True","3161871dd31782e8ea56b0de0c5866cf458692a3","46592","DCMedicalReportFormBackup.rpt","True","Archive-style filename","False","False","","4","IGroup/Reports/DCMedicalReportFormBackup.rpt","Unreferenced exact duplicate with archive-style name/path","QuarantineExactDuplicate"
"Accounts/Reports/IGroup/Reports/DCMedicalReportFormOriginal.rpt","True","3161871dd31782e8ea56b0de0c5866cf458692a3","46592","DCMedicalReportFormOriginal.rpt","True","Archive-style filename","False","False","","4","IGroup/Reports/DCMedicalReportFormBackup.rpt","Unreferenced exact duplicate with archive-style name/path","QuarantineExactDuplicate"
"Accounts/Reports/IGroup/Reports/DCOtherServices.rpt","True","8ff252b106091e8545de949dfbd32879a875e979","14336","DCOtherServices.rpt","False","","False","False","","2","IGroup/Reports/DCOtherServices.rpt","Exact duplicate retained pending filename/path validation","Retain"
"Accounts/Reports/IGroup/Reports/DCR.rpt","True","430bcc917974ca9880a07c6d9dbfb436e05cc267","18432","DCR.rpt","False","","False","False","","5","IGroup/Reports/DCR.rpt","Exact duplicate retained pending filename/path validation","Retain"
"Accounts/Reports/IGroup/Reports/DiagnosisCenter.rpt","True","f58cd5ab490f913cc6fbfcb941c54b2cf56ea442","11776","DiagnosisCenter.rpt","False","","False","False","","5","IGroup/Reports/DiagnosisCenter.rpt","Exact duplicate retained pending filename/path validation","Retain"
"Accounts/Reports/IGroup/Reports/DiagnosisTests Done for a given Period.rpt","True","691ba343eb2f608fdcab7531bd72f691251ae585","144384","DiagnosisTests Done for a given Period.rpt","False","","False","False","","2","IGroup/Reports/DiagnosisTests Done for a given Period.rpt","Exact duplicate retained pending filename/path validation","Retain"
"Accounts/Reports/IGroup/Reports/DisplayChartOfAccount.rpt","True","596b916bb3ed3bc664546fdbce7fa125cecf1c08","48128","DisplayChartOfAccount.rpt","False","","False","False","","3","IGroup/Reports/DisplayChartOfAccount.rpt","Exact duplicate retained pending filename/path validation","Retain"
"Accounts/Reports/IGroup/Reports/DisplayChartOfAccount1.rpt","True","c3bf2bdae6c275fdcdbff1ecb77f26ebade7dfe7","13824","DisplayChartOfAccount1.rpt","False","","False","False","","4","IGroup/Reports/DisplayChartOfAccount1.rpt","Exact duplicate retained pending filename/path validation","Retain"
"Accounts/Reports/IGroup/Reports/DisplayChartOfAccount2.rpt","True","9536899c93e2307579fb8f1af2e446f7169b55e8","14848","DisplayChartOfAccount2.rpt","False","","False","False","","3","IGroup/Reports/DisplayChartOfAccount2.rpt","Exact duplicate retained pending filename/path validation","Retain"
"Accounts/Reports/IGroup/Reports/DisplayChartOfAccount3.rpt","True","d596bd6b44ec4ea46eda874d686e90d0c2a4373d","48128","DisplayChartOfAccount3.rpt","False","","False","False","","3","IGroup/Reports/DisplayChartOfAccount3.rpt","Exact duplicate retained pending filename/path validation","Retain"
"Accounts/Reports/IGroup/Reports/DoctorMonthlyInvoice.rpt","True","a9e2a406b1130b4c3634c1770aaea95dec43a44d","76800","DoctorMonthlyInvoice.rpt","False","","False","False","","2","IGroup/Reports/DoctorMonthlyInvoice.rpt","Exact duplicate retained pending filename/path validation","Retain"
"Accounts/Reports/IGroup/Reports/Doctor's Comparative Income Per Month Cash Only.rpt","True","85372f52bdbd776bfebd51b401dc6644f2ac4b40","54272","Doctor's Comparative Income Per Month Cash Only.rpt","False","","False","False","","2","IGroup/Reports/Doctor's Comparative Income Per Month Cash Only.rpt","Exact duplicate retained pending filename/path validation","Retain"
"Accounts/Reports/IGroup/Reports/Doctor's Comparative Income Per Month Cash Only2.rpt","True","a8b95f14fe1d075d0bdb4b3cea22be442add4a10","54272","Doctor's Comparative Income Per Month Cash Only2.rpt","False","","False","False","","2","IGroup/Reports/Doctor's Comparative Income Per Month Cash Only2.rpt","Exact duplicate retained pending filename/path validation","Retain"
"Accounts/Reports/IGroup/Reports/Doctor's Comparative Income Per Month Per Service Cash Only.rpt","True","8bc4d4fa8249fcce27ac2eb110951df5b97e0065","54272","Doctor's Comparative Income Per Month Per Service Cash Only.rpt","False","","False","False","","2","IGroup/Reports/Doctor's Comparative Income Per Month Per Service Cash Only.rpt","Exact duplicate retained pending filename/path validation","Retain"
"Accounts/Reports/IGroup/Reports/Doctor's Comparative Income Per Month.rpt","True","b73dfeb9de6e3218cb325a8e7115e4307726c9a6","55808","Doctor's Comparative Income Per Month.rpt","False","","False","False","","2","IGroup/Reports/Doctor's Comparative Income Per Month.rpt","Exact duplicate retained pending filename/path validation","Retain"
"Accounts/Reports/IGroup/Reports/Doctor's Income Per Service New.rpt","True","d9f34f92478152b2092be7e09b26c8e2005f896c","53248","Doctor's Income Per Service New.rpt","False","","False","False","","2","IGroup/Reports/Doctor's Income Per Service New.rpt","Exact duplicate retained pending filename/path validation","Retain"
"Accounts/Reports/IGroup/Reports/Doctor's Income Per Service.rpt","True","d09eafe83c6af6efeaa8d478ddafda0ab648b688","55808","Doctor's Income Per Service.rpt","False","","False","False","","2","IGroup/Reports/Doctor's Income Per Service.rpt","Exact duplicate retained pending filename/path validation","Retain"
"Accounts/Reports/IGroup/Reports/DoctorsDailyIncomeReport old.rpt","True","e1495c146ab9db8a7ce0d3a597551f67ed86144e","51712","DoctorsDailyIncomeReport old.rpt","True","Archive-style filename","False","False","","2","IGroup/Reports/DoctorsDailyIncomeReport old.rpt","Unreferenced exact duplicate with archive-style name/path","QuarantineExactDuplicate"
"Accounts/Reports/IGroup/Reports/DoctorsDailyIncomeReport.rpt","True","703e8552b7e6b1ee2bfe8bfa3bc900e82159e02c","49152","DoctorsDailyIncomeReport.rpt","False","","False","False","","2","IGroup/Reports/DoctorsDailyIncomeReport.rpt","Exact duplicate retained pending filename/path validation","Retain"
"Accounts/Reports/IGroup/Reports/estInventoryReport.rpt","True","9f69a07609460ea4a6cbf638b5602f64d353a566","14336","estInventoryReport.rpt","False","","False","False","","5","IGroup/Reports/estInventoryReport.rpt","Exact duplicate retained pending filename/path validation","Retain"
"Accounts/Reports/IGroup/Reports/ExpiryList.rpt","True","930950a2185a097c5679f3e770e51de28027be2e","49664","ExpiryList.rpt","False","","False","False","","3","IGroup/Reports/ExpiryList.rpt","Exact duplicate retained pending filename/path validation","Retain"
"Accounts/Reports/IGroup/Reports/ExpiryListOriginal.rpt","True","b8f2838f7c26fc5b6c8c1a5fd82aeff2d0bcdd4b","51200","ExpiryListOriginal.rpt","True","Archive-style filename","False","False","","3","IGroup/Reports/ExpiryListOriginal.rpt","Unreferenced exact duplicate with archive-style name/path","QuarantineExactDuplicate"
"Accounts/Reports/IGroup/Reports/ExpiryListPeriodic.rpt","True","b3a9e4ad549ae3e4b0bd593ec67b41168abbde17","51200","ExpiryListPeriodic.rpt","False","","False","False","","3","IGroup/Reports/ExpiryListPeriodic.rpt","Exact duplicate retained pending filename/path validation","Retain"
"Accounts/Reports/IGroup/Reports/ExpiryListPeriodicOriginal.rpt","True","0f61691e82bc91af252aef2448e958b5a2d90333","51200","ExpiryListPeriodicOriginal.rpt","True","Archive-style filename","False","False","","3","IGroup/Reports/ExpiryListPeriodicOriginal.rpt","Unreferenced exact duplicate with archive-style name/path","QuarantineExactDuplicate"
"Accounts/Reports/IGroup/Reports/GraphicalPharmacyDailySalesInvoice.rpt","True","1c43c098dff63c3ff876d6706942eb0b08af7afa","1360896","GraphicalPharmacyDailySalesInvoice.rpt","False","","False","False","","5","IGroup/Reports/GraphicalPharmacyDailySalesInvoice.rpt","Exact duplicate retained pending filename/path validation","Retain"
"Accounts/Reports/IGroup/Reports/HR IDCCard Size Back.rpt","True","e762821438be88ee40e92d53380dfa81572c61ec","3047936","HR IDCCard Size Back.rpt","False","","False","False","","2","IGroup/Reports/HR IDCCard Size Back.rpt","Exact duplicate retained pending filename/path validation","Retain"
"Accounts/Reports/IGroup/Reports/HR_ID List Final with lamination space.rpt","True","4c498646a1456dc15cf39db6e310827e5d763375","6890496","HR_ID List Final with lamination space.rpt","False","","False","False","","2","IGroup/Reports/HR_ID List Final with lamination space.rpt","Exact duplicate retained pending filename/path validation","Retain"
"Accounts/Reports/IGroup/Reports/HR_ID New Database List Final with lamination space New.rpt","True","1b7aea6a626b3212a2086a5efa56c8492faedef2","6918144","HR_ID New Database List Final with lamination space New.rpt","False","","False","False","","2","IGroup/Reports/HR_ID New Database List Final with lamination space New.rpt","Exact duplicate retained pending filename/path validation","Retain"
"Accounts/Reports/IGroup/Reports/HR_ID New Database List Final with lamination space.rpt","True","a5cd6b66a14dcaa35e7c90b9f7ce5bf7e103dcb9","6892032","HR_ID New Database List Final with lamination space.rpt","False","","False","False","","2","IGroup/Reports/HR_ID New Database List Final with lamination space.rpt","Exact duplicate retained pending filename/path validation","Retain"
"Accounts/Reports/IGroup/Reports/HR_IDList CCard Size Front.rpt","True","da092050c59e757163903c1a3506635082becdb8","6892544","HR_IDList CCard Size Front.rpt","False","","False","False","","2","IGroup/Reports/HR_IDList CCard Size Front.rpt","Exact duplicate retained pending filename/path validation","Retain"
"Accounts/Reports/IGroup/Reports/HR_IDList CCard Size.rpt","True","cf74f69044d2e7893817008a95bd14dd38645dc5","6889472","HR_IDList CCard Size.rpt","False","","False","False","","2","IGroup/Reports/HR_IDList CCard Size.rpt","Exact duplicate retained pending filename/path validation","Retain"
"Accounts/Reports/IGroup/Reports/HR_IDList Final Back Only.rpt","True","0709114fa6084e9cc1f4f97265732be94f7f72d0","3050496","HR_IDList Final Back Only.rpt","False","","False","False","","2","IGroup/Reports/HR_IDList Final Back Only.rpt","Exact duplicate retained pending filename/path validation","Retain"
"Accounts/Reports/IGroup/Reports/HR_IDList Final Back Only1.rpt","True","5777630fbd13372453899d06985a14a9437a67cb","3050496","HR_IDList Final Back Only1.rpt","False","","False","False","","2","IGroup/Reports/HR_IDList Final Back Only1.rpt","Exact duplicate retained pending filename/path validation","Retain"
"Accounts/Reports/IGroup/Reports/HR_IDList Final Back.rpt","True","fb4725c08a87507debce00cb4eb8185c1d1e1d2f","3048448","HR_IDList Final Back.rpt","False","","False","False","","2","IGroup/Reports/HR_IDList Final Back.rpt","Exact duplicate retained pending filename/path validation","Retain"
"Accounts/Reports/IGroup/Reports/HR_IDList Final Front.rpt","True","49efed887fa982882e73414fa5d4d9ff806e5159","6894080","HR_IDList Final Front.rpt","False","","False","False","","2","IGroup/Reports/HR_IDList Final Front.rpt","Exact duplicate retained pending filename/path validation","Retain"
"Accounts/Reports/IGroup/Reports/HR_IDList Final with lamination space.rpt","True","e28ed37d9146ca1a580c7ecaab03e50386d004f2","6892032","HR_IDList Final with lamination space.rpt","False","","False","False","","2","IGroup/Reports/HR_IDList Final with lamination space.rpt","Exact duplicate retained pending filename/path validation","Retain"
"Accounts/Reports/IGroup/Reports/HR_IDList Final.rpt","True","2461428d241ca305ee21ef432dbf253d32408338","6892032","HR_IDList Final.rpt","False","","False","False","","2","IGroup/Reports/HR_IDList Final.rpt","Exact duplicate retained pending filename/path validation","Retain"
"Accounts/Reports/IGroup/Reports/HR_IDList Final3.rpt","True","7ea8e33ed4602471c906b3a5831782685f3c0dfd","6892032","HR_IDList Final3.rpt","False","","False","False","","2","IGroup/Reports/HR_IDList Final3.rpt","Exact duplicate retained pending filename/path validation","Retain"
"Accounts/Reports/IGroup/Reports/HR_IDList.rpt","True","15d83de6a2ad4a2f9f8a12166b86495e09fc4d9d","821760","HR_IDList.rpt","False","","False","False","","2","IGroup/Reports/HR_IDList.rpt","Exact duplicate retained pending filename/path validation","Retain"
"Accounts/Reports/IGroup/Reports/HR_IDList2.rpt","True","f3b81329ec3128abfc572527db35d7a5400a08f2","3853824","HR_IDList2.rpt","False","","False","False","","2","IGroup/Reports/HR_IDList2.rpt","Exact duplicate retained pending filename/path validation","Retain"
"Accounts/Reports/IGroup/Reports/HR_IDListOrig.rpt","True","c8b2fa5ecf3356b1c8a451f0a2034b7dd4473743","785408","HR_IDListOrig.rpt","False","","False","False","","2","IGroup/Reports/HR_IDListOrig.rpt","Exact duplicate retained pending filename/path validation","Retain"
"Accounts/Reports/IGroup/Reports/HR_IDListOrig2.rpt","True","b38f85a2d2cbf62e66ec3880de011a0a0cc07e30","823808","HR_IDListOrig2.rpt","False","","False","False","","2","IGroup/Reports/HR_IDListOrig2.rpt","Exact duplicate retained pending filename/path validation","Retain"
"Accounts/Reports/IGroup/Reports/HREmployeeList Old.rpt","True","0cad0345656f42fb755a4b1f082738270df9b136","16384","HREmployeeList Old.rpt","True","Archive-style filename","False","False","","2","IGroup/Reports/HREmployeeList Old.rpt","Unreferenced exact duplicate with archive-style name/path","QuarantineExactDuplicate"
"Accounts/Reports/IGroup/Reports/HREmployeeList.rpt","True","a75935e0c046ebd7a467ef8f3427c1e09a87c234","48128","HREmployeeList.rpt","False","","False","False","","2","IGroup/Reports/HREmployeeList.rpt","Exact duplicate retained pending filename/path validation","Retain"
"Accounts/Reports/IGroup/Reports/HREmployeeSalaryDescription.rpt","True","2031291dc74f732f773f48a6e2d0cb2816d7ede1","15360","HREmployeeSalaryDescription.rpt","False","","False","False","","5","IGroup/Reports/HREmployeeSalaryDescription.rpt","Exact duplicate retained pending filename/path validation","Retain"
"Accounts/Reports/IGroup/Reports/HREmployeeShiftDetails.rpt","True","e07b32a3ef560a319c6d8835ba20bfac4b75e99c","14848","HREmployeeShiftDetails.rpt","False","","False","False","","5","IGroup/Reports/HREmployeeShiftDetails.rpt","Exact duplicate retained pending filename/path validation","Retain"
"Accounts/Reports/IGroup/Reports/HRMonthlyAttendence.rpt","True","741247c44d2ce6143bcc5cb81777b3ce386f4818","17408","HRMonthlyAttendence.rpt","False","","False","False","","5","IGroup/Reports/HRMonthlyAttendence.rpt","Exact duplicate retained pending filename/path validation","Retain"
"Accounts/Reports/IGroup/Reports/IBCombined Date Wise (Monthly) Cash Only.rpt","True","8869ed34281d1e0adf4fe479ec7af3ef81937356","49664","IBCombined Date Wise (Monthly) Cash Only.rpt","False","","False","False","","2","IGroup/Reports/IBCombined Date Wise (Monthly) Cash Only.rpt","Exact duplicate retained pending filename/path validation","Retain"
"Accounts/Reports/IGroup/Reports/IBCombinedDoctorWiseSummaryStatement.rpt","True","0484b17f66514c5e3469bc22f4573fd2ed304692","49664","IBCombinedDoctorWiseSummaryStatement.rpt","False","","False","False","","2","IGroup/Reports/IBCombinedDoctorWiseSummaryStatement.rpt","Exact duplicate retained pending filename/path validation","Retain"
"Accounts/Reports/IGroup/Reports/IBCombinedDoctorWiseSummaryStatement2.rpt","True","bbcb0310bd52d527fc9b75e44555ff369f96b1d0","51712","IBCombinedDoctorWiseSummaryStatement2.rpt","False","","False","False","","2","IGroup/Reports/IBCombinedDoctorWiseSummaryStatement2.rpt","Exact duplicate retained pending filename/path validation","Retain"
"Accounts/Reports/IGroup/Reports/IBCombinedUserWiseSummaryStatement.rpt","True","ceea4a493df756851cdd3a2e1471e3ffd186f802","49664","IBCombinedUserWiseSummaryStatement.rpt","False","","False","False","","2","IGroup/Reports/IBCombinedUserWiseSummaryStatement.rpt","Exact duplicate retained pending filename/path validation","Retain"
"Accounts/Reports/IGroup/Reports/IBDailyReceptionInvoice.rpt","True","c2ba43973023baea7cc8c26e8769361f83224778","54272","IBDailyReceptionInvoice.rpt","False","","False","False","","2","IGroup/Reports/IBDailyReceptionInvoice.rpt","Exact duplicate retained pending filename/path validation","Retain"
"Accounts/Reports/IGroup/Reports/IBDailyReceptionInvoiceNew.rpt","True","850fd86caefd5347962900a3046974874654e48e","55808","IBDailyReceptionInvoiceNew.rpt","False","","False","False","","2","IGroup/Reports/IBDailyReceptionInvoiceNew.rpt","Exact duplicate retained pending filename/path validation","Retain"
"Accounts/Reports/IGroup/Reports/IBDailyReceptionInvoiceSummary.rpt","True","c41e1e22e64a785439b29b4ac1d62365bdaf27f1","53248","IBDailyReceptionInvoiceSummary.rpt","False","","False","False","","3","IGroup/Reports/IBDailyReceptionInvoiceSummary.rpt","Exact duplicate retained pending filename/path validation","Retain"
"Accounts/Reports/IGroup/Reports/IBDrivingLicenseSummary.rpt","True","71dac6121265fe83173047e5fff7137821e82313","48640","IBDrivingLicenseSummary.rpt","False","","False","False","","4","IGroup/Reports/IBDrivingLicenseSummary.rpt","Exact duplicate retained pending filename/path validation","Retain"
"Accounts/Reports/IGroup/Reports/IBFoodDeliverySummary.rpt","True","7c08f47fef340a62e369f400d1cd6b07505c45c7","49152","IBFoodDeliverySummary.rpt","False","","False","False","","2","Accounts/Reports/IGroup/IBFoodDeliverySummary.rpt","Exact duplicate retained pending filename/path validation","Retain"
"Accounts/Reports/IGroup/Reports/IBHealthCardSummary.rpt","True","1d531b54bcdacf7d8b03cc905a55452cd1b2fd99","48640","IBHealthCardSummary.rpt","False","","False","False","","4","IGroup/Reports/IBHealthCardSummary.rpt","Exact duplicate retained pending filename/path validation","Retain"
"Accounts/Reports/IGroup/Reports/IBIqamaSummary.rpt","True","d129c74497c0dca452491d43f1cbdd90cb6e70a7","48640","IBIqamaSummary.rpt","False","","False","False","","4","IGroup/Reports/IBIqamaSummary.rpt","Exact duplicate retained pending filename/path validation","Retain"
"Accounts/Reports/IGroup/Reports/IBLabSamplePrinting.rpt","True","22dec76fcb7fcd71975be32cd6ba9df497695d4f","16384","IBLabSamplePrinting.rpt","False","","False","True","Accounts/Reports/IGroup/IBLabSamplePrinting.vb:30; Accounts/Accounts.vbproj:1836; Accounts/Accounts.vbproj:2690","1","","Protected by static or project reference","Retain"
"Accounts/Reports/IGroup/Reports/IBLabSamplePrinting2.rpt","True","c46bec13f20770af184ba9adff8b41b9d87956cc","18432","IBLabSamplePrinting2.rpt","False","","False","False","","2","IGroup/Reports/IBLabSamplePrinting2.rpt","Exact duplicate retained pending filename/path validation","Retain"
"Accounts/Reports/IGroup/Reports/IBLabSamplePrintingOrig.rpt","True","33af3b080cc1a264b2cf70ee2e2a98f12a540d55","18432","IBLabSamplePrintingOrig.rpt","False","","False","False","","2","IGroup/Reports/IBLabSamplePrintingOrig.rpt","Exact duplicate retained pending filename/path validation","Retain"
"Accounts/Reports/IGroup/Reports/IBSalesManSummary Manual.rpt","True","16c4cf8e7e4f2873c1197b04d652cbdaac1b827f","52224","IBSalesManSummary Manual.rpt","False","","False","False","","2","IGroup/Reports/IBSalesManSummary Manual.rpt","Exact duplicate retained pending filename/path validation","Retain"
"Accounts/Reports/IGroup/Reports/IBSalesManSummary.rpt","True","ee3b694ffcdebbbd5db0e9f1f4cbaf7bfb62e5bf","52224","IBSalesManSummary.rpt","False","","False","False","","2","IGroup/Reports/IBSalesManSummary.rpt","Exact duplicate retained pending filename/path validation","Retain"
"Accounts/Reports/IGroup/Reports/IBSalesManSummaryTest.rpt","True","30619d54425e345da055e400473ba69f95e2b767","54272","IBSalesManSummaryTest.rpt","True","Archive-style filename","False","False","","2","IGroup/Reports/IBSalesManSummaryTest.rpt","Unreferenced exact duplicate with archive-style name/path","QuarantineExactDuplicate"
"Accounts/Reports/IGroup/Reports/IBSalesManSummaryX.rpt","True","9c4fb8d121d90fdc87988fa4ea680a2592b7faec","50688","IBSalesManSummaryX.rpt","False","","False","False","","3","IGroup/Reports/IBSalesManSummaryX.rpt","Exact duplicate retained pending filename/path validation","Retain"
"Accounts/Reports/IGroup/Reports/IGroup Payroll Report.rpt","True","31420db27c1f67e87ce54e1891e47a201e85183a","94720","IGroup Payroll Report.rpt","False","","False","False","","2","IGroup/Reports/IGroup Payroll Report.rpt","Exact duplicate retained pending filename/path validation","Retain"
"Accounts/Reports/IGroup/Reports/Income Summary Pharmacy.rpt","True","98203d98a703b63cb5e87a375eeb2b00ca6ff31e","56832","Income Summary Pharmacy.rpt","False","","False","False","","2","IGroup/Reports/Income Summary Pharmacy.rpt","Exact duplicate retained pending filename/path validation","Retain"
"Accounts/Reports/IGroup/Reports/Injection Consumption (based on invoice items) (detailed).rpt","True","efad5a24bf2d03b3183c7411ffcda98980d83d61","76288","Injection Consumption (based on invoice items) (detailed).rpt","False","","False","False","","2","IGroup/Reports/Injection Consumption (based on invoice items) (detailed).rpt","Exact duplicate retained pending filename/path validation","Retain"
"Accounts/Reports/IGroup/Reports/Injection Consumption (based on invoice items) Summarized.rpt","True","1681633f8eb9cca1cbeba885cd4c701487764525","108032","Injection Consumption (based on invoice items) Summarized.rpt","False","","False","False","","2","IGroup/Reports/Injection Consumption (based on invoice items) Summarized.rpt","Exact duplicate retained pending filename/path validation","Retain"
"Accounts/Reports/IGroup/Reports/Injection Consumption (based on invoice items).rpt","True","e8ee62402c7a82e697632ac00eae73d0df30c453","63488","Injection Consumption (based on invoice items).rpt","False","","False","False","","1","","No static reference found; retained because reports are loaded dynamically","Retain"
"Accounts/Reports/IGroup/Reports/Injection Consumption based on Item Used.rpt","True","6df53565f11b4afca7d2de12a3aadc5ba1a9634f","66048","Injection Consumption based on Item Used.rpt","False","","False","False","","2","IGroup/Reports/Injection Consumption based on Item Used.rpt","Exact duplicate retained pending filename/path validation","Retain"
"Accounts/Reports/IGroup/Reports/Injection Consumption based on sales.rpt","True","e736309a6add3ac22f3a863cdf0b1d1dc3ee003d","59392","Injection Consumption based on sales.rpt","False","","False","False","","2","IGroup/Reports/Injection Consumption based on sales.rpt","Exact duplicate retained pending filename/path validation","Retain"
"Accounts/Reports/IGroup/Reports/Injection Consumption.rpt","True","a3e8338d6c67e32e132d018ab53bde662e433d4d","107520","Injection Consumption.rpt","False","","False","False","","2","IGroup/Reports/Injection Consumption.rpt","Exact duplicate retained pending filename/path validation","Retain"
"Accounts/Reports/IGroup/Reports/Injection Cost Consumption.rpt","True","87a84f45f608ce7d9570dce6b8b8ee14f7973629","166912","Injection Cost Consumption.rpt","False","","False","False","","2","IGroup/Reports/Injection Cost Consumption.rpt","Exact duplicate retained pending filename/path validation","Retain"
"Accounts/Reports/IGroup/Reports/Injection Qty. Consumption.rpt","True","f8898695a838b4d514485ab4c118843771cb92e5","108544","Injection Qty. Consumption.rpt","False","","False","False","","2","IGroup/Reports/Injection Qty. Consumption.rpt","Exact duplicate retained pending filename/path validation","Retain"
"Accounts/Reports/IGroup/Reports/Injections Consumed for a given period  Items (itemized).rpt","True","a6bc13fb4105bca66fe683b07f909bddfaa95f28","331776","Injections Consumed for a given period  Items (itemized).rpt","False","","False","False","","2","IGroup/Reports/Injections Consumed for a given period  Items (itemized).rpt","Exact duplicate retained pending filename/path validation","Retain"
"Accounts/Reports/IGroup/Reports/Injections Consumed for a given period (itemized).rpt","True","0fa83bc0b5564eb8bb0633fcaf2475928d88ccf3","332800","Injections Consumed for a given period (itemized).rpt","False","","False","False","","2","IGroup/Reports/Injections Consumed for a given period (itemized).rpt","Exact duplicate retained pending filename/path validation","Retain"
"Accounts/Reports/IGroup/Reports/Injections Transfered to ER for a given period  Items (itemized).rpt","True","2330f96067201ea33cf3ea80be41cae23c0929c4","61952","Injections Transfered to ER for a given period  Items (itemized).rpt","False","","False","False","","2","IGroup/Reports/Injections Transfered to ER for a given period  Items (itemized).rpt","Exact duplicate retained pending filename/path validation","Retain"
"Accounts/Reports/IGroup/Reports/Injections Transfered to ER for a given period  Items (summarized).rpt","True","c376c38dc5b2a42635b505b7439d3f19ec9354b5","62976","Injections Transfered to ER for a given period  Items (summarized).rpt","False","","False","False","","2","IGroup/Reports/Injections Transfered to ER for a given period  Items (summarized).rpt","Exact duplicate retained pending filename/path validation","Retain"
"Accounts/Reports/IGroup/Reports/Injections Transferred to ER 2.rpt","True","7025e0edf50e4a1a4d543b9bafd6c78769e7ece1","62464","Injections Transferred to ER 2.rpt","False","","False","False","","2","IGroup/Reports/Injections Transferred to ER 2.rpt","Exact duplicate retained pending filename/path validation","Retain"
"Accounts/Reports/IGroup/Reports/Injections Transferred to ER for a given period  Items (itemized).rpt","True","9d736a132355bf553f7ca79492140ff81e30b6d3","60928","Injections Transferred to ER for a given period  Items (itemized).rpt","False","","False","False","","2","IGroup/Reports/Injections Transferred to ER for a given period  Items (itemized).rpt","Exact duplicate retained pending filename/path validation","Retain"
"Accounts/Reports/IGroup/Reports/Injections Transferred to ER.rpt","True","2aaae6ee2efa771b19809961baebdd9155068e26","61952","Injections Transferred to ER.rpt","False","","False","False","","2","IGroup/Reports/Injections Transferred to ER.rpt","Exact duplicate retained pending filename/path validation","Retain"
"Accounts/Reports/IGroup/Reports/InsClinicBillPrint.rpt","True","c5b50b539c4bc22961c22a8e97cbe45fe576a8f9","14336","InsClinicBillPrint.rpt","False","","False","False","","10","IGroup/Reports/InsClinicBillPrint.rpt","Exact duplicate retained pending filename/path validation","Retain"
"Accounts/Reports/IGroup/Reports/InsClinicBillPrint1.rpt","True","1ed2d0240e36e9f41870e36d8d419f23189fb6b0","13312","InsClinicBillPrint1.rpt","False","","False","False","","5","IGroup/Reports/InsClinicBillPrint1.rpt","Exact duplicate retained pending filename/path validation","Retain"
"Accounts/Reports/IGroup/Reports/InsPharmacyInvoicePrint.rpt","True","680f8aa1ab6edc14d3af5c3b8c4a23de558a340b","12288","InsPharmacyInvoicePrint.rpt","False","","False","False","","5","IGroup/Reports/InsPharmacyInvoicePrint.rpt","Exact duplicate retained pending filename/path validation","Retain"
"Accounts/Reports/IGroup/Reports/InsPharmacyInvoicePrint1.rpt","True","7347246662ff9df8419c455b6db91491f7dafd6d","11776","InsPharmacyInvoicePrint1.rpt","False","","False","False","","5","IGroup/Reports/InsPharmacyInvoicePrint1.rpt","Exact duplicate retained pending filename/path validation","Retain"
"Accounts/Reports/IGroup/Reports/InsuranceActualSummary.rpt","True","41b64549e45e62638441e6a1381a24f7ab28e950","21504","InsuranceActualSummary.rpt","False","","False","False","","5","IGroup/Reports/InsuranceActualSummary.rpt","Exact duplicate retained pending filename/path validation","Retain"
"Accounts/Reports/IGroup/Reports/InsuranceBupaEclaim.rpt","True","03c5e912fb65ef30e175db3ab64304e2e269ab90","17408","InsuranceBupaEclaim.rpt","False","","False","False","","5","IGroup/Reports/InsuranceBupaEclaim.rpt","Exact duplicate retained pending filename/path validation","Retain"
"Accounts/Reports/IGroup/Reports/InsuranceBupaEclaimRep.rpt","True","3cbe177b4ca82339c343af6d46b52b0f3b543353","19456","InsuranceBupaEclaimRep.rpt","False","","False","False","","5","IGroup/Reports/InsuranceBupaEclaimRep.rpt","Exact duplicate retained pending filename/path validation","Retain"
"Accounts/Reports/IGroup/Reports/InsuranceCompanyReport.rpt","True","87c12a510762a0177767776bc841e97fb2e61471","32768","InsuranceCompanyReport.rpt","False","","False","False","","5","IGroup/Reports/InsuranceCompanyReport.rpt","Exact duplicate retained pending filename/path validation","Retain"
"Accounts/Reports/IGroup/Reports/INSURANCEGlobeMedEclaim.rpt","True","270765abe3f384788394af65321803f3f79dff3a","17920","INSURANCEGlobeMedEclaim.rpt","False","","False","False","","5","IGroup/Reports/INSURANCEGlobeMedEclaim.rpt","Exact duplicate retained pending filename/path validation","Retain"
"Accounts/Reports/IGroup/Reports/InsuranceMonthlySubmission.rpt","True","88f64e03f348af26a7e738c2583a465cf2d4bc3a","18432","InsuranceMonthlySubmission.rpt","False","","False","False","","5","IGroup/Reports/InsuranceMonthlySubmission.rpt","Exact duplicate retained pending filename/path validation","Retain"
"Accounts/Reports/IGroup/Reports/InsurancePriceList.rpt","True","9839d1625e6013bbb2193eb629a1a4fd5cfc0792","87040","InsurancePriceList.rpt","False","","False","False","","5","IGroup/Reports/InsurancePriceList.rpt","Exact duplicate retained pending filename/path validation","Retain"
"Accounts/Reports/IGroup/Reports/InsuranceStatement.rpt","True","3207cb1f6bac5aae44b2e1a280ba29b07c3ec7c7","21504","InsuranceStatement.rpt","False","","False","False","","5","IGroup/Reports/InsuranceStatement.rpt","Exact duplicate retained pending filename/path validation","Retain"
"Accounts/Reports/IGroup/Reports/InsuranceSummary.rpt","True","a554147bbb33b63fefcebfec2411060cda138563","20992","InsuranceSummary.rpt","False","","False","False","","5","IGroup/Reports/InsuranceSummary.rpt","Exact duplicate retained pending filename/path validation","Retain"
"Accounts/Reports/IGroup/Reports/InsuranceSummaryOfAccount.rpt","True","aa459705847b64a13aaffadd709d9afd9cd49fb3","144896","InsuranceSummaryOfAccount.rpt","False","","False","False","","5","IGroup/Reports/InsuranceSummaryOfAccount.rpt","Exact duplicate retained pending filename/path validation","Retain"
"Accounts/Reports/IGroup/Reports/Inventory Report at Clinic for a given date (summarized).rpt","True","249eb31e52861ac0337df12985e09e0856617d1a","209920","Inventory Report at Clinic for a given date (summarized).rpt","False","","False","False","","2","IGroup/Reports/Inventory Report at Clinic for a given date (summarized).rpt","Exact duplicate retained pending filename/path validation","Retain"
"Accounts/Reports/IGroup/Reports/Inventory Report at Pharmacy for a given date (summarized).rpt","True","660406859fd3197797dd9a9cfe76802e11c057b5","206848","Inventory Report at Pharmacy for a given date (summarized).rpt","False","","False","False","","2","IGroup/Reports/Inventory Report at Pharmacy for a given date (summarized).rpt","Exact duplicate retained pending filename/path validation","Retain"
"Accounts/Reports/IGroup/Reports/Inventory Report at Stock Room for a given date (summarized).rpt","True","73e885811222b26effe8cccc19af5b543f3e4aad","169472","Inventory Report at Stock Room for a given date (summarized).rpt","False","","False","False","","2","IGroup/Reports/Inventory Report at Stock Room for a given date (summarized).rpt","Exact duplicate retained pending filename/path validation","Retain"
"Accounts/Reports/IGroup/Reports/Inventory Report for a given date.rpt","True","19653e486e7583590a47e9f93a63f7f354b5218c","109056","Inventory Report for a given date.rpt","False","","False","False","","2","IGroup/Reports/Inventory Report for a given date.rpt","Exact duplicate retained pending filename/path validation","Retain"
"Accounts/Reports/IGroup/Reports/Inventory Report for a specified Ending Date Clinic New.rpt","True","4ea52ea2d8113e03531e49e56b9d6f7fd900e1e8","91648","Inventory Report for a specified Ending Date Clinic New.rpt","False","","False","False","","2","IGroup/Reports/Inventory Report for a specified Ending Date Clinic New.rpt","Exact duplicate retained pending filename/path validation","Retain"
"Accounts/Reports/IGroup/Reports/Inventory Report for a specified Ending Date Clinic New2.rpt","True","0d3a8eff3fda39982e2127a083363bf85f0c9bf8","148992","Inventory Report for a specified Ending Date Clinic New2.rpt","False","","False","False","","2","IGroup/Reports/Inventory Report for a specified Ending Date Clinic New2.rpt","Exact duplicate retained pending filename/path validation","Retain"
"Accounts/Reports/IGroup/Reports/Inventory Report for a specified Ending Date Clinic.rpt","True","1f05c900f6c0f9fe62604a0ecdb4855d5047ce30","90112","Inventory Report for a specified Ending Date Clinic.rpt","False","","False","False","","2","IGroup/Reports/Inventory Report for a specified Ending Date Clinic.rpt","Exact duplicate retained pending filename/path validation","Retain"
"Accounts/Reports/IGroup/Reports/Inventory Report for a specified Ending Date Pharmacy.rpt","True","ab116b543521eeb8cfadbd783eb98e97874c8184","145920","Inventory Report for a specified Ending Date Pharmacy.rpt","False","","False","False","","1","","No static reference found; retained because reports are loaded dynamically","Retain"
"Accounts/Reports/IGroup/Reports/Inventory Report for a specified Ending Date.rpt","True","04023819bcec92605e12e1a75de08cb0b2c194d1","88576","Inventory Report for a specified Ending Date.rpt","False","","False","False","","2","IGroup/Reports/Inventory Report for a specified Ending Date.rpt","Exact duplicate retained pending filename/path validation","Retain"
"Accounts/Reports/IGroup/Reports/Inventory Report for ER except Cleaning Materials for a given date (summarized).rpt","True","d00df2b790bb2f157ac65843258d5fd0439445eb","67072","Inventory Report for ER except Cleaning Materials for a given date (summarized).rpt","False","","False","False","","2","IGroup/Reports/Inventory Report for ER except Cleaning Materials for a given date (summarized).rpt","Exact duplicate retained pending filename/path validation","Retain"
"Accounts/Reports/IGroup/Reports/Inventory Report for except Cleaning Materials for a given date (summarized).rpt","True","8bf70930236b283531d31489998da1ad6935bc67","55808","Inventory Report for except Cleaning Materials for a given date (summarized).rpt","False","","False","False","","2","IGroup/Reports/Inventory Report for except Cleaning Materials for a given date (summarized).rpt","Exact duplicate retained pending filename/path validation","Retain"
"Accounts/Reports/IGroup/Reports/Inventory Report for Injection for a given date (detailed).rpt","True","f0548ace0b5e63cb669edf18e368df84b2ec763b","60416","Inventory Report for Injection for a given date (detailed).rpt","False","","False","False","","2","IGroup/Reports/Inventory Report for Injection for a given date (detailed).rpt","Exact duplicate retained pending filename/path validation","Retain"
"Accounts/Reports/IGroup/Reports/Inventory Report for Injection for a given date (summarized).rpt","True","e60e5db25866f50a492c23810127e31ddf022b55","60416","Inventory Report for Injection for a given date (summarized).rpt","False","","False","False","","2","IGroup/Reports/Inventory Report for Injection for a given date (summarized).rpt","Exact duplicate retained pending filename/path validation","Retain"
"Accounts/Reports/IGroup/Reports/Inventory Report for Injection for a given date.rpt","True","f62d2bf0ee7509f647197368326524f31299d1e4","59392","Inventory Report for Injection for a given date.rpt","False","","False","False","","2","IGroup/Reports/Inventory Report for Injection for a given date.rpt","Exact duplicate retained pending filename/path validation","Retain"
"Accounts/Reports/IGroup/Reports/Inventory Report for Injections at ER for a given date (summarized).rpt","True","89f0a3b10205fa5623a9f89b7ce7b95467b5abcf","67072","Inventory Report for Injections at ER for a given date (summarized).rpt","False","","False","False","","2","IGroup/Reports/Inventory Report for Injections at ER for a given date (summarized).rpt","Exact duplicate retained pending filename/path validation","Retain"
"Accounts/Reports/IGroup/Reports/Inventory Report for testing.rpt","True","c2b682693335eecaf5f0f8691d29d3ede04512d4","65024","Inventory Report for testing.rpt","False","","False","False","","3","IGroup/Reports/Inventory Report for testing.rpt","Exact duplicate retained pending filename/path validation","Retain"
"Accounts/Reports/IGroup/Reports/InvoiceSummaryTimeWiseGraph.rpt","True","6366d78d54bf2f251df1b0f12aa9c1a1b87fd150","31744","InvoiceSummaryTimeWiseGraph.rpt","False","","False","False","","5","IGroup/Reports/InvoiceSummaryTimeWiseGraph.rpt","Exact duplicate retained pending filename/path validation","Retain"
"Accounts/Reports/IGroup/Reports/Iqama-Baladiya-DriversLicenseTests Done for a given Period.rpt","True","a533befff6bc157c6adbd9341de82cb276a3fc13","295936","Iqama-Baladiya-DriversLicenseTests Done for a given Period.rpt","False","","False","False","","2","IGroup/Reports/Iqama-Baladiya-DriversLicenseTests Done for a given Period.rpt","Exact duplicate retained pending filename/path validation","Retain"
"Accounts/Reports/IGroup/Reports/ISP/ATM-Cash Income Summary Per Month Per Service Per Doctor Multple.rpt","True","a212ba02138217ba474cdb17abdbc601808d513a","57856","ATM-Cash Income Summary Per Month Per Service Per Doctor Multple.rpt","False","","False","False","","2","IGroup/Reports/ISP/ATM-Cash Income Summary Per Month Per Service Per Doctor Multple.rpt","Exact duplicate retained pending filename/path validation","Retain"
"Accounts/Reports/IGroup/Reports/ISP/ATM-Cash Income Summary Per Month Per Service Per Doctor.rpt","True","831a7a3c85c3d1f66d79227c230fbf61d52cc6d4","57856","ATM-Cash Income Summary Per Month Per Service Per Doctor.rpt","False","","False","False","","2","IGroup/Reports/ISP/ATM-Cash Income Summary Per Month Per Service Per Doctor.rpt","Exact duplicate retained pending filename/path validation","Retain"
"Accounts/Reports/IGroup/Reports/ISP/ATM-Cash Income Summary Per Month Per Service.rpt","True","6101ff98f65a37759de3a33c60f6cd87cc753853","57856","ATM-Cash Income Summary Per Month Per Service.rpt","False","","False","False","","2","IGroup/Reports/ISP/ATM-Cash Income Summary Per Month Per Service.rpt","Exact duplicate retained pending filename/path validation","Retain"
"Accounts/Reports/IGroup/Reports/ISP/ATM-Cash Income Summary Per Month Summary Per Department per Service.rpt","True","56a261e6d4e0b35c7a6263886c877a8442090df3","59904","ATM-Cash Income Summary Per Month Summary Per Department per Service.rpt","False","","False","False","","2","IGroup/Reports/ISP/ATM-Cash Income Summary Per Month Summary Per Department per Service.rpt","Exact duplicate retained pending filename/path validation","Retain"
"Accounts/Reports/IGroup/Reports/ISP/ATM-Cash Income Summary Per Month Summary Per Month Per Service Per Doctor.rpt","True","957657477d16de928197beb634422b63d84eefb4","59904","ATM-Cash Income Summary Per Month Summary Per Month Per Service Per Doctor.rpt","False","","False","False","","2","IGroup/Reports/ISP/ATM-Cash Income Summary Per Month Summary Per Month Per Service Per Doctor.rpt","Exact duplicate retained pending filename/path validation","Retain"
"Accounts/Reports/IGroup/Reports/ISP/ATM-Cash Income Summary Per Month Summary Per Month Per Service.rpt","True","e290f9c18eb1170237beb9b2e9c1f5349c124ba9","57856","ATM-Cash Income Summary Per Month Summary Per Month Per Service.rpt","False","","False","False","","2","IGroup/Reports/ISP/ATM-Cash Income Summary Per Month Summary Per Month Per Service.rpt","Exact duplicate retained pending filename/path validation","Retain"
"Accounts/Reports/IGroup/Reports/ISP/ATM-Cash Income Summary Statement Per Month Post Final Summary Per Department per Service.rpt","True","97db664c372f79b61a4855c4c0f6f7bc2392b0f8","56832","ATM-Cash Income Summary Statement Per Month Post Final Summary Per Department per Service.rpt","False","","False","False","","2","IGroup/Reports/ISP/ATM-Cash Income Summary Statement Per Month Post Final Summary Per Department per Service.rpt","Exact duplicate retained pending filename/path validation","Retain"
"Accounts/Reports/IGroup/Reports/ISP/ATM-Cash Income Summary Statement Per Month Post Final Summary Per Department per Service2.rpt","True","227441544b0078d4b9ec773fb849bac688383ed6","59904","ATM-Cash Income Summary Statement Per Month Post Final Summary Per Department per Service2.rpt","False","","False","False","","2","IGroup/Reports/ISP/ATM-Cash Income Summary Statement Per Month Post Final Summary Per Department per Service2.rpt","Exact duplicate retained pending filename/path validation","Retain"
"Accounts/Reports/IGroup/Reports/ISP/ATM-Cash Income Summary Statement Per Month Post Final Summary Per Department per Service3.rpt","True","1b1af2c761c08404f64ca0416604724cb8d23f96","59904","ATM-Cash Income Summary Statement Per Month Post Final Summary Per Department per Service3.rpt","False","","False","False","","2","IGroup/Reports/ISP/ATM-Cash Income Summary Statement Per Month Post Final Summary Per Department per Service3.rpt","Exact duplicate retained pending filename/path validation","Retain"
"Accounts/Reports/IGroup/Reports/ISP/ATM-Cash Income Summary Statement Per Month Post Final Summary Per Department per ServiceTest.rpt","True","ab2b0751d84288492cf275d4b7d79433e9e09241","59392","ATM-Cash Income Summary Statement Per Month Post Final Summary Per Department per ServiceTest.rpt","True","Archive-style filename","False","False","","2","IGroup/Reports/ISP/ATM-Cash Income Summary Statement Per Month Post Final Summary Per Department per ServiceTest.rpt","Unreferenced exact duplicate with archive-style name/path","QuarantineExactDuplicate"
"Accounts/Reports/IGroup/Reports/ISP/ATM-Cash Income Summary Statement Per Month Post Final Summary Per Hour per Doctor with VAT.rpt","True","13a74198dc46d13c9bdf7c63f8795e3f2e98d908","57856","ATM-Cash Income Summary Statement Per Month Post Final Summary Per Hour per Doctor with VAT.rpt","False","","False","False","","2","IGroup/Reports/ISP/ATM-Cash Income Summary Statement Per Month Post Final Summary Per Hour per Doctor with VAT.rpt","Exact duplicate retained pending filename/path validation","Retain"
"Accounts/Reports/IGroup/Reports/ISP/ATM-Cash Income Summary Statement Per Month Post Final Summary Per Hour per Doctor without VAT.rpt","True","8ad5509bc857b494002df238ca68f0b35c4c1107","59904","ATM-Cash Income Summary Statement Per Month Post Final Summary Per Hour per Doctor without VAT.rpt","False","","False","False","","2","IGroup/Reports/ISP/ATM-Cash Income Summary Statement Per Month Post Final Summary Per Hour per Doctor without VAT.rpt","Exact duplicate retained pending filename/path validation","Retain"
"Accounts/Reports/IGroup/Reports/ISP/ATM-Cash Income Summary Statement Per Month Post Final Summary Per Hour per Doctor.rpt","True","d133f586be461dcc733635cad7ce30b48c00b179","57856","ATM-Cash Income Summary Statement Per Month Post Final Summary Per Hour per Doctor.rpt","False","","False","False","","2","IGroup/Reports/ISP/ATM-Cash Income Summary Statement Per Month Post Final Summary Per Hour per Doctor.rpt","Exact duplicate retained pending filename/path validation","Retain"
"Accounts/Reports/IGroup/Reports/ISP/ATM-Cash Income Summary Statement Per Month Post Final Summary Per Hour per Service.rpt","True","2a5ae35558896cc96457b2e6fea44f7f90ef58b8","57856","ATM-Cash Income Summary Statement Per Month Post Final Summary Per Hour per Service.rpt","False","","False","False","","2","IGroup/Reports/ISP/ATM-Cash Income Summary Statement Per Month Post Final Summary Per Hour per Service.rpt","Exact duplicate retained pending filename/path validation","Retain"
"Accounts/Reports/IGroup/Reports/ISP/ATM-Cash Income Summary Statement Per Month Post Final Summary Per Hour per Service2.rpt","True","7c296f603585ada9a2b67ccb4eb5064e988b103d","59904","ATM-Cash Income Summary Statement Per Month Post Final Summary Per Hour per Service2.rpt","False","","False","False","","2","IGroup/Reports/ISP/ATM-Cash Income Summary Statement Per Month Post Final Summary Per Hour per Service2.rpt","Exact duplicate retained pending filename/path validation","Retain"
"Accounts/Reports/IGroup/Reports/ISP/ATM-Cash Income Summary Statement Per Month Post Final Summary.rpt","True","54b93e242a890b5db34416c9a5c91481b1c476ad","60416","ATM-Cash Income Summary Statement Per Month Post Final Summary.rpt","False","","False","False","","2","IGroup/Reports/ISP/ATM-Cash Income Summary Statement Per Month Post Final Summary.rpt","Exact duplicate retained pending filename/path validation","Retain"
"Accounts/Reports/IGroup/Reports/ISP/ATM-Cash Summary Statement Per Month Post Final Summary 2.rpt","True","17641ba73dc98b730f10b6391290f3e9d7ba42a2","60416","ATM-Cash Summary Statement Per Month Post Final Summary 2.rpt","False","","False","False","","2","IGroup/Reports/ISP/ATM-Cash Summary Statement Per Month Post Final Summary 2.rpt","Exact duplicate retained pending filename/path validation","Retain"
"Accounts/Reports/IGroup/Reports/ISP/ATM-Cash Summary Statement Per Month Post Final Summary Without Pharmacy.rpt","True","74136a5d7f99dfdbcbabcc38dfba75460b78159e","58368","ATM-Cash Summary Statement Per Month Post Final Summary Without Pharmacy.rpt","False","","False","False","","2","IGroup/Reports/ISP/ATM-Cash Summary Statement Per Month Post Final Summary Without Pharmacy.rpt","Exact duplicate retained pending filename/path validation","Retain"
"Accounts/Reports/IGroup/Reports/ISP/ATM-Cash Summary Statement Per Month Post Final Summary.rpt","True","bc0d13fe7118924c6e4b3b83144db3b163be513e","58368","ATM-Cash Summary Statement Per Month Post Final Summary.rpt","False","","False","False","","2","IGroup/Reports/ISP/ATM-Cash Summary Statement Per Month Post Final Summary.rpt","Exact duplicate retained pending filename/path validation","Retain"
"Accounts/Reports/IGroup/Reports/ISP/ATM-CashIncomePerDepartmentPostSummary.rpt","True","3c4f4bd47f1c954a181465924b32a0ad615bbb88","52736","ATM-CashIncomePerDepartmentPostSummary.rpt","False","","False","False","","2","IGroup/Reports/ISP/ATM-CashIncomePerDepartmentPostSummary.rpt","Exact duplicate retained pending filename/path validation","Retain"
"Accounts/Reports/IGroup/Reports/ISP/ATM-CashIncomePostSummary.rpt","True","9b15aad1da0e68f215a7e87fbbf9b1dee90e7566","51712","ATM-CashIncomePostSummary.rpt","False","","False","False","","2","IGroup/Reports/ISP/ATM-CashIncomePostSummary.rpt","Exact duplicate retained pending filename/path validation","Retain"
"Accounts/Reports/IGroup/Reports/ISP/ATM-CashIncomePostSummaryClinic.rpt","True","b60729c2c3f210416ed893203f4c23d909e0d1e4","52224","ATM-CashIncomePostSummaryClinic.rpt","False","","False","False","","2","IGroup/Reports/ISP/ATM-CashIncomePostSummaryClinic.rpt","Exact duplicate retained pending filename/path validation","Retain"
"Accounts/Reports/IGroup/Reports/ISP/ATM-CashIncomePostSummaryPharmacy.rpt","True","566def92efb24e468be286c6f1d6ec1d2b5b3105","52224","ATM-CashIncomePostSummaryPharmacy.rpt","False","","False","False","","2","IGroup/Reports/ISP/ATM-CashIncomePostSummaryPharmacy.rpt","Exact duplicate retained pending filename/path validation","Retain"
"Accounts/Reports/IGroup/Reports/ISP/ATM-CashIncomePostSummaryPharmacyDetailed.rpt","True","ec7fd3d80aef65a97717a239ce2fdbc037daeef7","52224","ATM-CashIncomePostSummaryPharmacyDetailed.rpt","False","","False","False","","2","IGroup/Reports/ISP/ATM-CashIncomePostSummaryPharmacyDetailed.rpt","Exact duplicate retained pending filename/path validation","Retain"
"Accounts/Reports/IGroup/Reports/ISP/ATM-CashIncomeSummaryPerDayBasedOnInvDetails.rpt","True","8d4e5be33d2457404b42c8fec22d0120790e2f96","52736","ATM-CashIncomeSummaryPerDayBasedOnInvDetails.rpt","False","","False","False","","2","IGroup/Reports/ISP/ATM-CashIncomeSummaryPerDayBasedOnInvDetails.rpt","Exact duplicate retained pending filename/path validation","Retain"
"Accounts/Reports/IGroup/Reports/ISP/ATM-CashIncomeSummaryPerDoctorBasedOnInvDetails.rpt","True","bd4a611bac56a988bba5369f2485c6ba9eb5b569","51200","ATM-CashIncomeSummaryPerDoctorBasedOnInvDetails.rpt","False","","False","False","","2","IGroup/Reports/ISP/ATM-CashIncomeSummaryPerDoctorBasedOnInvDetails.rpt","Exact duplicate retained pending filename/path validation","Retain"
"Accounts/Reports/IGroup/Reports/ISP/ATM-CashIncomeSummaryPerDoctorBasedOnInvDetails_summary.rpt","True","a64eb034585a0ac741706ba50ac3b404cc30fc3b","51200","ATM-CashIncomeSummaryPerDoctorBasedOnInvDetails_summary.rpt","False","","False","False","","2","IGroup/Reports/ISP/ATM-CashIncomeSummaryPerDoctorBasedOnInvDetails_summary.rpt","Exact duplicate retained pending filename/path validation","Retain"
"Accounts/Reports/IGroup/Reports/ISP/ATM-CashIncomeSummaryPerDoctorBasedOnInvDetails_summaryPerService for a given period range..rpt","True","bea6dbff69e09d1bf5aad217af78bdd216715d71","59392","ATM-CashIncomeSummaryPerDoctorBasedOnInvDetails_summaryPerService for a given period range..rpt","False","","False","False","","2","IGroup/Reports/ISP/ATM-CashIncomeSummaryPerDoctorBasedOnInvDetails_summaryPerService for a given period range..rpt","Exact duplicate retained pending filename/path validation","Retain"
"Accounts/Reports/IGroup/Reports/ISP/ATM-CashIncomeSummaryPerDoctorBasedOnInvDetails_summaryPerService landscape mode.rpt","True","9a6589185cb4f2d4f8d7bfcad5dac15f050de8bd","52736","ATM-CashIncomeSummaryPerDoctorBasedOnInvDetails_summaryPerService landscape mode.rpt","False","","False","False","","2","IGroup/Reports/ISP/ATM-CashIncomeSummaryPerDoctorBasedOnInvDetails_summaryPerService landscape mode.rpt","Exact duplicate retained pending filename/path validation","Retain"
"Accounts/Reports/IGroup/Reports/ISP/ATM-CashIncomeSummaryPerDoctorBasedOnInvDetails_summaryPerService.rpt","True","c09f4023b0c010b7104244a9f64ab1b0c49fb9df","52736","ATM-CashIncomeSummaryPerDoctorBasedOnInvDetails_summaryPerService.rpt","False","","False","False","","2","IGroup/Reports/ISP/ATM-CashIncomeSummaryPerDoctorBasedOnInvDetails_summaryPerService.rpt","Exact duplicate retained pending filename/path validation","Retain"
"Accounts/Reports/IGroup/Reports/ISP/ATM-CashIncomeSummaryStatementPerDay.rpt","True","4048785ea83843c80e790f0d874dc2ba8a2a7464","50688","ATM-CashIncomeSummaryStatementPerDay.rpt","False","","False","False","","2","IGroup/Reports/ISP/ATM-CashIncomeSummaryStatementPerDay.rpt","Exact duplicate retained pending filename/path validation","Retain"
"Accounts/Reports/IGroup/Reports/ISP/ATM-CashIncomeSummaryStatementPerDayPerDoctor.rpt","True","39af43788c11ce1ba0253418f3257b9cbdede1d5","52736","ATM-CashIncomeSummaryStatementPerDayPerDoctor.rpt","False","","False","False","","2","IGroup/Reports/ISP/ATM-CashIncomeSummaryStatementPerDayPerDoctor.rpt","Exact duplicate retained pending filename/path validation","Retain"
"Accounts/Reports/IGroup/Reports/ISP/ATM-ClinicDailyReceptionInvoiceSummaryTest.rpt","True","343e34eae46e7222f900d2f0cf4135d5463eacd4","52224","ATM-ClinicDailyReceptionInvoiceSummaryTest.rpt","True","Archive-style filename","False","False","","2","IGroup/Reports/ISP/ATM-ClinicDailyReceptionInvoiceSummaryTest.rpt","Unreferenced exact duplicate with archive-style name/path","QuarantineExactDuplicate"
"Accounts/Reports/IGroup/Reports/ISP/ATM-ClinicDailyReceptionUserWise111.rpt","True","8d849ace9ccc803278721c17e7893dd951237b97","51712","ATM-ClinicDailyReceptionUserWise111.rpt","False","","False","False","","6","IGroup/Reports/ISP/ATM-ClinicDailyReceptionUserWise111.rpt","Exact duplicate retained pending filename/path validation","Retain"
"Accounts/Reports/IGroup/Reports/ISP/ATM-ClinicDailyReceptionUserWise3.rpt","True","94c6292fcbea32fda99ad37401ebcf9ed7350c1e","54784","ATM-ClinicDailyReceptionUserWise3.rpt","False","","False","False","","7","IGroup/Reports/ClinicDailyReceptionUserWise3.rpt","Exact duplicate retained pending filename/path validation","Retain"
"Accounts/Reports/IGroup/Reports/ISP/ATM-ClinicDailyReceptionUserWiseNew.rpt","True","59f1fe625f2def1031bef1d906bcc5de3f0af9e3","51200","ATM-ClinicDailyReceptionUserWiseNew.rpt","False","","False","False","","3","IGroup/Reports/ISP/ATM-ClinicDailyReceptionUserWiseNew.rpt","Exact duplicate retained pending filename/path validation","Retain"
"Accounts/Reports/IGroup/Reports/ISP/ATM-Company Summary Statement Per Month Post Final Summary Except Self Sale.rpt","True","5ad7cc114573c1830a9e3eaa5d5e5743dd4cf510","58880","ATM-Company Summary Statement Per Month Post Final Summary Except Self Sale.rpt","False","","False","False","","2","IGroup/Reports/ISP/ATM-Company Summary Statement Per Month Post Final Summary Except Self Sale.rpt","Exact duplicate retained pending filename/path validation","Retain"
"Accounts/Reports/IGroup/Reports/ISP/ATM-Company Summary Statement Per Month Post Final Summary.rpt","True","a8a596884ea863af9793a22e2582a16641443fa8","58368","ATM-Company Summary Statement Per Month Post Final Summary.rpt","False","","False","False","","2","IGroup/Reports/ISP/ATM-Company Summary Statement Per Month Post Final Summary.rpt","Exact duplicate retained pending filename/path validation","Retain"
"Accounts/Reports/IGroup/Reports/ISP/ATM-Company Summary Statement Per Month Post Summary.rpt","True","1856ce084086d67c825ead8097127188e5986eac","60928","ATM-Company Summary Statement Per Month Post Summary.rpt","False","","False","False","","2","IGroup/Reports/ISP/ATM-Company Summary Statement Per Month Post Summary.rpt","Exact duplicate retained pending filename/path validation","Retain"
"Accounts/Reports/IGroup/Reports/ISP/ATM-Company Summary StatementPer Month Post Summary.rpt","True","0edfc5be15080af3f75960379143d4a472991aa9","58880","ATM-Company Summary StatementPer Month Post Summary.rpt","False","","False","False","","2","IGroup/Reports/ISP/ATM-Company Summary StatementPer Month Post Summary.rpt","Exact duplicate retained pending filename/path validation","Retain"
"Accounts/Reports/IGroup/Reports/ISP/ATM-CompanySummaryStatement per Month.rpt","True","82f181f312fef5fdb50b372358bb2ff86501a6ed","55296","ATM-CompanySummaryStatement per Month.rpt","False","","False","False","","2","IGroup/Reports/ISP/ATM-CompanySummaryStatement per Month.rpt","Exact duplicate retained pending filename/path validation","Retain"
"Accounts/Reports/IGroup/Reports/ISP/ATM-CompanySummaryStatementPerMonthlyPostSummary Format 2.rpt","True","cea2fcf3e652d8e296184bd0cc8d28fc5ba69345","53248","ATM-CompanySummaryStatementPerMonthlyPostSummary Format 2.rpt","False","","False","False","","2","IGroup/Reports/ISP/ATM-CompanySummaryStatementPerMonthlyPostSummary Format 2.rpt","Exact duplicate retained pending filename/path validation","Retain"
"Accounts/Reports/IGroup/Reports/ISP/ATM-CompanySummaryStatementPerMonthlyPostSummary Format 2b.rpt","True","5a642e19231aa02db594fe8eaafc46d2c5a8f6d0","52224","ATM-CompanySummaryStatementPerMonthlyPostSummary Format 2b.rpt","False","","False","False","","2","IGroup/Reports/ISP/ATM-CompanySummaryStatementPerMonthlyPostSummary Format 2b.rpt","Exact duplicate retained pending filename/path validation","Retain"
"Accounts/Reports/IGroup/Reports/ISP/ATM-CompanySummaryStatementPerMonthlyPostSummary Format 2BA.rpt","True","aaa22de3f67217d887b490787092f45bef96321a","59392","ATM-CompanySummaryStatementPerMonthlyPostSummary Format 2BA.rpt","False","","False","False","","2","IGroup/Reports/ISP/ATM-CompanySummaryStatementPerMonthlyPostSummary Format 2BA.rpt","Exact duplicate retained pending filename/path validation","Retain"
"Accounts/Reports/IGroup/Reports/ISP/ATM-CompanySummaryStatementPerMonthlyPostSummary Summarized New per invoice.rpt","True","c2ceabe471929cfb9309f5f87b542127cf3b8191","58880","ATM-CompanySummaryStatementPerMonthlyPostSummary Summarized New per invoice.rpt","False","","False","False","","2","IGroup/Reports/ISP/ATM-CompanySummaryStatementPerMonthlyPostSummary Summarized New per invoice.rpt","Exact duplicate retained pending filename/path validation","Retain"
"Accounts/Reports/IGroup/Reports/ISP/ATM-CompanySummaryStatementPerMonthlyPostSummary Summarized New.rpt","True","2b40a584ae6a3847b1717335a587c9d0f2c40d08","58880","ATM-CompanySummaryStatementPerMonthlyPostSummary Summarized New.rpt","False","","False","False","","2","IGroup/Reports/ISP/ATM-CompanySummaryStatementPerMonthlyPostSummary Summarized New.rpt","Exact duplicate retained pending filename/path validation","Retain"
"Accounts/Reports/IGroup/Reports/ISP/ATM-CompanySummaryStatementPerMonthlyPostSummary Summarized per Invoice New.rpt","True","d3c334a1bfd39246133451ef965e65b1097ed11f","58368","ATM-CompanySummaryStatementPerMonthlyPostSummary Summarized per Invoice New.rpt","False","","False","False","","2","IGroup/Reports/ISP/ATM-CompanySummaryStatementPerMonthlyPostSummary Summarized per Invoice New.rpt","Exact duplicate retained pending filename/path validation","Retain"
"Accounts/Reports/IGroup/Reports/ISP/ATM-CompanySummaryStatementPerMonthlyPostSummary Summarized per Invoice.rpt","True","ba3a8097e7fbb6a4fc447aa5b4e826e04a76dc62","58880","ATM-CompanySummaryStatementPerMonthlyPostSummary Summarized per Invoice.rpt","False","","False","False","","2","IGroup/Reports/ISP/ATM-CompanySummaryStatementPerMonthlyPostSummary Summarized per Invoice.rpt","Exact duplicate retained pending filename/path validation","Retain"
"Accounts/Reports/IGroup/Reports/ISP/ATM-CompanySummaryStatementPerMonthlyPostSummary.rpt","True","eb215a0875a578ed2f818b553a07896de115c61d","54272","ATM-CompanySummaryStatementPerMonthlyPostSummary.rpt","False","","False","False","","2","IGroup/Reports/ISP/ATM-CompanySummaryStatementPerMonthlyPostSummary.rpt","Exact duplicate retained pending filename/path validation","Retain"
"Accounts/Reports/IGroup/Reports/ISP/ATM-CompanySummaryStatementPerMonthlyPostSummary2.rpt","True","72f706a0327e50b41ac74fe27df840604ca633b6","52224","ATM-CompanySummaryStatementPerMonthlyPostSummary2.rpt","False","","False","False","","2","IGroup/Reports/ISP/ATM-CompanySummaryStatementPerMonthlyPostSummary2.rpt","Exact duplicate retained pending filename/path validation","Retain"
"Accounts/Reports/IGroup/Reports/ISP/ATM-CompanySummaryStatementPerMonthlyPostSummaryByTransNo.rpt","True","d581acf57b8db72fbaffa2933a316e081953e5fa","52736","ATM-CompanySummaryStatementPerMonthlyPostSummaryByTransNo.rpt","False","","False","False","","2","IGroup/Reports/ISP/ATM-CompanySummaryStatementPerMonthlyPostSummaryByTransNo.rpt","Exact duplicate retained pending filename/path validation","Retain"
"Accounts/Reports/IGroup/Reports/ISP/ATM-CompanySummaryStatementPerMonthlyPostSummaryNew.rpt","True","6e14844439e722b985c31d82657b311d0a5d6c29","54272","ATM-CompanySummaryStatementPerMonthlyPostSummaryNew.rpt","False","","False","False","","2","IGroup/Reports/ISP/ATM-CompanySummaryStatementPerMonthlyPostSummaryNew.rpt","Exact duplicate retained pending filename/path validation","Retain"
"Accounts/Reports/IGroup/Reports/ISP/ATM-CompanySummaryStatementPerMonthSingleCompany(onNewTable).rpt","True","390f591fd5c41d18e41e1eb077034257d31924c6","54784","ATM-CompanySummaryStatementPerMonthSingleCompany(onNewTable).rpt","False","","False","False","","2","IGroup/Reports/ISP/ATM-CompanySummaryStatementPerMonthSingleCompany(onNewTable).rpt","Exact duplicate retained pending filename/path validation","Retain"
"Accounts/Reports/IGroup/Reports/ISP/ATM-CompanySummaryStatementPerMonthSingleCompany(onNewTable)Detailed.rpt","True","6b26eea869e2ec4b64d92541ad5f29de29a19e6a","55296","ATM-CompanySummaryStatementPerMonthSingleCompany(onNewTable)Detailed.rpt","False","","False","False","","2","IGroup/Reports/ISP/ATM-CompanySummaryStatementPerMonthSingleCompany(onNewTable)Detailed.rpt","Exact duplicate retained pending filename/path validation","Retain"
"Accounts/Reports/IGroup/Reports/ISP/ATM-CompanySummaryStatementPerMonthSingleCompany.rpt","True","eb97b7bce9b2bcbb88732533cd6476e8619ab122","55296","ATM-CompanySummaryStatementPerMonthSingleCompany.rpt","False","","False","False","","2","IGroup/Reports/ISP/ATM-CompanySummaryStatementPerMonthSingleCompany.rpt","Exact duplicate retained pending filename/path validation","Retain"
"Accounts/Reports/IGroup/Reports/ISP/ATM-Credit Income Summary per Company N Pharma.rpt","True","40996e8f008a9033e59ae6e79fba602faf8cf5dc","53248","ATM-Credit Income Summary per Company N Pharma.rpt","False","","False","False","","2","IGroup/Reports/ISP/ATM-Credit Income Summary per Company N Pharma.rpt","Exact duplicate retained pending filename/path validation","Retain"
"Accounts/Reports/IGroup/Reports/ISP/ATM-CreditIncomePostSummaryClinicNPharma.rpt","True","3a63eb0d15eef2c0d18ad81a97da126a5a1e976b","52224","ATM-CreditIncomePostSummaryClinicNPharma.rpt","False","","False","False","","2","IGroup/Reports/ISP/ATM-CreditIncomePostSummaryClinicNPharma.rpt","Exact duplicate retained pending filename/path validation","Retain"
"Accounts/Reports/IGroup/Reports/ISP/ATM-IBCombinedUserWiseSummaryStatementTest.rpt","True","f9ffbb1166e73331f604046b267b7e33a5802ae6","51200","ATM-IBCombinedUserWiseSummaryStatementTest.rpt","True","Archive-style filename","False","False","","2","IGroup/Reports/ISP/ATM-IBCombinedUserWiseSummaryStatementTest.rpt","Unreferenced exact duplicate with archive-style name/path","QuarantineExactDuplicate"
"Accounts/Reports/IGroup/Reports/ISP/ATM-Pharmacy Summary Statement Per Month Post Final Summary.rpt","True","a71af2e6c900a1a854c7ff1423087172a3e7cf34","58368","ATM-Pharmacy Summary Statement Per Month Post Final Summary.rpt","False","","False","False","","2","IGroup/Reports/ISP/ATM-Pharmacy Summary Statement Per Month Post Final Summary.rpt","Exact duplicate retained pending filename/path validation","Retain"
"Accounts/Reports/IGroup/Reports/ISP/ATM-Summary Statement Per Month Post Final Summary.rpt","True","25286480533f0a1a6dcecff883cc52aed0312c6d","58368","ATM-Summary Statement Per Month Post Final Summary.rpt","False","","False","False","","2","IGroup/Reports/ISP/ATM-Summary Statement Per Month Post Final Summary.rpt","Exact duplicate retained pending filename/path validation","Retain"
"Accounts/Reports/IGroup/Reports/ISP/CashCompanySummaryStatementDetailed.rpt","True","7af07223f45363b92ec3bcfbeba11d442bfd77ea","51712","CashCompanySummaryStatementDetailed.rpt","False","","False","False","","2","IGroup/Reports/ISP/CashCompanySummaryStatementDetailed.rpt","Exact duplicate retained pending filename/path validation","Retain"
"Accounts/Reports/IGroup/Reports/ISP/CashCompanySummaryStatementDetailedEntered as Credit.rpt","True","da0eb7efe5a4333926e0336eee11d44b6bdb3cbc","52224","CashCompanySummaryStatementDetailedEntered as Credit.rpt","False","","False","False","","2","IGroup/Reports/ISP/CashCompanySummaryStatementDetailedEntered as Credit.rpt","Exact duplicate retained pending filename/path validation","Retain"
"Accounts/Reports/IGroup/Reports/ISP/Clinic Cash Income per Service per Doctor per Hour Period.rpt","True","a4487c4d5986aa2a0695889681ee9ac56d0de37d","51200","Clinic Cash Income per Service per Doctor per Hour Period.rpt","False","","False","False","","2","IGroup/Reports/ISP/Clinic Cash Income per Service per Doctor per Hour Period.rpt","Exact duplicate retained pending filename/path validation","Retain"
"Accounts/Reports/IGroup/Reports/ISP/Clinic Cash Income per Service per Doctor per Month.rpt","True","bbaa6cce85ac06a23677d815290118ad5e898392","53248","Clinic Cash Income per Service per Doctor per Month.rpt","False","","False","False","","2","IGroup/Reports/ISP/Clinic Cash Income per Service per Doctor per Month.rpt","Exact duplicate retained pending filename/path validation","Retain"
"Accounts/Reports/IGroup/Reports/ISP/Clinic Cash Income per Service per Doctor per Period Single Doctor per item.rpt","True","67efc2a3e5299b900a77a1bce9bdc8458e6d6f52","51200","Clinic Cash Income per Service per Doctor per Period Single Doctor per item.rpt","False","","False","False","","2","IGroup/Reports/ISP/Clinic Cash Income per Service per Doctor per Period Single Doctor per item.rpt","Exact duplicate retained pending filename/path validation","Retain"
"Accounts/Reports/IGroup/Reports/ISP/Clinic Cash Income per Service per Doctor per Period Single Doctor.rpt","True","fe3f29add6a56d1d14d7dd608edad4fc26bab520","52736","Clinic Cash Income per Service per Doctor per Period Single Doctor.rpt","False","","False","False","","2","IGroup/Reports/ISP/Clinic Cash Income per Service per Doctor per Period Single Doctor.rpt","Exact duplicate retained pending filename/path validation","Retain"
"Accounts/Reports/IGroup/Reports/ISP/Clinic Cash Income per Service per Doctor per Period.rpt","True","b21cfd32451da337950fe45268a96d885391ac8e","53248","Clinic Cash Income per Service per Doctor per Period.rpt","False","","False","False","","2","IGroup/Reports/ISP/Clinic Cash Income per Service per Doctor per Period.rpt","Exact duplicate retained pending filename/path validation","Retain"
"Accounts/Reports/IGroup/Reports/ISP/CompanySummaryStatement.rpt","True","5d9c96b57c4ca95524b5706091f657baed8e8ccd","51200","CompanySummaryStatement.rpt","False","","False","False","","2","IGroup/Reports/ISP/CompanySummaryStatement.rpt","Exact duplicate retained pending filename/path validation","Retain"
"Accounts/Reports/IGroup/Reports/ISP/Doctors Cash & Credit Income per Service per Month per given Doctor.rpt","True","e03c2a0d5300a4df93a7acb883404f8643415cab","98816","Doctors Cash & Credit Income per Service per Month per given Doctor.rpt","False","","False","False","","2","IGroup/Reports/ISP/Doctors Cash & Credit Income per Service per Month per given Doctor.rpt","Exact duplicate retained pending filename/path validation","Retain"
"Accounts/Reports/IGroup/Reports/ISP/Doctors Cash and Credit Income per Service per given Doctor.rpt","True","eb767f58fcfaabf4c5c11fe1a0d9081528047539","91136","Doctors Cash and Credit Income per Service per given Doctor.rpt","False","","False","False","","2","IGroup/Reports/ISP/Doctors Cash and Credit Income per Service per given Doctor.rpt","Exact duplicate retained pending filename/path validation","Retain"
"Accounts/Reports/IGroup/Reports/ISP/Doctors Cash Income per Service per Doctor per Month.rpt","True","7cb79bc5cfc9f77913dcaedaaf3f88746e36ca3e","51200","Doctors Cash Income per Service per Doctor per Month.rpt","False","","False","False","","2","IGroup/Reports/ISP/Doctors Cash Income per Service per Doctor per Month.rpt","Exact duplicate retained pending filename/path validation","Retain"
"Accounts/Reports/IGroup/Reports/ISP/Doctors Cash Income per Service per Doctor.rpt","True","6d19bf6d50d94df97cbfb4a85dc371480342fb95","51200","Doctors Cash Income per Service per Doctor.rpt","False","","False","False","","2","IGroup/Reports/ISP/Doctors Cash Income per Service per Doctor.rpt","Exact duplicate retained pending filename/path validation","Retain"
"Accounts/Reports/IGroup/Reports/ISP/Doctors Cash Income per Service per given Doctor.rpt","True","4867ede2e24a44f26890191e89b253afcd05ba44","89088","Doctors Cash Income per Service per given Doctor.rpt","False","","False","False","","2","IGroup/Reports/ISP/Doctors Cash Income per Service per given Doctor.rpt","Exact duplicate retained pending filename/path validation","Retain"
"Accounts/Reports/IGroup/Reports/ISP/Doctors Cash Income per Service per given Doctor2.rpt","True","dc015188643eebeb9dafaefa9112c3d4b915be4d","87552","Doctors Cash Income per Service per given Doctor2.rpt","False","","False","False","","2","IGroup/Reports/ISP/Doctors Cash Income per Service per given Doctor2.rpt","Exact duplicate retained pending filename/path validation","Retain"
"Accounts/Reports/IGroup/Reports/ISP/Doctors Cash Income per Service per Month per given Doctor.rpt","True","8ee71358ec269a6e7d6295991e93cb862459c12a","101376","Doctors Cash Income per Service per Month per given Doctor.rpt","False","","False","False","","2","IGroup/Reports/ISP/Doctors Cash Income per Service per Month per given Doctor.rpt","Exact duplicate retained pending filename/path validation","Retain"
"Accounts/Reports/IGroup/Reports/ISP/Doctors Cash Income per Service.rpt","True","bfc0c51315f1a60bc41f90ce7e16b1ef0f5b787a","89088","Doctors Cash Income per Service.rpt","False","","False","False","","2","IGroup/Reports/ISP/Doctors Cash Income per Service.rpt","Exact duplicate retained pending filename/path validation","Retain"
"Accounts/Reports/IGroup/Reports/ISP/Doctors Credit Income per Service per given Doctor.rpt","True","5308fa75c56de24b5c3439f1f35e72df3b5ff630","89088","Doctors Credit Income per Service per given Doctor.rpt","False","","False","False","","2","IGroup/Reports/ISP/Doctors Credit Income per Service per given Doctor.rpt","Exact duplicate retained pending filename/path validation","Retain"
"Accounts/Reports/IGroup/Reports/ISP/Doctors Credit Income per Service per given Doctor2.rpt","True","44dce09ce50b6048415402f796177a25f03f361c","89600","Doctors Credit Income per Service per given Doctor2.rpt","False","","False","False","","2","IGroup/Reports/ISP/Doctors Credit Income per Service per given Doctor2.rpt","Exact duplicate retained pending filename/path validation","Retain"
"Accounts/Reports/IGroup/Reports/ISP/Doctors Credit Income per Service per Month per given Doctor.rpt","True","f679b3e0df3790f85a16251472c1802354ae9f40","88576","Doctors Credit Income per Service per Month per given Doctor.rpt","False","","False","False","","2","IGroup/Reports/ISP/Doctors Credit Income per Service per Month per given Doctor.rpt","Exact duplicate retained pending filename/path validation","Retain"
"Accounts/Reports/IGroup/Reports/ISP/Doctors Credit Income per Service.rpt","True","2e81672264b62c6ceed91b1665d857a957a8066e","89088","Doctors Credit Income per Service.rpt","False","","False","False","","2","IGroup/Reports/ISP/Doctors Credit Income per Service.rpt","Exact duplicate retained pending filename/path validation","Retain"
"Accounts/Reports/IGroup/Reports/ISP/Doctors Income Per Service.rpt","True","16bac2f45d29832b72d4bb46b4d167c229be6161","60928","Doctors Income Per Service.rpt","False","","False","False","","2","IGroup/Reports/ISP/Doctors Income Per Service.rpt","Exact duplicate retained pending filename/path validation","Retain"
"Accounts/Reports/IGroup/Reports/ISP/ItemMovementReportPeriodic.rpt","True","fed2d2f4492de472cdc723b0566951fb60c60ea6","51712","ItemMovementReportPeriodic.rpt","False","","False","False","","2","IGroup/Reports/ISP/ItemMovementReportPeriodic.rpt","Exact duplicate retained pending filename/path validation","Retain"
"Accounts/Reports/IGroup/Reports/ISP/ItemMovementReportPeriodic1.rpt","True","c4d1e4e94d636af64d3a1db767e04ecdda80fb3d","54272","ItemMovementReportPeriodic1.rpt","False","","False","False","","2","IGroup/Reports/ISP/ItemMovementReportPeriodic1.rpt","Exact duplicate retained pending filename/path validation","Retain"
"Accounts/Reports/IGroup/Reports/ISP/ItemMovementReportPeriodic2.rpt","True","16db0f026789d02aeca6bbf970052b5951a2d375","53248","ItemMovementReportPeriodic2.rpt","False","","False","False","","2","IGroup/Reports/ISP/ItemMovementReportPeriodic2.rpt","Exact duplicate retained pending filename/path validation","Retain"
"Accounts/Reports/IGroup/Reports/ISP/ItemMovementReportPeriodicNew.rpt","True","e68193d32103a52f09f55f6091a42d61820137a4","51200","ItemMovementReportPeriodicNew.rpt","False","","False","False","","2","IGroup/Reports/ISP/ItemMovementReportPeriodicNew.rpt","Exact duplicate retained pending filename/path validation","Retain"
"Accounts/Reports/IGroup/Reports/ISP/National Day Services for a given period  Items (itemized).rpt","True","9ca75fc3e610af64e9859ef5067966350f89af20","59392","National Day Services for a given period  Items (itemized).rpt","False","","False","False","","2","IGroup/Reports/ISP/National Day Services for a given period  Items (itemized).rpt","Exact duplicate retained pending filename/path validation","Retain"
"Accounts/Reports/IGroup/Reports/ISP/No of Diagnostic Test services per Month.rpt","True","added601aab2ee70bc784c174e0e83f88f8fcd2e","52736","No of Diagnostic Test services per Month.rpt","False","","False","True","Accounts/Reports/IGroup/No of Diagnostic Test services per Month.vb:30; Accounts/Accounts.vbproj:1860; Accounts/Accounts.vbproj:2706","2","IGroup/Reports/ISP/No of Diagnostic Test services per Month.rpt","Protected by static or project reference","Retain"
"Accounts/Reports/IGroup/Reports/ISP/No of services per Day.rpt","True","dac70e0d6ed7025ce10020b217daf3dfee0c012a","51200","No of services per Day.rpt","False","","False","False","","2","IGroup/Reports/ISP/No of services per Day.rpt","Exact duplicate retained pending filename/path validation","Retain"
"Accounts/Reports/IGroup/Reports/ISP/No of services per Day1.rpt","True","5b57562f24350509ca544aefa50e9be7bedffefa","52224","No of services per Day1.rpt","False","","False","False","","2","IGroup/Reports/ISP/No of services per Day1.rpt","Exact duplicate retained pending filename/path validation","Retain"
"Accounts/Reports/IGroup/Reports/ISP/No of services per Day2.rpt","True","d96258f1babee42c67322ecb6494016ccbf5576b","52224","No of services per Day2.rpt","False","","False","False","","2","IGroup/Reports/ISP/No of services per Day2.rpt","Exact duplicate retained pending filename/path validation","Retain"
"Accounts/Reports/IGroup/Reports/ISP/No of services per month Diagnostic Services.rpt","True","862c265fec976160e7d56b5cfca81664286b02a6","52736","No of services per month Diagnostic Services.rpt","False","","False","False","","2","IGroup/Reports/ISP/No of services per month Diagnostic Services.rpt","Exact duplicate retained pending filename/path validation","Retain"
"Accounts/Reports/IGroup/Reports/ISP/No. of Patients per clinic Single Doctor.rpt","True","2635cf72b8fe99edf7544fecd5543964bd7ed7d1","218112","No. of Patients per clinic Single Doctor.rpt","False","","False","False","","2","IGroup/Reports/ISP/No. of Patients per clinic Single Doctor.rpt","Exact duplicate retained pending filename/path validation","Retain"
"Accounts/Reports/IGroup/Reports/ISP/No. of Patients per doctor per day.rpt","True","0084cf1643c5e74d471ae8f260d4f52cf7fcd439","79872","No. of Patients per doctor per day.rpt","False","","False","False","","2","IGroup/Reports/ISP/No. of Patients per doctor per day.rpt","Exact duplicate retained pending filename/path validation","Retain"
"Accounts/Reports/IGroup/Reports/ISP/Payroll Report Per Month Per Employee.rpt","True","01791bddca9bd1ea519d691e5dc084f376e241ad","95744","Payroll Report Per Month Per Employee.rpt","False","","False","False","","2","IGroup/Reports/ISP/Payroll Report Per Month Per Employee.rpt","Exact duplicate retained pending filename/path validation","Retain"
"Accounts/Reports/IGroup/Reports/ISP/PurchaseOrderAnalysis.rpt","True","6cec18205f1c93263d4fdd72d07c5638681cb723","17408","PurchaseOrderAnalysis.rpt","False","","False","False","","2","IGroup/Reports/ISP/PurchaseOrderAnalysis.rpt","Exact duplicate retained pending filename/path validation","Retain"
"Accounts/Reports/IGroup/Reports/ISP/Report1.rpt","True","5dd559d9c6189a0767d86dc46598d49193e6a82f","48128","Report1.rpt","False","","False","False","","2","IGroup/Reports/ISP/Report1.rpt","Exact duplicate retained pending filename/path validation","Retain"
"Accounts/Reports/IGroup/Reports/ISP/Statement of Employee Payroll.rpt","True","56a667740a3e274e633c3b7196a8b86e90697e70","88064","Statement of Employee Payroll.rpt","False","","False","True","Accounts/Reports/IGroup/Statement of Employee Payroll.vb:30; Accounts/Accounts.vbproj:1926; Accounts/Accounts.vbproj:2750","2","IGroup/Reports/ISP/Statement of Employee Payroll.rpt","Protected by static or project reference","Retain"
"Accounts/Reports/IGroup/Reports/ISP/temp.rpt","True","299455b4adaf9b90aa9038551cfe00e809cb0443","60416","temp.rpt","False","","False","False","","2","IGroup/Reports/ISP/temp.rpt","Exact duplicate retained pending filename/path validation","Retain"
"Accounts/Reports/IGroup/Reports/ISP/TEST.rpt","True","287dcee68f9cc4e194f0689901ab08b231e939e0","60416","TEST.rpt","True","Archive-style filename","False","False","","2","IGroup/Reports/ISP/TEST.rpt","Unreferenced exact duplicate with archive-style name/path","QuarantineExactDuplicate"
"Accounts/Reports/IGroup/Reports/ISP/test2.rpt","True","e952676c8835d080950b817de21f5a8d5679e691","60416","test2.rpt","True","Archive-style filename","False","False","","2","IGroup/Reports/ISP/test2.rpt","Unreferenced exact duplicate with archive-style name/path","QuarantineExactDuplicate"
"Accounts/Reports/IGroup/Reports/ISP/trial.rpt","True","2881f642043ffb277bc3678490f36867c05464b0","52736","trial.rpt","True","Archive-style filename","False","False","","2","IGroup/Reports/ISP/trial.rpt","Unreferenced exact duplicate with archive-style name/path","QuarantineExactDuplicate"
"Accounts/Reports/IGroup/Reports/ISP/VatAdjustedDailyInvoices.rpt","True","8ee00f12fcbbe228a3466d2feb851afbf5d0c643","56832","VatAdjustedDailyInvoices.rpt","False","","False","False","","2","IGroup/Reports/ISP/VatAdjustedDailyInvoices.rpt","Exact duplicate retained pending filename/path validation","Retain"
"Accounts/Reports/IGroup/Reports/ISP/VatAdjustedDailyInvoicesFinal.rpt","True","5ecfc5a3c3c6bc582d1344fd09eef06c8e78255d","52224","VatAdjustedDailyInvoicesFinal.rpt","False","","False","False","","2","IGroup/Reports/ISP/VatAdjustedDailyInvoicesFinal.rpt","Exact duplicate retained pending filename/path validation","Retain"
"Accounts/Reports/IGroup/Reports/ISP/VatAdjustedDailyInvoicesNew.rpt","True","d2d754aca9ae2fdc5d9aa686cf02204ac93130d2","55808","VatAdjustedDailyInvoicesNew.rpt","False","","False","False","","2","IGroup/Reports/ISP/VatAdjustedDailyInvoicesNew.rpt","Exact duplicate retained pending filename/path validation","Retain"
"Accounts/Reports/IGroup/Reports/ISP/VatAdjustedDailyInvoicesNew2.rpt","True","2bed26ade6b0477ed19c6ca78961352bcce3136c","57856","VatAdjustedDailyInvoicesNew2.rpt","False","","False","False","","2","IGroup/Reports/ISP/VatAdjustedDailyInvoicesNew2.rpt","Exact duplicate retained pending filename/path validation","Retain"
"Accounts/Reports/IGroup/Reports/ISP/VatAdjustedDailyInvoicesNew3.rpt","True","8f54289975ab55261c0a9553d7aac4edb7ac691d","55808","VatAdjustedDailyInvoicesNew3.rpt","False","","False","False","","2","IGroup/Reports/ISP/VatAdjustedDailyInvoicesNew3.rpt","Exact duplicate retained pending filename/path validation","Retain"
"Accounts/Reports/IGroup/Reports/ISP/VatAdjustedInvoices.rpt","True","61a45adb79a6aac6fdf80e5c72365c8b2faa0fad","53760","VatAdjustedInvoices.rpt","False","","False","False","","2","IGroup/Reports/ISP/VatAdjustedInvoices.rpt","Exact duplicate retained pending filename/path validation","Retain"
"Accounts/Reports/IGroup/Reports/ISP/VatAdjustedInvoices4thQuarter.rpt","True","720254670443cdc2a9058c0f8c28451ac0c81dba","53248","VatAdjustedInvoices4thQuarter.rpt","False","","False","False","","2","IGroup/Reports/ISP/VatAdjustedInvoices4thQuarter.rpt","Exact duplicate retained pending filename/path validation","Retain"
"Accounts/Reports/IGroup/Reports/ISP/VatAdjustedInvoicesNew.rpt","True","e352f2eeb5d557bdc8dafa789cb45ec9fedb30cb","53760","VatAdjustedInvoicesNew.rpt","False","","False","False","","2","IGroup/Reports/ISP/VatAdjustedInvoicesNew.rpt","Exact duplicate retained pending filename/path validation","Retain"
"Accounts/Reports/IGroup/Reports/ISP/VatAdjustedInvoicesVatSubmission.rpt","True","d495e19d0a971c36623c9414709508179cabd9a6","53760","VatAdjustedInvoicesVatSubmission.rpt","False","","False","False","","2","IGroup/Reports/ISP/VatAdjustedInvoicesVatSubmission.rpt","Exact duplicate retained pending filename/path validation","Retain"
"Accounts/Reports/IGroup/Reports/ISP/VatAdjustedInvoicesVatSubmission2.rpt","True","6aba65401f46d375f8c7f289950a04cf837c6655","51712","VatAdjustedInvoicesVatSubmission2.rpt","False","","False","False","","2","IGroup/Reports/ISP/VatAdjustedInvoicesVatSubmission2.rpt","Exact duplicate retained pending filename/path validation","Retain"
"Accounts/Reports/IGroup/Reports/ISP/VatPurchases4thQuarter.rpt","True","a5317703fae8355f79912343602a0289b8d90eea","48640","VatPurchases4thQuarter.rpt","False","","False","False","","2","IGroup/Reports/ISP/VatPurchases4thQuarter.rpt","Exact duplicate retained pending filename/path validation","Retain"
"Accounts/Reports/IGroup/Reports/ISP/Warehouse Summary Usage.rpt","True","8cb1e6806f779edc9f782ef6eb0290cac5848c3b","53248","Warehouse Summary Usage.rpt","False","","False","False","","2","IGroup/Reports/ISP/Warehouse Summary Usage.rpt","Exact duplicate retained pending filename/path validation","Retain"
"Accounts/Reports/IGroup/Reports/ItemMovementReport.rpt","True","3ddaf206ec791edbefac13458c55b023ec7e3ba3","15872","ItemMovementReport.rpt","False","","False","False","","5","IGroup/Reports/ItemMovementReport.rpt","Exact duplicate retained pending filename/path validation","Retain"
"Accounts/Reports/IGroup/Reports/ItemMovementReportFromOS.rpt","True","6c7cc393be303777e84bd2572bc4bfac1d79817d","50688","ItemMovementReportFromOS.rpt","False","","False","False","","3","IGroup/Reports/ItemMovementReportFromOS.rpt","Exact duplicate retained pending filename/path validation","Retain"
"Accounts/Reports/IGroup/Reports/ItemMovementReportPeriodic.rpt","True","cde5ae5dbda06b9a9e46ce777433ef22b2253533","51712","ItemMovementReportPeriodic.rpt","False","","False","False","","3","IGroup/Reports/ItemMovementReportPeriodic.rpt","Exact duplicate retained pending filename/path validation","Retain"
"Accounts/Reports/IGroup/Reports/ItemMovementReportPeriodicOrig.rpt","True","69a483009ccb90e3a4f398d372e8747497d9c341","52736","ItemMovementReportPeriodicOrig.rpt","False","","False","False","","3","IGroup/Reports/ItemMovementReportPeriodicOrig.rpt","Exact duplicate retained pending filename/path validation","Retain"
"Accounts/Reports/IGroup/Reports/ItemPriceList.rpt","True","3f592b37f1a80aee19c19cd6d352c9891505ef2f","1161728","ItemPriceList.rpt","False","","False","False","","5","IGroup/Reports/ItemPriceList.rpt","Exact duplicate retained pending filename/path validation","Retain"
"Accounts/Reports/IGroup/Reports/ItemWisePurchaseHistory.rpt","True","9b2631d46b8356320b08f8387e4747fd441b0ec5","49664","ItemWisePurchaseHistory.rpt","False","","False","False","","3","IGroup/Reports/ItemWisePurchaseHistory.rpt","Exact duplicate retained pending filename/path validation","Retain"
"Accounts/Reports/IGroup/Reports/Lab Summary Report by Invoice (Friday Only).rpt","True","db0144a7868fe2f1ef718f9a90036669df0615a0","57344","Lab Summary Report by Invoice (Friday Only).rpt","False","","False","False","","2","IGroup/Reports/Lab Summary Report by Invoice (Friday Only).rpt","Exact duplicate retained pending filename/path validation","Retain"
"Accounts/Reports/IGroup/Reports/Lab Summary Report by Invoice Summary per Month.rpt","True","d732960f57fad3217a767a527dccb081b5f8babf","179712","Lab Summary Report by Invoice Summary per Month.rpt","False","","False","False","","2","IGroup/Reports/Lab Summary Report by Invoice Summary per Month.rpt","Exact duplicate retained pending filename/path validation","Retain"
"Accounts/Reports/IGroup/Reports/Lab Summary Report by Invoice with amount (Friday Only).rpt","True","6e4f90ee8957731568caec88e444edf1e708bf68","57344","Lab Summary Report by Invoice with amount (Friday Only).rpt","False","","False","False","","2","IGroup/Reports/Lab Summary Report by Invoice with amount (Friday Only).rpt","Exact duplicate retained pending filename/path validation","Retain"
"Accounts/Reports/IGroup/Reports/Lab Summary Report by Lab Test (Friday Only).rpt","True","d23e846e37e27951cd90f8a341484786232a48ed","57856","Lab Summary Report by Lab Test (Friday Only).rpt","False","","False","False","","2","IGroup/Reports/Lab Summary Report by Lab Test (Friday Only).rpt","Exact duplicate retained pending filename/path validation","Retain"
"Accounts/Reports/IGroup/Reports/Lab Summary Report by Lab Tests (Friday Only).rpt","True","2506fa9e1e0ae9f26658e098ce39f79f3bb77cc1","55808","Lab Summary Report by Lab Tests (Friday Only).rpt","False","","False","False","","2","IGroup/Reports/Lab Summary Report by Lab Tests (Friday Only).rpt","Exact duplicate retained pending filename/path validation","Retain"
"Accounts/Reports/IGroup/Reports/Lab Summary Report.rpt","True","1d7a31ee9b39b6fef6bbcee0a152d573fe1ee4ee","56320","Lab Summary Report.rpt","False","","False","False","","2","IGroup/Reports/Lab Summary Report.rpt","Exact duplicate retained pending filename/path validation","Retain"
"Accounts/Reports/IGroup/Reports/LabInvp001.rpt","True","ae1534be523360633ebd5cdad8ef0474519b86e5","57856","LabInvp001.rpt","False","","False","False","","2","IGroup/Reports/LabInvp001.rpt","Exact duplicate retained pending filename/path validation","Retain"
"Accounts/Reports/IGroup/Reports/Laboratory Tests Done for a given Period per nationality.rpt","True","4a4b921a5358cfd9e69c572dbf5476584bc9db79","206848","Laboratory Tests Done for a given Period per nationality.rpt","False","","False","False","","2","IGroup/Reports/Laboratory Tests Done for a given Period per nationality.rpt","Exact duplicate retained pending filename/path validation","Retain"
"Accounts/Reports/IGroup/Reports/Laboratory Tests Done for a given Period per Unknown Nationality.rpt","True","f2908ed47b39b2ad97f171f5b5bef8353689baf5","76288","Laboratory Tests Done for a given Period per Unknown Nationality.rpt","False","","False","False","","2","IGroup/Reports/Laboratory Tests Done for a given Period per Unknown Nationality.rpt","Exact duplicate retained pending filename/path validation","Retain"
"Accounts/Reports/IGroup/Reports/Laboratory Tests Done for a given Period.rpt","True","686bd7bb9af0060b4017026f717f5d44c4ed66c4","294912","Laboratory Tests Done for a given Period.rpt","False","","False","False","","1","","No static reference found; retained because reports are loaded dynamically","Retain"
"Accounts/Reports/IGroup/Reports/LabPlain.rpt","True","80b3329559cb6814884425c1a4e385c666568a89","55808","LabPlain.rpt","False","","False","False","","2","IGroup/Reports/LabPlain.rpt","Exact duplicate retained pending filename/path validation","Retain"
"Accounts/Reports/IGroup/Reports/ListofDailyPatients.rpt","True","e7e332a6c7f063ef9f0f950d32f53ca1bd85c7d4","48640","ListofDailyPatients.rpt","False","","False","False","","3","IGroup/Reports/ListofDailyPatients.rpt","Exact duplicate retained pending filename/path validation","Retain"
"Accounts/Reports/IGroup/Reports/ListofDailyPatients2.rpt","True","1487d7e414c8591ef4c92ecdb1a019fec3367e9e","50176","ListofDailyPatients2.rpt","False","","False","False","","3","IGroup/Reports/ListofDailyPatients2.rpt","Exact duplicate retained pending filename/path validation","Retain"
"Accounts/Reports/IGroup/Reports/ListofDailyPatientsNewFormat.rpt","True","e83daa42ee1b2fc597caa32c7d3a378c0bc2d3cd","50688","ListofDailyPatientsNewFormat.rpt","False","","False","False","","2","IGroup/Reports/ListofDailyPatientsNewFormat.rpt","Exact duplicate retained pending filename/path validation","Retain"
"Accounts/Reports/IGroup/Reports/ListofDailyPatientsNewFormat2.rpt","True","1e7ebc799d70ea85577585315e6a409626dccf9f","48640","ListofDailyPatientsNewFormat2.rpt","False","","False","False","","2","IGroup/Reports/ListofDailyPatientsNewFormat2.rpt","Exact duplicate retained pending filename/path validation","Retain"
"Accounts/Reports/IGroup/Reports/ListofDailyPatientsOrig2.rpt","True","4181a8917b987b1c52a98d00d7d313e59d679352","48640","ListofDailyPatientsOrig2.rpt","False","","False","False","","2","IGroup/Reports/ListofDailyPatientsOrig2.rpt","Exact duplicate retained pending filename/path validation","Retain"
"Accounts/Reports/IGroup/Reports/ListofDailyPatientsPerDoctor.rpt","True","34d72a0058d79d5896ebc53bad59e33a723edca2","51712","ListofDailyPatientsPerDoctor.rpt","False","","False","False","","3","IGroup/Reports/ListofDailyPatientsPerDoctor.rpt","Exact duplicate retained pending filename/path validation","Retain"
"Accounts/Reports/IGroup/Reports/ListofMonthlyPatients.rpt","True","f7d6fb7d0315ea0ea3f1d09666ba9f10b0c3e32b","48128","ListofMonthlyPatients.rpt","False","","False","False","","3","IGroup/Reports/ListofMonthlyPatients.rpt","Exact duplicate retained pending filename/path validation","Retain"
"Accounts/Reports/IGroup/Reports/MedicalServicePriceList.rpt","True","a12e211b7b5dd44a78a8ea4ad6ccb92d15b65232","119296","MedicalServicePriceList.rpt","False","","False","False","","5","IGroup/Reports/MedicalServicePriceList.rpt","Exact duplicate retained pending filename/path validation","Retain"
"Accounts/Reports/IGroup/Reports/MedicalServicePriceListCash.rpt","True","e4bcbf426235515d60d0363621544df8414b920c","48640","MedicalServicePriceListCash.rpt","False","","False","False","","2","IGroup/Reports/MedicalServicePriceListCash.rpt","Exact duplicate retained pending filename/path validation","Retain"
"Accounts/Reports/IGroup/Reports/MedicalServicePriceListCredit.rpt","True","d3cd599d884e5cfb446ff56063034cd01a43184a","118784","MedicalServicePriceListCredit.rpt","False","","False","False","","5","IGroup/Reports/MedicalServicePriceListCredit.rpt","Exact duplicate retained pending filename/path validation","Retain"
"Accounts/Reports/IGroup/Reports/Mine/ClinicBillPrint.rpt","True","bcc8be23da80b56b705d3b453ac184f4647160b0","14848","ClinicBillPrint.rpt","False","","False","False","","5","IGroup/Reports/Mine/ClinicBillPrint.rpt","Exact duplicate retained pending filename/path validation","Retain"
"Accounts/Reports/IGroup/Reports/Mine/ClinicBillPrint1.rpt","True","11b23defe0932a34bae764412a29fa10c079ec5f","14848","ClinicBillPrint1.rpt","False","","False","False","","3","IGroup/Reports/Mine/ClinicBillPrint1.rpt","Exact duplicate retained pending filename/path validation","Retain"
"Accounts/Reports/IGroup/Reports/Mine/ClinicDailyReceptionDoctorWise.rpt","True","e65a7cf009ca7be8ee9f105f15875477c1ccc8fb","51200","ClinicDailyReceptionDoctorWise.rpt","False","","False","False","","7","IGroup/Reports/ClinicDailyReceptionDoctorWise.rpt","Exact duplicate retained pending filename/path validation","Retain"
"Accounts/Reports/IGroup/Reports/Mine/ClinicDailyReceptionInvoice (2).rpt","True","09e6bc3c959a144658b90ec29847a84f3eedee64","56320","ClinicDailyReceptionInvoice (2).rpt","True","Archive-style filename","False","False","","2","IGroup/Reports/Mine/ClinicDailyReceptionInvoice (2).rpt","Unreferenced exact duplicate with archive-style name/path","QuarantineExactDuplicate"
"Accounts/Reports/IGroup/Reports/Mine/ClinicDailyReceptionInvoice.rpt","True","9e0924b38854b50ad7fdd81d4b8881bdd3d4e230","54784","ClinicDailyReceptionInvoice.rpt","False","","False","False","","2","IGroup/Reports/Mine/ClinicDailyReceptionInvoice.rpt","Exact duplicate retained pending filename/path validation","Retain"
"Accounts/Reports/IGroup/Reports/Mine/ClinicDailyReceptionInvoiceER.rpt","True","da86a1f43e0079c320372acacba8b4627a7cd2b0","54272","ClinicDailyReceptionInvoiceER.rpt","False","","False","False","","2","IGroup/Reports/Mine/ClinicDailyReceptionInvoiceER.rpt","Exact duplicate retained pending filename/path validation","Retain"
"Accounts/Reports/IGroup/Reports/Mine/ClinicDailyReceptionInvoiceMine.rpt","True","2d090b9e890f4c822ae42cf2988ca18f952d33b8","54272","ClinicDailyReceptionInvoiceMine.rpt","False","","False","False","","2","IGroup/Reports/Mine/ClinicDailyReceptionInvoiceMine.rpt","Exact duplicate retained pending filename/path validation","Retain"
"Accounts/Reports/IGroup/Reports/Mine/ClinicDailyReceptionInvoicePerDate.rpt","True","5ff1b20c686728d641799ceac848a108abe62bb8","53760","ClinicDailyReceptionInvoicePerDate.rpt","False","","False","False","","4","IGroup/Reports/Mine/ClinicDailyReceptionInvoicePerDate.rpt","Exact duplicate retained pending filename/path validation","Retain"
"Accounts/Reports/IGroup/Reports/Mine/ClinicDailyReceptionInvoicePerInvoice.rpt","True","d0fd722685b6f5511bf12802bd45b31369a068c0","56832","ClinicDailyReceptionInvoicePerInvoice.rpt","False","","False","False","","2","IGroup/Reports/Mine/ClinicDailyReceptionInvoicePerInvoice.rpt","Exact duplicate retained pending filename/path validation","Retain"
"Accounts/Reports/IGroup/Reports/Mine/ClinicDailyReceptionUserWise(gross).rpt","True","806e822a2425d8fac4cf708b9555a732845790d6","53760","ClinicDailyReceptionUserWise(gross).rpt","False","","False","False","","2","IGroup/Reports/Mine/ClinicDailyReceptionUserWise(gross).rpt","Exact duplicate retained pending filename/path validation","Retain"
"Accounts/Reports/IGroup/Reports/Mine/ClinicDailyReceptionUserWise.rpt","True","4fa9864cff31abc4ed3a79cc6d76dbb24ca8697c","54784","ClinicDailyReceptionUserWise.rpt","False","","False","False","","2","IGroup/Reports/Mine/ClinicDailyReceptionUserWise.rpt","Exact duplicate retained pending filename/path validation","Retain"
"Accounts/Reports/IGroup/Reports/Mine/ClinicDailyReceptionUserWise2.rpt","True","5436033757d19d27ea255fb2d45b60381de61e23","54272","ClinicDailyReceptionUserWise2.rpt","False","","False","False","","2","IGroup/Reports/Mine/ClinicDailyReceptionUserWise2.rpt","Exact duplicate retained pending filename/path validation","Retain"
"Accounts/Reports/IGroup/Reports/Mine/ClinicReceptionCollection.rpt","True","a04889223c191ad0e995caff64b12b784d5d86c7","53760","ClinicReceptionCollection.rpt","False","","False","False","","3","IGroup/Reports/Mine/ClinicReceptionCollection.rpt","Exact duplicate retained pending filename/path validation","Retain"
"Accounts/Reports/IGroup/Reports/Mine/Combined Clinic Cash Income Only per day per Branch with Before Vat Total.rpt","True","a79509b334f49802617998887911d97cc7644551","190976","Combined Clinic Cash Income Only per day per Branch with Before Vat Total.rpt","False","","False","False","","2","IGroup/Reports/Mine/Combined Clinic Cash Income Only per day per Branch with Before Vat Total.rpt","Exact duplicate retained pending filename/path validation","Retain"
"Accounts/Reports/IGroup/Reports/Mine/Combined Clinic Cash Income Only per day per Branch.rpt","True","d2a0dff5b4f5db47aa52eefeff9e2b2b29325060","93184","Combined Clinic Cash Income Only per day per Branch.rpt","False","","False","False","","2","IGroup/Reports/Mine/Combined Clinic Cash Income Only per day per Branch.rpt","Exact duplicate retained pending filename/path validation","Retain"
"Accounts/Reports/IGroup/Reports/Mine/Combined Clinic Cash Income Only per day per center with Before Vat Total.rpt","True","e4a92b7b2bf43fdd52801317f61439478005bb85","141824","Combined Clinic Cash Income Only per day per center with Before Vat Total.rpt","False","","False","False","","2","IGroup/Reports/Mine/Combined Clinic Cash Income Only per day per center with Before Vat Total.rpt","Exact duplicate retained pending filename/path validation","Retain"
"Accounts/Reports/IGroup/Reports/Mine/Combined Clinic Cash Income per day per Branch (with detailed discount).rpt","True","201634a6d1ba9f8ab5fe8d4a5772be097683e7d8","159232","Combined Clinic Cash Income per day per Branch (with detailed discount).rpt","False","","False","False","","2","IGroup/Reports/Mine/Combined Clinic Cash Income per day per Branch (with detailed discount).rpt","Exact duplicate retained pending filename/path validation","Retain"
"Accounts/Reports/IGroup/Reports/Mine/Combined Clinic Cash Income per day per Branch Old Format.rpt","True","66dd9c32dadb0ff9420a67edc53c2432ec416240","150528","Combined Clinic Cash Income per day per Branch Old Format.rpt","False","","False","False","","2","IGroup/Reports/Mine/Combined Clinic Cash Income per day per Branch Old Format.rpt","Exact duplicate retained pending filename/path validation","Retain"
"Accounts/Reports/IGroup/Reports/Mine/Combined Clinic Cash Income per user per Branch (with detailed discount).rpt","True","0c7551c54a9d25bf76d00304a90b5c29718491ee","92672","Combined Clinic Cash Income per user per Branch (with detailed discount).rpt","False","","False","False","","2","IGroup/Reports/Mine/Combined Clinic Cash Income per user per Branch (with detailed discount).rpt","Exact duplicate retained pending filename/path validation","Retain"
"Accounts/Reports/IGroup/Reports/Mine/Combined Clinic Cash Income per user per Center (with detailed discount).rpt","True","bb14b993e686d2881988986de3f8eb99683cdc69","92672","Combined Clinic Cash Income per user per Center (with detailed discount).rpt","False","","False","False","","2","IGroup/Reports/Mine/Combined Clinic Cash Income per user per Center (with detailed discount).rpt","Exact duplicate retained pending filename/path validation","Retain"
"Accounts/Reports/IGroup/Reports/Mine/Combined Income Report Cash & Credit per user (with detailed discount).rpt","True","915427c032bd20979134480ecc00890d41d91cf5","92160","Combined Income Report Cash & Credit per user (with detailed discount).rpt","False","","False","False","","2","IGroup/Reports/Mine/Combined Income Report Cash & Credit per user (with detailed discount).rpt","Exact duplicate retained pending filename/path validation","Retain"
"Accounts/Reports/IGroup/Reports/Mine/Combined Income Report Cash & Credit per user per Center (with detailed discount).rpt","True","c2390e5b1ea7c7de05881f8d508f987fb685dafe","93184","Combined Income Report Cash & Credit per user per Center (with detailed discount).rpt","False","","False","False","","2","IGroup/Reports/Mine/Combined Income Report Cash & Credit per user per Center (with detailed discount).rpt","Exact duplicate retained pending filename/path validation","Retain"
"Accounts/Reports/IGroup/Reports/Mine/Combined Income Report Cash & Credit per user.rpt","True","257dfd593e7c158432caadc49316513694dc3985","93184","Combined Income Report Cash & Credit per user.rpt","False","","False","False","","2","IGroup/Reports/Mine/Combined Income Report Cash & Credit per user.rpt","Exact duplicate retained pending filename/path validation","Retain"
"Accounts/Reports/IGroup/Reports/Mine/Combined Income Report Cash Only per day with Before Vat Total.rpt","True","86e0cd4573cee6ea94eff32eb50b89ca65a1d802","140800","Combined Income Report Cash Only per day with Before Vat Total.rpt","False","","False","False","","2","IGroup/Reports/Mine/Combined Income Report Cash Only per day with Before Vat Total.rpt","Exact duplicate retained pending filename/path validation","Retain"
"Accounts/Reports/IGroup/Reports/Mine/Combined Income Report Cash Only per user per Invoice.rpt","True","cb4a031480129dc3d65cf1275ae88cdef254e2e2","126464","Combined Income Report Cash Only per user per Invoice.rpt","False","","False","False","","2","IGroup/Reports/Mine/Combined Income Report Cash Only per user per Invoice.rpt","Exact duplicate retained pending filename/path validation","Retain"
"Accounts/Reports/IGroup/Reports/Mine/Combined Income Report Cash Only per user with Before Vat Total.rpt","True","a9fcc9b4bbebef52926eba0f4c4cb9a77b0a4ac2","93696","Combined Income Report Cash Only per user with Before Vat Total.rpt","False","","False","False","","2","IGroup/Reports/Mine/Combined Income Report Cash Only per user with Before Vat Total.rpt","Exact duplicate retained pending filename/path validation","Retain"
"Accounts/Reports/IGroup/Reports/Mine/Combined Income Report Cash Only per user.rpt","True","5e55e0f8a4769a9f29dfb1273c9969fdd3d12708","92160","Combined Income Report Cash Only per user.rpt","False","","False","False","","2","IGroup/Reports/Mine/Combined Income Report Cash Only per user.rpt","Exact duplicate retained pending filename/path validation","Retain"
"Accounts/Reports/IGroup/Reports/Mine/Combined Income Report Cash per user per Center (with detailed discount).rpt","True","d11c40ff12f34d45368ebb2072aca8dc17a051d9","92160","Combined Income Report Cash per user per Center (with detailed discount).rpt","False","","False","False","","2","IGroup/Reports/Mine/Combined Income Report Cash per user per Center (with detailed discount).rpt","Exact duplicate retained pending filename/path validation","Retain"
"Accounts/Reports/IGroup/Reports/Mine/CombinedSummaryStatementDateWise.rpt","True","b36d35ce3ab5c91bcdf5809ea7799f90bc4d78d6","54272","CombinedSummaryStatementDateWise.rpt","False","","False","False","","2","IGroup/Reports/Mine/CombinedSummaryStatementDateWise.rpt","Exact duplicate retained pending filename/path validation","Retain"
"Accounts/Reports/IGroup/Reports/Mine/CreditCoMonthlySubmission.rpt","True","a50534a4dc0ef7607fa2aa12226d1a9b066ef8a8","52224","CreditCoMonthlySubmission.rpt","False","","False","False","","2","IGroup/Reports/Mine/CreditCoMonthlySubmission.rpt","Exact duplicate retained pending filename/path validation","Retain"
"Accounts/Reports/IGroup/Reports/Mine/DCBillPrint.rpt","True","5a509309ba37fbccb7f56d91b9e7ed79a1d65d56","14848","DCBillPrint.rpt","False","","False","True","Accounts/Reports/IGroup/DCBillPrint.vb:30; Accounts/Accounts.vbproj:1812; Accounts/Accounts.vbproj:2674","2","IGroup/Reports/Mine/DCBillPrint.rpt","Protected by static or project reference","Retain"
"Accounts/Reports/IGroup/Reports/Mine/Dental Services Price List.rpt","True","4d7098a9c1b334c89c7348004b2d6eaf08aa9ecd","87040","Dental Services Price List.rpt","False","","False","False","","2","IGroup/Reports/Mine/Dental Services Price List.rpt","Exact duplicate retained pending filename/path validation","Retain"
"Accounts/Reports/IGroup/Reports/Mine/Dr. Noma Patients.rpt","True","e63081d4722bb2f29b1d55eca4e1aae9a552f7a7","48640","Dr. Noma Patients.rpt","False","","False","False","","2","IGroup/Reports/Mine/Dr. Noma Patients.rpt","Exact duplicate retained pending filename/path validation","Retain"
"Accounts/Reports/IGroup/Reports/Mine/Final/Combined Clinic Cash Income Only per day per Branch.rpt","True","e739f91056d55ef94f8a8a4758921e87fa32fde6","201216","Combined Clinic Cash Income Only per day per Branch.rpt","False","","False","False","","2","IGroup/Reports/Mine/Final/Combined Clinic Cash Income Only per day per Branch.rpt","Exact duplicate retained pending filename/path validation","Retain"
"Accounts/Reports/IGroup/Reports/Mine/Final/Combined Clinic Cash Income Only per day per Center.rpt","True","f00a51e6e98c65ad6164a7a0a0336371ef381cc8","178176","Combined Clinic Cash Income Only per day per Center.rpt","False","","False","False","","2","IGroup/Reports/Mine/Final/Combined Clinic Cash Income Only per day per Center.rpt","Exact duplicate retained pending filename/path validation","Retain"
"Accounts/Reports/IGroup/Reports/Mine/Final/Combined Clinic Cash Income Only per day per User per Center.rpt","True","df538fe206ede51c4c5593808628e10eb48d2da5","93696","Combined Clinic Cash Income Only per day per User per Center.rpt","False","","False","False","","2","IGroup/Reports/Mine/Final/Combined Clinic Cash Income Only per day per User per Center.rpt","Exact duplicate retained pending filename/path validation","Retain"
"Accounts/Reports/IGroup/Reports/Mine/IBDailyReceptionInvoice.rpt","True","ee5c6c765661ae04b2407842664057550c13c234","53248","IBDailyReceptionInvoice.rpt","False","","False","False","","2","IGroup/Reports/Mine/IBDailyReceptionInvoice.rpt","Exact duplicate retained pending filename/path validation","Retain"
"Accounts/Reports/IGroup/Reports/Mine/IBDrivingLicenseSummary.rpt","True","ef391c1f16260f93244c2817c3f0eb72e39bd760","48640","IBDrivingLicenseSummary.rpt","False","","False","False","","2","IGroup/Reports/Mine/IBDrivingLicenseSummary.rpt","Exact duplicate retained pending filename/path validation","Retain"
"Accounts/Reports/IGroup/Reports/Mine/IBHealthCardSummary.rpt","True","e4c91e87bc5abaf570a061364a00edd5b1ca18a8","48640","IBHealthCardSummary.rpt","False","","False","False","","2","IGroup/Reports/Mine/IBHealthCardSummary.rpt","Exact duplicate retained pending filename/path validation","Retain"
"Accounts/Reports/IGroup/Reports/Mine/IBIqamaSummary.rpt","True","6685a2b318e932d9cd5dfc768f669c72f8f36eef","48640","IBIqamaSummary.rpt","False","","False","False","","2","IGroup/Reports/Mine/IBIqamaSummary.rpt","Exact duplicate retained pending filename/path validation","Retain"
"Accounts/Reports/IGroup/Reports/Mine/IBSalesManSummary.rpt","True","a3e4fa87acbbcc91d50f0e56db8b97d29d156842","49664","IBSalesManSummary.rpt","False","","False","False","","2","IGroup/Reports/Mine/IBSalesManSummary.rpt","Exact duplicate retained pending filename/path validation","Retain"
"Accounts/Reports/IGroup/Reports/Mine/LabInvp001.rpt","True","908b90dfa516a5591b46b557a118bccf6b69f09c","52736","LabInvp001.rpt","False","","False","False","","4","IGroup/Reports/Mine/LabInvp001.rpt","Exact duplicate retained pending filename/path validation","Retain"
"Accounts/Reports/IGroup/Reports/Mine/LabInvp0011.rpt","True","3fa5f8849373089817a0f27bdc03aa257f05d73b","53248","LabInvp0011.rpt","False","","False","False","","3","IGroup/Reports/Mine/LabInvp0011.rpt","Exact duplicate retained pending filename/path validation","Retain"
"Accounts/Reports/IGroup/Reports/Mine/Laboratory Price List.rpt","True","04bbd0d1e3c8a956c18b2f1b7a11de59fe1a6ac1","91648","Laboratory Price List.rpt","False","","False","False","","2","IGroup/Reports/Mine/Laboratory Price List.rpt","Exact duplicate retained pending filename/path validation","Retain"
"Accounts/Reports/IGroup/Reports/Mine/Medical Services Price List ER.rpt","True","7bf09758fbabf4c1f992c357b680988e65bb6bb5","88576","Medical Services Price List ER.rpt","False","","False","False","","2","IGroup/Reports/Mine/Medical Services Price List ER.rpt","Exact duplicate retained pending filename/path validation","Retain"
"Accounts/Reports/IGroup/Reports/Mine/Medical Services Price List with Auto Discount.rpt","True","e9c449bae223a6b79d59fac93f9a5d2b29943846","87552","Medical Services Price List with Auto Discount.rpt","False","","False","False","","2","IGroup/Reports/Mine/Medical Services Price List with Auto Discount.rpt","Exact duplicate retained pending filename/path validation","Retain"
"Accounts/Reports/IGroup/Reports/Mine/Medical Services Price List.rpt","True","2a0c6654db2059faec7dd7c105b401ff7e993aa0","91648","Medical Services Price List.rpt","False","","False","False","","1","","No static reference found; retained because reports are loaded dynamically","Retain"
"Accounts/Reports/IGroup/Reports/Mine/MOH IB Report Per Month.rpt","True","b41f7be89915a3efaa3d9d13749d92fe7be5a386","191488","MOH IB Report Per Month.rpt","False","","False","False","","2","IGroup/Reports/Mine/MOH IB Report Per Month.rpt","Exact duplicate retained pending filename/path validation","Retain"
"Accounts/Reports/IGroup/Reports/Mine/MOH IB Report.rpt","True","00023437ca787c396d462ca6fbdb7f14f821ce5f","75776","MOH IB Report.rpt","False","","False","False","","2","IGroup/Reports/Mine/MOH IB Report.rpt","Exact duplicate retained pending filename/path validation","Retain"
"Accounts/Reports/IGroup/Reports/Mine/MOH Report per Doctor.rpt","True","9779d0380a1252365b037334be3109ac36b8422a","113664","MOH Report per Doctor.rpt","False","","False","False","","5","IGroup/Reports/MOH Report per Doctor.rpt","Exact duplicate retained pending filename/path validation","Retain"
"Accounts/Reports/IGroup/Reports/Mine/MOH Report.rpt","True","f8ef5a961be1c5ee89832210ed311c097e30e2ce","96768","MOH Report.rpt","False","","False","False","","2","IGroup/Reports/Mine/MOH Report.rpt","Exact duplicate retained pending filename/path validation","Retain"
"Accounts/Reports/IGroup/Reports/Mine/New folder/ClinicDailyReceptionInvoice.rpt","True","8f7b1a030029f1aa3c8bcc95aa8f1dc8a83ca4cd","54784","ClinicDailyReceptionInvoice.rpt","False","","False","False","","2","Accounts/Reports/IGroup/Reports/Orig/ClinicDailyReceptionInvoice.rpt","Exact duplicate retained pending filename/path validation","Retain"
"Accounts/Reports/IGroup/Reports/Mine/PharmacyDailySalesInvoice (2).rpt","True","e65942539322d2c030cd4f34b5cc72c7a43b3093","54784","PharmacyDailySalesInvoice (2).rpt","True","Archive-style filename","False","False","","2","IGroup/Reports/Mine/PharmacyDailySalesInvoice (2).rpt","Unreferenced exact duplicate with archive-style name/path","QuarantineExactDuplicate"
"Accounts/Reports/IGroup/Reports/Mine/PharmacyDailySalesInvoice.rpt","True","15535030a020284056e92f95f8d97c91298b18a4","54784","PharmacyDailySalesInvoice.rpt","False","","False","False","","2","IGroup/Reports/Mine/PharmacyDailySalesInvoice.rpt","Exact duplicate retained pending filename/path validation","Retain"
"Accounts/Reports/IGroup/Reports/Mine/PharmacyInvoicePrintBig.rpt","True","6a0270478d3790a3932dc25d9d3cca66547e1daa","13312","PharmacyInvoicePrintBig.rpt","False","","False","False","","2","IGroup/Reports/Mine/PharmacyInvoicePrintBig.rpt","Exact duplicate retained pending filename/path validation","Retain"
"Accounts/Reports/IGroup/Reports/Mine/Revenue Collection Per Center per Doctor New.rpt","True","1e178ca6939e2208b1fb74abf22f0c9a01f7ba8c","96256","Revenue Collection Per Center per Doctor New.rpt","False","","False","False","","2","IGroup/Reports/Mine/Revenue Collection Per Center per Doctor New.rpt","Exact duplicate retained pending filename/path validation","Retain"
"Accounts/Reports/IGroup/Reports/Mine/Revenue Collection Per Center per Doctor per Period.rpt","True","0d969c6f0a89944da51497321a42906d95dbc428","55296","Revenue Collection Per Center per Doctor per Period.rpt","False","","False","False","","2","IGroup/Reports/Mine/Revenue Collection Per Center per Doctor per Period.rpt","Exact duplicate retained pending filename/path validation","Retain"
"Accounts/Reports/IGroup/Reports/Mine/Revenue Collection Per Center per Doctor.rpt","True","7d6201a968584832379319e8a54b85f372c00f4d","90112","Revenue Collection Per Center per Doctor.rpt","False","","False","False","","2","IGroup/Reports/Mine/Revenue Collection Per Center per Doctor.rpt","Exact duplicate retained pending filename/path validation","Retain"
"Accounts/Reports/IGroup/Reports/Mine/XrayPlainReport.rpt","True","cf86aefdfc484f1eb1dda7807fc2c44f3d3cc576","48640","XrayPlainReport.rpt","False","","False","False","","4","IGroup/Reports/Mine/XrayPlainReport.rpt","Exact duplicate retained pending filename/path validation","Retain"
"Accounts/Reports/IGroup/Reports/MOH IB Report Final - Copy.rpt","True","4a72b17f268e75f0c63a7469e492035619d49071","66048","MOH IB Report Final - Copy.rpt","True","Archive-style filename","False","False","","2","IGroup/Reports/MOH IB Report Final - Copy.rpt","Unreferenced exact duplicate with archive-style name/path","QuarantineExactDuplicate"
"Accounts/Reports/IGroup/Reports/MOH IB Report Final.rpt","True","cfa5752293dbfc23d3533307751e19febc8479cb","52736","MOH IB Report Final.rpt","False","","False","False","","1","","No static reference found; retained because reports are loaded dynamically","Retain"
"Accounts/Reports/IGroup/Reports/MOH IB Report Final1.rpt","True","3a8507e6bf3e3b5997c2916b9c7c8e6a820bc335","52736","MOH IB Report Final1.rpt","False","","False","False","","2","IGroup/Reports/MOH IB Report Final1.rpt","Exact duplicate retained pending filename/path validation","Retain"
"Accounts/Reports/IGroup/Reports/MOH IB Report.rpt","True","d0550f76f9c9f4eeede6b9b0728556d10dd084ea","68608","MOH IB Report.rpt","False","","False","False","","2","IGroup/Reports/MOH IB Report.rpt","Exact duplicate retained pending filename/path validation","Retain"
"Accounts/Reports/IGroup/Reports/MOH Patient List.rpt","True","b008b7bb6e254ccbc0bcb566ee38c536724d023d","829440","MOH Patient List.rpt","False","","False","False","","2","IGroup/Reports/MOH Patient List.rpt","Exact duplicate retained pending filename/path validation","Retain"
"Accounts/Reports/IGroup/Reports/MOH Report Clinic.rpt","True","ad470fc729af4e4273178c64f5e51e5af91b8af5","48640","MOH Report Clinic.rpt","False","","False","False","","2","IGroup/Reports/MOH Report Clinic.rpt","Exact duplicate retained pending filename/path validation","Retain"
"Accounts/Reports/IGroup/Reports/MOH Report Final All Doctorsrpt.rpt","True","eb33c814a4feb70ed3f412206077bc7f14efe546","122368","MOH Report Final All Doctorsrpt.rpt","False","","False","False","","1","","No static reference found; retained because reports are loaded dynamically","Retain"
"Accounts/Reports/IGroup/Reports/MOH Report Final per doctor per service.rpt","True","348e0debe93c2929f23cdff748cde9ddde42443c","706048","MOH Report Final per doctor per service.rpt","False","","False","False","","2","IGroup/Reports/MOH Report Final per doctor per service.rpt","Exact duplicate retained pending filename/path validation","Retain"
"Accounts/Reports/IGroup/Reports/MOH Report Final per doctor.rpt","True","c26149a40195cbf5b362ee89feb550f71d5c15eb","121344","MOH Report Final per doctor.rpt","False","","False","False","","1","","No static reference found; retained because reports are loaded dynamically","Retain"
"Accounts/Reports/IGroup/Reports/MOH Report Final.rpt","True","f62e0b8b3885cffb82cdb80b3453eda1e86b92fb","70144","MOH Report Final.rpt","False","","False","False","","1","","No static reference found; retained because reports are loaded dynamically","Retain"
"Accounts/Reports/IGroup/Reports/MOH Report per Doctor per service.rpt","True","405f035fe52a2cbc21e96072635091b0e85ca54f","119808","MOH Report per Doctor per service.rpt","False","","False","False","","2","IGroup/Reports/MOH Report per Doctor per service.rpt","Exact duplicate retained pending filename/path validation","Retain"
"Accounts/Reports/IGroup/Reports/MOH Report per Doctor per vaccine service.rpt","True","749a0a857a42cf04b0192c3365e7551e6ab79fbb","119808","MOH Report per Doctor per vaccine service.rpt","False","","False","False","","2","IGroup/Reports/MOH Report per Doctor per vaccine service.rpt","Exact duplicate retained pending filename/path validation","Retain"
"Accounts/Reports/IGroup/Reports/MOH Report per Doctor.rpt","True","9779d0380a1252365b037334be3109ac36b8422a","113664","MOH Report per Doctor.rpt","False","","False","False","","5","IGroup/Reports/MOH Report per Doctor.rpt","Exact duplicate retained pending filename/path validation","Retain"
"Accounts/Reports/IGroup/Reports/MOH Report.rpt","True","96e157b5a6f54a69a6c57b8b6aaaf00bf9f81b50","98304","MOH Report.rpt","False","","False","False","","2","IGroup/Reports/MOH Report.rpt","Exact duplicate retained pending filename/path validation","Retain"
"Accounts/Reports/IGroup/Reports/MOHReportClinic.rpt","True","9eeb7c705c14a9235335859b0c28c59e720be332","48640","MOHReportClinic.rpt","False","","False","False","","2","IGroup/Reports/MOHReportClinic.rpt","Exact duplicate retained pending filename/path validation","Retain"
"Accounts/Reports/IGroup/Reports/No of Diagnosis Services per Day.rpt","True","6fff66f7eed7f8dea495742631d5704fbb84fad5","52736","No of Diagnosis Services per Day.rpt","False","","False","False","","1","","No static reference found; retained because reports are loaded dynamically","Retain"
"Accounts/Reports/IGroup/Reports/No of services per Month per clinic.rpt","True","b5941ea1a9030be863f4429db24f6541d8637dc7","50176","No of services per Month per clinic.rpt","False","","False","False","","1","","No static reference found; retained because reports are loaded dynamically","Retain"
"Accounts/Reports/IGroup/Reports/No of services per Month per single clinic.rpt","True","7b5fc9b4bb0fa2049d10f1197c3b39f7e0086f2c","51712","No of services per Month per single clinic.rpt","False","","False","False","","1","","No static reference found; retained because reports are loaded dynamically","Retain"
"Accounts/Reports/IGroup/Reports/No PHotos.rpt","True","6fa9db530478f4c813fcbb310a2a8113f72d29ae","6889984","No PHotos.rpt","False","","False","False","","2","IGroup/Reports/No PHotos.rpt","Exact duplicate retained pending filename/path validation","Retain"
"Accounts/Reports/IGroup/Reports/OpeningStock.rpt","True","125fcdb39947ecb4bc277db6a546b21e3910e9b4","15872","OpeningStock.rpt","False","","False","False","","5","IGroup/Reports/OpeningStock.rpt","Exact duplicate retained pending filename/path validation","Retain"
"Accounts/Reports/IGroup/Reports/OpeningStockDifference.rpt","True","9484a079bc90b2e952331255336d0accb4b7670a","15360","OpeningStockDifference.rpt","False","","False","False","","5","IGroup/Reports/OpeningStockDifference.rpt","Exact duplicate retained pending filename/path validation","Retain"
"Accounts/Reports/IGroup/Reports/Orig/ClinicBillPrint - Orig.rpt","True","13482fe3afd8387c33c1deb55e2d22aae9fdb36b","14848","ClinicBillPrint - Orig.rpt","False","","False","False","","5","Accounts/Reports/IGroup/Reports/ClinicBillPrint - Orig.rpt","Exact duplicate retained pending filename/path validation","Retain"
"Accounts/Reports/IGroup/Reports/Orig/ClinicBillPrint (2).rpt","True","bbf2535928ceb63f8972f77ec5ccf8d8e896378e","14848","ClinicBillPrint (2).rpt","True","Archive-style filename","False","False","","2","Accounts/Reports/IGroup/Reports/Report Backups/ClinicBillPrint.rpt","Unreferenced exact duplicate with archive-style name/path","QuarantineExactDuplicate"
"Accounts/Reports/IGroup/Reports/Orig/ClinicBillPrint.rpt","True","7c24564e616871039b2b11b4171514f554e6ecff","14848","ClinicBillPrint.rpt","False","","False","False","","1","","No static reference found; retained because reports are loaded dynamically","Retain"
"Accounts/Reports/IGroup/Reports/Orig/ClinicBillPrintx.rpt","True","91c7077b92980bd5d4bbd3438bff4042ed1b8f37","14848","ClinicBillPrintx.rpt","False","","False","False","","6","IGroup/Reports/ClinicBillPrintx.rpt","Exact duplicate retained pending filename/path validation","Retain"
"Accounts/Reports/IGroup/Reports/Orig/ClinicCreditStatement.rpt","True","f8a0d5bb1cf5937cf3a92bfb06157c3b9b0808c6","50176","ClinicCreditStatement.rpt","False","","False","False","","6","Accounts/Reports/IGroup/Reports/ClinicCreditStatementOrig.rpt","Exact duplicate retained pending filename/path validation","Retain"
"Accounts/Reports/IGroup/Reports/Orig/ClinicDailyReceptionInvoice.rpt","True","8f7b1a030029f1aa3c8bcc95aa8f1dc8a83ca4cd","54784","ClinicDailyReceptionInvoice.rpt","False","","False","False","","2","Accounts/Reports/IGroup/Reports/Orig/ClinicDailyReceptionInvoice.rpt","Canonical copy retained for exact duplicate group","Retain"
"Accounts/Reports/IGroup/Reports/Orig/ClinicDailyReceptionInvoicePerDay.rpt","True","5ff1b20c686728d641799ceac848a108abe62bb8","53760","ClinicDailyReceptionInvoicePerDay.rpt","False","","False","False","","4","IGroup/Reports/Mine/ClinicDailyReceptionInvoicePerDate.rpt","Exact duplicate retained pending filename/path validation","Retain"
"Accounts/Reports/IGroup/Reports/Orig/ClinicDailyReceptionInvoiceSummary.rpt","True","746f3e00cb7678eb429f31cc497d2100290ebeec","54784","ClinicDailyReceptionInvoiceSummary.rpt","False","","False","False","","1","","No static reference found; retained because reports are loaded dynamically","Retain"
"Accounts/Reports/IGroup/Reports/Orig/ClinicDailyReceptionUserWise.rpt","True","3fe6377f182453034dbc32db30db98a0a94536ae","52736","ClinicDailyReceptionUserWise.rpt","False","","False","False","","6","IGroup/Reports/ClinicDailyReceptionUserWise.rpt","Exact duplicate retained pending filename/path validation","Retain"
"Accounts/Reports/IGroup/Reports/Orig/ClinicDateWiseSummaryStatement.rpt","True","e3dfaba698f48c70a3913ef889d4325b233fc10e","49664","ClinicDateWiseSummaryStatement.rpt","False","","False","False","","6","IGroup/Reports/ClinicDateWiseSummaryStatement.rpt","Exact duplicate retained pending filename/path validation","Retain"
"Accounts/Reports/IGroup/Reports/Orig/ClinicDoctorWiseTimeFrame.rpt","True","4dabfb28a1e2e586fd9a55cd0e8b795d4a2a4644","18432","ClinicDoctorWiseTimeFrame.rpt","False","","False","False","","1","","No static reference found; retained because reports are loaded dynamically","Retain"
"Accounts/Reports/IGroup/Reports/Orig/ClinicReceptionCollection.rpt","True","a04889223c191ad0e995caff64b12b784d5d86c7","53760","ClinicReceptionCollection.rpt","False","","False","False","","3","IGroup/Reports/Mine/ClinicReceptionCollection.rpt","Exact duplicate retained pending filename/path validation","Retain"
"Accounts/Reports/IGroup/Reports/Orig/DisplayChartOfAccount.rpt","True","c3bf2bdae6c275fdcdbff1ecb77f26ebade7dfe7","13824","DisplayChartOfAccount.rpt","False","","False","False","","4","IGroup/Reports/DisplayChartOfAccount1.rpt","Exact duplicate retained pending filename/path validation","Retain"
"Accounts/Reports/IGroup/Reports/Orig/ExpiryListOriginal.rpt","True","b449f4f44f4dbaa28637bc547ce7c2883de35afa","51200","ExpiryListOriginal.rpt","True","Archive-style filename","False","False","","1","","Archive-style filename retained pending runtime validation","Retain"
"Accounts/Reports/IGroup/Reports/Orig/ExpiryListPeriodicOriginal.rpt","True","2436fe7b6332015e665880d6a1e1daec6530899d","51200","ExpiryListPeriodicOriginal.rpt","True","Archive-style filename","False","False","","1","","Archive-style filename retained pending runtime validation","Retain"
"Accounts/Reports/IGroup/Reports/Orig/IBDailyReceptionInvoice.rpt","True","1a62f319474bbfe14dddc3a13e3c5618bebcc377","53248","IBDailyReceptionInvoice.rpt","False","","False","False","","2","Accounts/Reports/IGroup/Reports/Orig/IBDailyReceptionInvoice.rpt","Canonical copy retained for exact duplicate group","Retain"
"Accounts/Reports/IGroup/Reports/Orig/IBDrivingLicenseSummary.rpt","True","af369617864ec04f684a67116ae34d21fbcca5cf","48640","IBDrivingLicenseSummary.rpt","False","","False","False","","1","","No static reference found; retained because reports are loaded dynamically","Retain"
"Accounts/Reports/IGroup/Reports/Orig/IBHealthCardSummary.rpt","True","610cb46c8dd3413d667cd8ffdd67ec1dab8dd0fd","48640","IBHealthCardSummary.rpt","False","","False","False","","1","","No static reference found; retained because reports are loaded dynamically","Retain"
"Accounts/Reports/IGroup/Reports/Orig/IBIqamaSummary.rpt","True","fa45e30a2e56bd105e747c4c692c155ff6e6057c","48640","IBIqamaSummary.rpt","False","","False","False","","1","","No static reference found; retained because reports are loaded dynamically","Retain"
"Accounts/Reports/IGroup/Reports/Orig/IBSalesManSummary.rpt","True","0b69d06e148ab0f85527113693630f4569ae2a8f","49664","IBSalesManSummary.rpt","False","","False","False","","1","","No static reference found; retained because reports are loaded dynamically","Retain"
"Accounts/Reports/IGroup/Reports/Orig/PharmacyDailySalesInvoice.rpt","True","e2fe2aff273195df7562b9329058d327836ac08e","54272","PharmacyDailySalesInvoice.rpt","False","","False","False","","2","Accounts/Reports/IGroup/Reports/Orig/PharmacyDailySalesInvoice.rpt","Canonical copy retained for exact duplicate group","Retain"
"Accounts/Reports/IGroup/Reports/Orig/PharmacyDosageArabic.rpt","True","ae11ef4113994f2a8707830066da303b9e88a5e6","8704","PharmacyDosageArabic.rpt","False","","False","False","","3","Accounts/Reports/IGroup/Reports/Orig/PharmacyDosageArabic.rpt","Canonical copy retained for exact duplicate group","Retain"
"Accounts/Reports/IGroup/Reports/Orig/PharmacyInvoicePrintBig.rpt","True","f3ed9fc0a3fc4743df381d194065af3118474479","12800","PharmacyInvoicePrintBig.rpt","False","","False","False","","1","","No static reference found; retained because reports are loaded dynamically","Retain"
"Accounts/Reports/IGroup/Reports/Orig/StockRegiste2.rrpt.rpt","True","cb8fb9b6b41d647839e5a7ee3cde6e799305c2ad","20992","StockRegiste2.rrpt.rpt","False","","False","False","","1","","No static reference found; retained because reports are loaded dynamically","Retain"
"Accounts/Reports/IGroup/Reports/Orig/StockRegister.rpt","True","3bc0fecea84994b3fce2f3f56dd789cb43ac8f2e","16384","StockRegister.rpt","False","","False","False","","3","Accounts/Reports/IGroup/Reports/Orig/StockRegister.rpt","Canonical copy retained for exact duplicate group","Retain"
"Accounts/Reports/IGroup/Reports/Orig/Transfer2BranchStockReport.rpt","True","66bae5ede82b62cc9071c42df8820672961d67b2","18432","Transfer2BranchStockReport.rpt","False","","False","False","","1","","No static reference found; retained because reports are loaded dynamically","Retain"
"Accounts/Reports/IGroup/Reports/Orig/TransferStockReport.rpt","True","fcdeedd6a50f9bc8daf9f16260667d9ed4eafb0a","50176","TransferStockReport.rpt","False","","False","False","","1","","No static reference found; retained because reports are loaded dynamically","Retain"
"Accounts/Reports/IGroup/Reports/Orig/XrayPlainReport.rpt","True","f28a4be3d9e484fd9df8d8a6ccd8f6f7831de169","48640","XrayPlainReport.rpt","False","","False","False","","2","Accounts/Reports/IGroup/Reports/Orig/XrayPlainReport.rpt","Canonical copy retained for exact duplicate group","Retain"
"Accounts/Reports/IGroup/Reports/PatientBookingSchedule.rpt","True","a3f37a652ac1a83367a9f0ecb37d7d71f28cc5f7","37376","PatientBookingSchedule.rpt","False","","False","False","","5","IGroup/Reports/PatientBookingSchedule.rpt","Exact duplicate retained pending filename/path validation","Retain"
"Accounts/Reports/IGroup/Reports/PatientBookingSchedule1.rpt","True","09197caf8a25202ba2399470fbcd865947485e93","37376","PatientBookingSchedule1.rpt","False","","False","False","","5","IGroup/Reports/PatientBookingSchedule1.rpt","Exact duplicate retained pending filename/path validation","Retain"
"Accounts/Reports/IGroup/Reports/PatientCaseSheet.rpt","True","061091d23f5af2b32e2282f66e78d212aa4b7fbd","1158144","PatientCaseSheet.rpt","False","","False","False","","4","Accounts/Reports/IGroup/Reports/PatientCaseSheet.rpt","Canonical copy retained for exact duplicate group","Retain"
"Accounts/Reports/IGroup/Reports/PatientDentalCaseSheet.rpt","True","f20ebe3585c0ecb77a0e9a1a1c738c3f6c913c7b","11776","PatientDentalCaseSheet.rpt","False","","False","False","","5","IGroup/Reports/PatientDentalCaseSheet.rpt","Exact duplicate retained pending filename/path validation","Retain"
"Accounts/Reports/IGroup/Reports/PatientDermoCaseSheet.rpt","True","d94187ec4439cc182871c8d8525ef22aed0bab41","11776","PatientDermoCaseSheet.rpt","False","","False","False","","5","IGroup/Reports/PatientDermoCaseSheet.rpt","Exact duplicate retained pending filename/path validation","Retain"
"Accounts/Reports/IGroup/Reports/PatientList Range.rpt","True","ef465ca673b54c26c51d62261620be8015cbc16c","10752","PatientList Range.rpt","False","","False","False","","3","IGroup/Reports/PatientList Range.rpt","Exact duplicate retained pending filename/path validation","Retain"
"Accounts/Reports/IGroup/Reports/PatientList.rpt","True","be03a38a4ffb4229fd174608c7a0dba3bb00b61f","10752","PatientList.rpt","False","","False","False","","5","IGroup/Reports/PatientList.rpt","Exact duplicate retained pending filename/path validation","Retain"
"Accounts/Reports/IGroup/Reports/Payroll Report Per Employee Per Month.rpt","True","fcb397e58675fbee10a365410563fe6b6bdfc5ba","102912","Payroll Report Per Employee Per Month.rpt","False","","False","False","","2","IGroup/Reports/Payroll Report Per Employee Per Month.rpt","Exact duplicate retained pending filename/path validation","Retain"
"Accounts/Reports/IGroup/Reports/Payroll Report Per Employee.rpt","True","77885c82242e33a6e161c40c4bc4ad41d677ed61","59904","Payroll Report Per Employee.rpt","False","","False","False","","2","IGroup/Reports/Payroll Report Per Employee.rpt","Exact duplicate retained pending filename/path validation","Retain"
"Accounts/Reports/IGroup/Reports/Payroll Report Per EmployeeTotal.rpt","True","3f7e46768d0704a77f10baa4b43a47c70039cb9b","104448","Payroll Report Per EmployeeTotal.rpt","False","","False","False","","2","IGroup/Reports/Payroll Report Per EmployeeTotal.rpt","Exact duplicate retained pending filename/path validation","Retain"
"Accounts/Reports/IGroup/Reports/Payroll Report Statement Detail Per Employee per Month.rpt","True","b8ed4af61b86285a6525f3b10c4b34e0de23a9ca","86528","Payroll Report Statement Detail Per Employee per Month.rpt","False","","False","False","","2","IGroup/Reports/Payroll Report Statement Detail Per Employee per Month.rpt","Exact duplicate retained pending filename/path validation","Retain"
"Accounts/Reports/IGroup/Reports/PaySlip.rpt","True","3b2488d72d365170b9df918e83abb67a1f182395","25600","PaySlip.rpt","False","","False","False","","5","IGroup/Reports/PaySlip.rpt","Exact duplicate retained pending filename/path validation","Retain"
"Accounts/Reports/IGroup/Reports/Phar_SalesInvoice_DateWiseBar.rpt","True","a98d5d4d7805d999b936771d311b47e9deeea606","20992","Phar_SalesInvoice_DateWiseBar.rpt","False","","False","False","","5","IGroup/Reports/Phar_SalesInvoice_DateWiseBar.rpt","Exact duplicate retained pending filename/path validation","Retain"
"Accounts/Reports/IGroup/Reports/Phar_SalesInvoice_Detailed.rpt","True","3aa12a4388aa49ed842a622d655b6a1cf47405f1","18944","Phar_SalesInvoice_Detailed.rpt","False","","False","False","","5","IGroup/Reports/Phar_SalesInvoice_Detailed.rpt","Exact duplicate retained pending filename/path validation","Retain"
"Accounts/Reports/IGroup/Reports/Phar_SalesInvoice_DetailedPieChart.rpt","True","4074b6d381a99fa3c240818406135ccddf25747f","18432","Phar_SalesInvoice_DetailedPieChart.rpt","False","","False","False","","5","IGroup/Reports/Phar_SalesInvoice_DetailedPieChart.rpt","Exact duplicate retained pending filename/path validation","Retain"
"Accounts/Reports/IGroup/Reports/Pharmacy Cost of Sales for a given date Range.rpt","True","63a11598919edbdf09fdd25765b6595fb6a0f8fa","73728","Pharmacy Cost of Sales for a given date Range.rpt","False","","False","False","","2","IGroup/Reports/Pharmacy Cost of Sales for a given date Range.rpt","Exact duplicate retained pending filename/path validation","Retain"
"Accounts/Reports/IGroup/Reports/Pharmacy.rpt","True","a70595604d2375714b1ad95f373e98e7cec34b5e","53760","Pharmacy.rpt","False","","False","False","","2","IGroup/Reports/Pharmacy.rpt","Exact duplicate retained pending filename/path validation","Retain"
"Accounts/Reports/IGroup/Reports/PharmacyCreditStatement.rpt","True","a881a9a2f352aba963150508cca65dfa150ec6ac","87040","PharmacyCreditStatement.rpt","False","","False","False","","5","IGroup/Reports/PharmacyCreditStatement.rpt","Exact duplicate retained pending filename/path validation","Retain"
"Accounts/Reports/IGroup/Reports/PharmacyDailySalesInvoice - Copy.rpt","True","d8996cb2cdc80f7a6957ce83a93807e137522a19","173568","PharmacyDailySalesInvoice - Copy.rpt","True","Archive-style filename","False","False","","5","IGroup/Reports/PharmacyDailySalesInvoice - Copy.rpt","Unreferenced exact duplicate with archive-style name/path","QuarantineExactDuplicate"
"Accounts/Reports/IGroup/Reports/PharmacyDailySalesInvoice.rpt","True","6816a1b720a683693c6e085084b7eddb87f33413","54272","PharmacyDailySalesInvoice.rpt","False","","False","False","","2","IGroup/Reports/PharmacyDailySalesInvoice.rpt","Exact duplicate retained pending filename/path validation","Retain"
"Accounts/Reports/IGroup/Reports/PharmacyDailySalesInvoice1.rpt","True","ed9f55773eb22006c3f4f7ad39bed36cd9a7e526","16896","PharmacyDailySalesInvoice1.rpt","False","","False","False","","5","IGroup/Reports/PharmacyDailySalesInvoice1.rpt","Exact duplicate retained pending filename/path validation","Retain"
"Accounts/Reports/IGroup/Reports/PharmacyDailySalesInvoiceSummary.rpt","True","80485714f1ef036b57eb55663726263d51dde9bb","53760","PharmacyDailySalesInvoiceSummary.rpt","False","","False","False","","3","IGroup/Reports/PharmacyDailySalesInvoiceSummary.rpt","Exact duplicate retained pending filename/path validation","Retain"
"Accounts/Reports/IGroup/Reports/PharmacyDailySalesInvoiceSummaryTimeWise.rpt","True","1ab802961a834213122a1994e8b9c0ec8829dc0e","22016","PharmacyDailySalesInvoiceSummaryTimeWise.rpt","False","","False","False","","5","IGroup/Reports/PharmacyDailySalesInvoiceSummaryTimeWise.rpt","Exact duplicate retained pending filename/path validation","Retain"
"Accounts/Reports/IGroup/Reports/PharmacyDailySalesInvoiceSummaryTimeWise1.rpt","True","5dc18a621562f23d23394e091e2973378649ac89","20480","PharmacyDailySalesInvoiceSummaryTimeWise1.rpt","False","","False","False","","5","IGroup/Reports/PharmacyDailySalesInvoiceSummaryTimeWise1.rpt","Exact duplicate retained pending filename/path validation","Retain"
"Accounts/Reports/IGroup/Reports/PharmacyDailySalesUserWise.rpt","True","7e5e31049ae377e02c92ca6ac4f92c28050e085f","53248","PharmacyDailySalesUserWise.rpt","False","","False","False","","4","IGroup/Reports/PharmacyDailySalesUserWise.rpt","Exact duplicate retained pending filename/path validation","Retain"
"Accounts/Reports/IGroup/Reports/PharmacyDateWiseVATStatement.rpt","True","2e89c41832965d329002d6c23c6f62b9fbfd70a3","50176","PharmacyDateWiseVATStatement.rpt","False","","False","False","","2","IGroup/Reports/PharmacyDateWiseVATStatement.rpt","Exact duplicate retained pending filename/path validation","Retain"
"Accounts/Reports/IGroup/Reports/PharmacyDosageArabic - New.rpt","True","53f2f6de164d4bddabc6226ff5abfda58a0f9695","8704","PharmacyDosageArabic - New.rpt","False","","False","False","","5","IGroup/Reports/PharmacyDosageArabicxxx.rpt","Exact duplicate retained pending filename/path validation","Retain"
"Accounts/Reports/IGroup/Reports/PharmacyDosageArabic 10 x 5.rpt","True","afbd3b112930694f7a24d5919be66c7ec826fb63","9216","PharmacyDosageArabic 10 x 5.rpt","False","","False","False","","3","IGroup/Reports/PharmacyDosageArabic 10 x 5.rpt","Exact duplicate retained pending filename/path validation","Retain"
"Accounts/Reports/IGroup/Reports/PharmacyDosageArabic 6 x 4.rpt","True","21172fba915b1ca5b7dd439cd408747ae7cdb373","11264","PharmacyDosageArabic 6 x 4.rpt","False","","False","False","","3","IGroup/Reports/PharmacyDosageArabic 6 x 4.rpt","Exact duplicate retained pending filename/path validation","Retain"
"Accounts/Reports/IGroup/Reports/PharmacyDosageArabic 9 x 4.rpt","True","4f2003a579345bbb33554d94a898df8bbd5bc96e","15360","PharmacyDosageArabic 9 x 4.rpt","False","","False","False","","3","IGroup/Reports/PharmacyDosageArabic 9 x 4.rpt","Exact duplicate retained pending filename/path validation","Retain"
"Accounts/Reports/IGroup/Reports/PharmacyDosageArabic.rpt","True","97f1a1e1a9bd099f1307275638b596127b38bd6f","15360","PharmacyDosageArabic.rpt","False","","False","False","","3","IGroup/Reports/PharmacyDosageArabic.rpt","Exact duplicate retained pending filename/path validation","Retain"
"Accounts/Reports/IGroup/Reports/PharmacyDosageArabic2.rpt","True","a6f75907b17b8aca2ef29e0487a7b7f95d13f247","11264","PharmacyDosageArabic2.rpt","False","","False","False","","3","IGroup/Reports/PharmacyDosageArabic2.rpt","Exact duplicate retained pending filename/path validation","Retain"
"Accounts/Reports/IGroup/Reports/PharmacyDosageArabicxxx.rpt","True","53f2f6de164d4bddabc6226ff5abfda58a0f9695","8704","PharmacyDosageArabicxxx.rpt","False","","False","False","","5","IGroup/Reports/PharmacyDosageArabicxxx.rpt","Exact duplicate retained pending filename/path validation","Retain"
"Accounts/Reports/IGroup/Reports/PharmacyIEDateWise.rpt","True","2a6470c86ac19da7ba5145c43ab6c42bfbee4689","86016","PharmacyIEDateWise.rpt","False","","False","False","","5","IGroup/Reports/PharmacyIEDateWise.rpt","Exact duplicate retained pending filename/path validation","Retain"
"Accounts/Reports/IGroup/Reports/PharmacyIEDetailed.rpt","True","04d9df63b14eb4a56036a23edda3a0d6091c0a4a","86016","PharmacyIEDetailed.rpt","False","","False","False","","5","IGroup/Reports/PharmacyIEDetailed.rpt","Exact duplicate retained pending filename/path validation","Retain"
"Accounts/Reports/IGroup/Reports/PharmacyInvoicePrintBig - Copy.rpt","True","d53bd61ca13d6b95917d6529f04992518bf24c55","48640","PharmacyInvoicePrintBig - Copy.rpt","True","Archive-style filename","False","False","","1","","Archive-style filename retained pending runtime validation","Retain"
"Accounts/Reports/IGroup/Reports/PharmacyInvoicePrintBig.rpt","True","53760c92f16df0d3806824efc60cbce0d47903ed","49152","PharmacyInvoicePrintBig.rpt","False","","False","False","","1","","No static reference found; retained because reports are loaded dynamically","Retain"
"Accounts/Reports/IGroup/Reports/PharmacyInvoicePrintBigOld.rpt","True","794388c11fa9135fbd7e4bba5860a3e86bac7dd7","13824","PharmacyInvoicePrintBigOld.rpt","True","Archive-style filename","False","False","","2","Accounts/Reports/IGroup/Reports/PharmacyInvoicePrintBigOld.rpt","Canonical copy retained for exact duplicate group","Retain"
"Accounts/Reports/IGroup/Reports/PharmacyInvoicePrintBigOriginal.rpt","True","6c8fc45081dd798b743b28ffbf4dd3dddc0a0a02","13824","PharmacyInvoicePrintBigOriginal.rpt","True","Archive-style filename","False","False","","1","","Archive-style filename retained pending runtime validation","Retain"
"Accounts/Reports/IGroup/Reports/PharmacyInvoicePrintBigZebraCodes.rpt","True","faf8fae8145d9fecf18aa5cc5171d6ac15fad01c","51200","PharmacyInvoicePrintBigZebraCodes.rpt","False","","False","False","","1","","No static reference found; retained because reports are loaded dynamically","Retain"
"Accounts/Reports/IGroup/Reports/PharmacyInvoicePrintSmall.rpt","True","1283c8e3332235022400915bf07fc0f1c3f8ea5c","12288","PharmacyInvoicePrintSmall.rpt","False","","False","False","","5","IGroup/Reports/PharmacyInvoicePrintSmall.rpt","Exact duplicate retained pending filename/path validation","Retain"
"Accounts/Reports/IGroup/Reports/PharmacyItemWiseSalesHistory.rpt","True","580a8818e567b9b54713b97fb9000eb95a590c9b","52736","PharmacyItemWiseSalesHistory.rpt","False","","False","False","","3","IGroup/Reports/PharmacyItemWiseSalesHistory.rpt","Exact duplicate retained pending filename/path validation","Retain"
"Accounts/Reports/IGroup/Reports/PharmacyItemWiseSalesHistorySummary.rpt","True","350ebeca94aad84cd46e0b7541caf5bff0f59063","51200","PharmacyItemWiseSalesHistorySummary.rpt","False","","False","False","","3","IGroup/Reports/PharmacyItemWiseSalesHistorySummary.rpt","Exact duplicate retained pending filename/path validation","Retain"
"Accounts/Reports/IGroup/Reports/PharmacyPatientProfile.rpt","True","481c7a8f988ed1f0854403741036a90b1f07d987","54784","PharmacyPatientProfile.rpt","False","","False","False","","5","IGroup/Reports/PharmacyPatientProfile.rpt","Exact duplicate retained pending filename/path validation","Retain"
"Accounts/Reports/IGroup/Reports/PharmacyPurchaseVATStatement.rpt","True","d78d2be73e71c10dd1136de5952560323d8080d3","48640","PharmacyPurchaseVATStatement.rpt","False","","False","False","","2","IGroup/Reports/PharmacyPurchaseVATStatement.rpt","Exact duplicate retained pending filename/path validation","Retain"
"Accounts/Reports/IGroup/Reports/PharmacySummaryStatementDateWise.rpt","True","6eb03971d515d8375d59f83f078dd08245306a51","50176","PharmacySummaryStatementDateWise.rpt","False","","False","False","","2","IGroup/Reports/PharmacySummaryStatementDateWise.rpt","Exact duplicate retained pending filename/path validation","Retain"
"Accounts/Reports/IGroup/Reports/PMR Entries per Doctor.rpt","True","325bcac262157c9ddc13dc605f3a732d77633b99","53760","PMR Entries per Doctor.rpt","False","","False","False","","2","IGroup/Reports/PMR Entries per Doctor.rpt","Exact duplicate retained pending filename/path validation","Retain"
"Accounts/Reports/IGroup/Reports/PMRDcafBlank.rpt","True","fe69350d315e52d788e47fe2c4cd8a54c35e34bf","256000","PMRDcafBlank.rpt","False","","False","False","","5","IGroup/Reports/PMRDcafBlank.rpt","Exact duplicate retained pending filename/path validation","Retain"
"Accounts/Reports/IGroup/Reports/PMROcaf.rpt","True","fff452cacbc2dff2402598e5c108f86e40667780","779776","PMROcaf.rpt","False","","False","False","","5","IGroup/Reports/PMROcaf.rpt","Exact duplicate retained pending filename/path validation","Retain"
"Accounts/Reports/IGroup/Reports/PMRPatientDentalProfile.rpt","True","0730806025534084c412c6ec90c517901d788924","84992","PMRPatientDentalProfile.rpt","False","","False","False","","5","IGroup/Reports/PMRPatientDentalProfile.rpt","Exact duplicate retained pending filename/path validation","Retain"
"Accounts/Reports/IGroup/Reports/PMRPatientProfile.rpt","True","9937259ffe105153dd7f53d5dfeb04091fcd31a8","54272","PMRPatientProfile.rpt","False","","False","False","","1","","No static reference found; retained because reports are loaded dynamically","Retain"
"Accounts/Reports/IGroup/Reports/PMRPatientProfileOrig.rpt","True","ac656de7313bdf7b12f6f9f7e3fbf41675b6adf2","55808","PMRPatientProfileOrig.rpt","False","","False","False","","2","IGroup/Reports/PMRPatientProfileOrig.rpt","Exact duplicate retained pending filename/path validation","Retain"
"Accounts/Reports/IGroup/Reports/PMRPatientSickLeave.rpt","True","7b567c3c4176d0c41ed23ea4f57b24614f8dcf08","790528","PMRPatientSickLeave.rpt","False","","False","False","","2","IGroup/Reports/PMRPatientSickLeave.rpt","Exact duplicate retained pending filename/path validation","Retain"
"Accounts/Reports/IGroup/Reports/PMRPatientSickLeaveOrig.rpt","True","e8e8c981aa59448229f64ec88f14ed645be9fb15","102912","PMRPatientSickLeaveOrig.rpt","False","","False","False","","2","IGroup/Reports/PMRPatientSickLeaveOrig.rpt","Exact duplicate retained pending filename/path validation","Retain"
"Accounts/Reports/IGroup/Reports/PMRPharmacyMedicineNCPrescription.rpt","True","eb5b15d593e61a9af701cef7a83aad487b06a79e","14336","PMRPharmacyMedicineNCPrescription.rpt","False","","False","False","","2","IGroup/Reports/PMRPharmacyMedicineNCPrescription.rpt","Exact duplicate retained pending filename/path validation","Retain"
"Accounts/Reports/IGroup/Reports/PMRPharmacyMedicinePrescription.rpt","True","aab5053f9befd5480379ca1277948121c435f4a5","73728","PMRPharmacyMedicinePrescription.rpt","False","","False","True","Accounts/Reports/PMRPharmacyMedicinePrescription.vb:30; Accounts/Accounts.vbproj:1974; Accounts/Accounts.vbproj:2782","1","","Protected by static or project reference","Retain"
"Accounts/Reports/IGroup/Reports/PMRPharmacyMedicinePrescription2.rpt","True","f22a17db4107195c52d599a0d241a4ec2c23179e","72192","PMRPharmacyMedicinePrescription2.rpt","False","","False","False","","1","","No static reference found; retained because reports are loaded dynamically","Retain"
"Accounts/Reports/IGroup/Reports/PMRPharmacyMedicinePrescriptionOld.rpt","True","dbaf3d9f7d43346d97c034213f6588110c146610","73216","PMRPharmacyMedicinePrescriptionOld.rpt","True","Archive-style filename","False","False","","1","","Archive-style filename retained pending runtime validation","Retain"
"Accounts/Reports/IGroup/Reports/PMRPharmacyMedicinePrescriptionOriginal.rpt","True","d8f58aaac2718fe1c7484d5eae5aef0dd8982a54","73728","PMRPharmacyMedicinePrescriptionOriginal.rpt","True","Archive-style filename","False","False","","1","","Archive-style filename retained pending runtime validation","Retain"
"Accounts/Reports/IGroup/Reports/PMRPharmacyMedicinePrescriptionWithGeneric.rpt","True","495309a6fae2b1f966a6915c483d2b6ed1f1c9f2","71680","PMRPharmacyMedicinePrescriptionWithGeneric.rpt","False","","False","False","","2","IGroup/Reports/PMRPharmacyMedicinePrescriptionWithGeneric.rpt","Exact duplicate retained pending filename/path validation","Retain"
"Accounts/Reports/IGroup/Reports/PMRPharmacyPrescriptionBlank.rpt","True","fd9007679e0e5658cdf9dac160ea1b5f4de739d6","15360","PMRPharmacyPrescriptionBlank.rpt","False","","False","False","","5","IGroup/Reports/PMRPharmacyPrescriptionBlank.rpt","Exact duplicate retained pending filename/path validation","Retain"
"Accounts/Reports/IGroup/Reports/PMRUcaf.rpt","True","6cefd6745f0064b5762724a9343f9d49fdaf348d","19968","PMRUcaf.rpt","False","","False","False","","5","IGroup/Reports/PMRUcaf.rpt","Exact duplicate retained pending filename/path validation","Retain"
"Accounts/Reports/IGroup/Reports/PMRUcafBlank.rpt","True","68edc361b7d80a47a573137b16f296d6dc424da5","22016","PMRUcafBlank.rpt","False","","False","False","","5","IGroup/Reports/PMRUcafBlank.rpt","Exact duplicate retained pending filename/path validation","Retain"
"Accounts/Reports/IGroup/Reports/POAnalysis.rpt","True","6e030d6a15ca0e417a721917d432d9398296eda8","17920","POAnalysis.rpt","False","","False","False","","3","IGroup/Reports/POAnalysis.rpt","Exact duplicate retained pending filename/path validation","Retain"
"Accounts/Reports/IGroup/Reports/Posting/Cash & Credit Income Summary per Cost Center per Department.rpt","True","0652ee9aa81c7485063db4fde53ed0563d35944b","838656","Cash & Credit Income Summary per Cost Center per Department.rpt","False","","False","False","","2","IGroup/Reports/Posting/Cash & Credit Income Summary per Cost Center per Department.rpt","Exact duplicate retained pending filename/path validation","Retain"
"Accounts/Reports/IGroup/Reports/Posting/Cash & Credit Income Summary per Cost Center per Month.rpt","True","0e495f5601007a3233cde95521522bfdb3dac7d2","89600","Cash & Credit Income Summary per Cost Center per Month.rpt","False","","False","False","","2","IGroup/Reports/Posting/Cash & Credit Income Summary per Cost Center per Month.rpt","Exact duplicate retained pending filename/path validation","Retain"
"Accounts/Reports/IGroup/Reports/Posting/Cash Income Summary per Cost Center per Department.rpt","True","3976eac06477576684c7f8924a20ec74e9602749","245760","Cash Income Summary per Cost Center per Department.rpt","False","","False","False","","2","IGroup/Reports/Posting/Cash Income Summary per Cost Center per Department.rpt","Exact duplicate retained pending filename/path validation","Retain"
"Accounts/Reports/IGroup/Reports/Posting/Cash Income Summary per Cost Center per Month.rpt","True","e8b54fbf0591efd76425268c2af9d4896555f5c3","727040","Cash Income Summary per Cost Center per Month.rpt","False","","False","False","","2","IGroup/Reports/Posting/Cash Income Summary per Cost Center per Month.rpt","Exact duplicate retained pending filename/path validation","Retain"
"Accounts/Reports/IGroup/Reports/Posting/Cash Income Summary per Cost Center per per Day.rpt","True","3917c29c99543f50f774871f475c5a857583fc99","219648","Cash Income Summary per Cost Center per per Day.rpt","False","","False","False","","1","","No static reference found; retained because reports are loaded dynamically","Retain"
"Accounts/Reports/IGroup/Reports/Posting/Combined Vat Summary Report Small Font per month Cash & Credit.rpt","True","5291c0057aef4fc6a71673836d643e54e976f3cd","53760","Combined Vat Summary Report Small Font per month Cash & Credit.rpt","False","","False","False","","2","IGroup/Reports/Posting/Combined Vat Summary Report Small Font per month Cash & Credit.rpt","Exact duplicate retained pending filename/path validation","Retain"
"Accounts/Reports/IGroup/Reports/Posting/Credit Income Summary per Cost Center per Company.rpt","True","185cf3b2301504b1e39a7588ae44e2cee521306d","63488","Credit Income Summary per Cost Center per Company.rpt","False","","False","False","","2","IGroup/Reports/Posting/Credit Income Summary per Cost Center per Company.rpt","Exact duplicate retained pending filename/path validation","Retain"
"Accounts/Reports/IGroup/Reports/Posting/Credit Income Summary per Cost Center per Department per Company No Self.rpt","True","d796d1011bf5be1d9317a2f11c71ad42bee60942","66048","Credit Income Summary per Cost Center per Department per Company No Self.rpt","False","","False","False","","1","","No static reference found; retained because reports are loaded dynamically","Retain"
"Accounts/Reports/IGroup/Reports/Posting/Credit Income Summary per Cost Center per Department per Company Small Font Trial.rpt","True","eabcf546bef7d0eeda55823b3629e74aa7bcaed0","62976","Credit Income Summary per Cost Center per Department per Company Small Font Trial.rpt","True","Archive-style filename","False","False","","2","IGroup/Reports/Posting/Credit Income Summary per Cost Center per Department per Company Small Font Trial.rpt","Unreferenced exact duplicate with archive-style name/path","QuarantineExactDuplicate"
"Accounts/Reports/IGroup/Reports/Posting/Credit Income Summary per Cost Center per Department per Company Small Font.rpt","True","e4c2f0d9f27168dfc35017127c448d2925d453c1","342016","Credit Income Summary per Cost Center per Department per Company Small Font.rpt","False","","False","False","","2","IGroup/Reports/Posting/Credit Income Summary per Cost Center per Department per Company Small Font.rpt","Exact duplicate retained pending filename/path validation","Retain"
"Accounts/Reports/IGroup/Reports/Posting/Credit Income Summary per Cost Center per Department per Company.rpt","True","f38720f388fb084cf40b5debcd646e580b3388d6","73216","Credit Income Summary per Cost Center per Department per Company.rpt","False","","False","False","","1","","No static reference found; retained because reports are loaded dynamically","Retain"
"Accounts/Reports/IGroup/Reports/Posting/Credit Income Summary per Cost Center per Department per Day No Self.rpt","True","0765167db538aaf24f1cde3b72f54ad89066170f","61440","Credit Income Summary per Cost Center per Department per Day No Self.rpt","False","","False","False","","1","","No static reference found; retained because reports are loaded dynamically","Retain"
"Accounts/Reports/IGroup/Reports/Posting/Credit Income Summary per Cost Center per Department per Day.rpt","True","b9a140fe2249a23a739995f3fe6c1681bd8232cd","65536","Credit Income Summary per Cost Center per Department per Day.rpt","False","","False","False","","1","","No static reference found; retained because reports are loaded dynamically","Retain"
"Accounts/Reports/IGroup/Reports/Posting/Credit Income Summary per Cost Center per Month.rpt","True","f14caf90366e19465a98d9485428252d80546002","82944","Credit Income Summary per Cost Center per Month.rpt","False","","False","False","","2","IGroup/Reports/Posting/Credit Income Summary per Cost Center per Month.rpt","Exact duplicate retained pending filename/path validation","Retain"
"Accounts/Reports/IGroup/Reports/Posting/Credit Income Summary per Cost Center per Period.rpt","True","7f07b53ba30ce715bfd877bb6164d0ba7fac6565","78848","Credit Income Summary per Cost Center per Period.rpt","False","","False","False","","2","IGroup/Reports/Posting/Credit Income Summary per Cost Center per Period.rpt","Exact duplicate retained pending filename/path validation","Retain"
"Accounts/Reports/IGroup/Reports/Posting/Credit Income Summary per Month.rpt","True","015d8438613f358b92e2837f6d717e773387bb1f","80896","Credit Income Summary per Month.rpt","False","","False","False","","2","IGroup/Reports/Posting/Credit Income Summary per Month.rpt","Exact duplicate retained pending filename/path validation","Retain"
"Accounts/Reports/IGroup/Reports/Posting/Credit Own Sale-Revenue.rpt","True","266e7e4fa31f8f55a61894eb4121df569ec384e9","78848","Credit Own Sale-Revenue.rpt","False","","False","False","","2","IGroup/Reports/Posting/Credit Own Sale-Revenue.rpt","Exact duplicate retained pending filename/path validation","Retain"
"Accounts/Reports/IGroup/Reports/Posting/Test.rpt","True","da92f83b5edda7f7fb6043767b83104080ec0340","72704","Test.rpt","True","Archive-style filename","False","False","","1","","Archive-style filename retained pending runtime validation","Retain"
"Accounts/Reports/IGroup/Reports/Posting/VAT Report Cash & Credit per Month Small Font.rpt","True","e9d72c48574be92975ee2efd0f47c91aa1065b4f","818176","VAT Report Cash & Credit per Month Small Font.rpt","False","","False","False","","2","IGroup/Reports/Posting/VAT Report Cash & Credit per Month Small Font.rpt","Exact duplicate retained pending filename/path validation","Retain"
"Accounts/Reports/IGroup/Reports/Posting/VAT Report Cash & Credit per Month.rpt","True","f7b8da8b22c6ee4d0bf186a7f54c32d706cfd29c","840704","VAT Report Cash & Credit per Month.rpt","False","","False","False","","2","IGroup/Reports/Posting/VAT Report Cash & Credit per Month.rpt","Exact duplicate retained pending filename/path validation","Retain"
"Accounts/Reports/IGroup/Reports/Posting/VAT Report Cash Only per Department Small Font.rpt","True","fa2e3162a8d520b656f81d6770589a330ca84190","755712","VAT Report Cash Only per Department Small Font.rpt","False","","False","False","","2","IGroup/Reports/Posting/VAT Report Cash Only per Department Small Font.rpt","Exact duplicate retained pending filename/path validation","Retain"
"Accounts/Reports/IGroup/Reports/Posting/VAT Report Cash Only per Month Small Font.rpt","True","7152f149b00cb303aaffd2ab9032d292bd2edcf5","753664","VAT Report Cash Only per Month Small Font.rpt","False","","False","False","","2","IGroup/Reports/Posting/VAT Report Cash Only per Month Small Font.rpt","Exact duplicate retained pending filename/path validation","Retain"
"Accounts/Reports/IGroup/Reports/Posting/VAT Report Credit Only per Department per Month Small Font.rpt","True","b68def9908354bc2e35d56dbaf175d41f6352f81","90624","VAT Report Credit Only per Department per Month Small Font.rpt","False","","False","False","","2","IGroup/Reports/Posting/VAT Report Credit Only per Department per Month Small Font.rpt","Exact duplicate retained pending filename/path validation","Retain"
"Accounts/Reports/IGroup/Reports/Posting/VAT Report Credit Only per Month Small Font.rpt","True","dddae8e2c20ebc404d56fa065661fc72bbb16caa","751104","VAT Report Credit Only per Month Small Font.rpt","False","","False","False","","2","IGroup/Reports/Posting/VAT Report Credit Only per Month Small Font.rpt","Exact duplicate retained pending filename/path validation","Retain"
"Accounts/Reports/IGroup/Reports/PurchaseOrder.rpt","True","6be8cfe4f57c3b3babd0ecdabe34b48354307f5a","15872","PurchaseOrder.rpt","False","","False","False","","5","IGroup/Reports/PurchaseOrder.rpt","Exact duplicate retained pending filename/path validation","Retain"
"Accounts/Reports/IGroup/Reports/PurchaseOrderAnalysis.rpt","True","90b12631e00139fd05502b2ffba27aefb8d498a5","51200","PurchaseOrderAnalysis.rpt","False","","False","False","","3","IGroup/Reports/PurchaseOrderAnalysis.rpt","Exact duplicate retained pending filename/path validation","Retain"
"Accounts/Reports/IGroup/Reports/PurchaseReport.rpt","True","772653f20ecab0eb074cb9c98197ef99ec93db00","54784","PurchaseReport.rpt","False","","False","False","","2","IGroup/Reports/PurchaseReport.rpt","Exact duplicate retained pending filename/path validation","Retain"
"Accounts/Reports/IGroup/Reports/PurchaseReturnReport.rpt","True","96d7f97ef12046682c2efd84cbf4d7110bd5f22b","54272","PurchaseReturnReport.rpt","False","","False","False","","3","IGroup/Reports/PurchaseReturnReport.rpt","Exact duplicate retained pending filename/path validation","Retain"
"Accounts/Reports/IGroup/Reports/PurchaseReturnReport1.rpt","True","c7422ba77b26254f39f0ce3e30312062a422f1a1","20480","PurchaseReturnReport1.rpt","False","","False","False","","4","Accounts/Reports/IGroup/Reports/PurchaseReturnReport1.rpt","Canonical copy retained for exact duplicate group","Retain"
"Accounts/Reports/IGroup/Reports/PurchaseSummaryReport.rpt","True","f7588cef7e167c4956131e6ca6aaa1504acad222","17408","PurchaseSummaryReport.rpt","False","","False","False","","4","Accounts/Reports/IGroup/Reports/PurchaseSummaryReport.rpt","Canonical copy retained for exact duplicate group","Retain"
"Accounts/Reports/IGroup/Reports/QRCODE Printng.rpt","True","6304d2cc3468a0f0ae1992b6a84e0add2cf77662","57344","QRCODE Printng.rpt","False","","False","False","","2","IGroup/Reports/QRCODE Printng.rpt","Exact duplicate retained pending filename/path validation","Retain"
"Accounts/Reports/IGroup/Reports/QrCodeTest.rpt","True","6c13f257a228a3d151672f3d70bf4db39e8f1611","19456","QrCodeTest.rpt","True","Archive-style filename","False","False","","2","IGroup/Reports/QrCodeTest.rpt","Unreferenced exact duplicate with archive-style name/path","QuarantineExactDuplicate"
"Accounts/Reports/IGroup/Reports/Report Backups/AccountsGroupList.rpt","True","abef2dce3ea86b27292d8243b26ad7e44c190421","48128","AccountsGroupList.rpt","False","","False","False","","5","IGroup/Reports/AccountsGroupList.rpt","Exact duplicate retained pending filename/path validation","Retain"
"Accounts/Reports/IGroup/Reports/Report Backups/AccountsJournal.rpt","True","df669bf9b09bf9e04e840ef17f25c31f868080ff","48128","AccountsJournal.rpt","False","","False","False","","5","IGroup/Reports/AccountsJournal.rpt","Exact duplicate retained pending filename/path validation","Retain"
"Accounts/Reports/IGroup/Reports/Report Backups/AccountsLedger.rpt","True","525ebe75c77839d8d1e1288cd9dbbae3f9d94ddf","49152","AccountsLedger.rpt","False","","False","False","","5","IGroup/Reports/AccountsLedger.rpt","Exact duplicate retained pending filename/path validation","Retain"
"Accounts/Reports/IGroup/Reports/Report Backups/AccountsOpeningBalance.rpt","True","be70947add48649cf9c13d97ba4b722dc5880b3a","48128","AccountsOpeningBalance.rpt","False","","False","False","","5","IGroup/Reports/AccountsOpeningBalance.rpt","Exact duplicate retained pending filename/path validation","Retain"
"Accounts/Reports/IGroup/Reports/Report Backups/AccountsVoucherType.rpt","True","f6ed868bbd67746f96e7b6b4533d2ad23e3a100e","47616","AccountsVoucherType.rpt","False","","False","False","","5","IGroup/Reports/AccountsVoucherType.rpt","Exact duplicate retained pending filename/path validation","Retain"
"Accounts/Reports/IGroup/Reports/Report Backups/ACCTrialBalanceNew.rpt","True","3a12390b748d7626c7c22d39b3fc4b446836610a","51200","ACCTrialBalanceNew.rpt","False","","False","False","","5","IGroup/Reports/ACCTrialBalanceNew.rpt","Exact duplicate retained pending filename/path validation","Retain"
"Accounts/Reports/IGroup/Reports/Report Backups/BarcodePharmacy.rpt","True","5d427795592057000501de7fd02666ad73491a00","15872","BarcodePharmacy.rpt","False","","False","True","Accounts/Reports/IGroup/BarcodePharmacy.vb:30; Accounts/PresentationLayer/Views/Forms/MainForm.vb:1137; Accounts/Accounts.vbproj:1794; Accounts/Accounts.vbproj:2662","3","Accounts/Reports/IGroup/Reports/Report Backups/BarcodePharmacy.rpt","Protected by static or project reference","Retain"
"Accounts/Reports/IGroup/Reports/Report Backups/BarcodePharmacy2.rpt","True","94f317c5bda70931f64cb4e18fea4e2d9f5829d7","13312","BarcodePharmacy2.rpt","False","","False","False","","3","Accounts/Reports/IGroup/Reports/Report Backups/BarcodePharmacy2.rpt","Canonical copy retained for exact duplicate group","Retain"
"Accounts/Reports/IGroup/Reports/Report Backups/BarcodePharmacy3.rpt","True","4372e2e5ded17e0d59046b3a373a3341aae55f5f","13312","BarcodePharmacy3.rpt","False","","False","False","","3","Accounts/Reports/IGroup/Reports/Report Backups/BarcodePharmacy3.rpt","Canonical copy retained for exact duplicate group","Retain"
"Accounts/Reports/IGroup/Reports/Report Backups/BestInventoryReport.rpt","True","5aca878ff9b0afb5390f09a3f23a425964051528","14848","BestInventoryReport.rpt","False","","False","False","","2","Accounts/Reports/IGroup/Reports/Report Backups/BestInventoryReport.rpt","Canonical copy retained for exact duplicate group","Retain"
"Accounts/Reports/IGroup/Reports/Report Backups/BestQtySoldPieGraph.rpt","True","785c25c14ffa07e447a546819bfbc1592ee64f95","57856","BestQtySoldPieGraph.rpt","False","","False","False","","5","IGroup/Reports/BestQtySoldPieGraph.rpt","Exact duplicate retained pending filename/path validation","Retain"
"Accounts/Reports/IGroup/Reports/Report Backups/ClinicBillPrint - Orig.rpt","True","13482fe3afd8387c33c1deb55e2d22aae9fdb36b","14848","ClinicBillPrint - Orig.rpt","False","","False","False","","5","Accounts/Reports/IGroup/Reports/ClinicBillPrint - Orig.rpt","Exact duplicate retained pending filename/path validation","Retain"
"Accounts/Reports/IGroup/Reports/Report Backups/ClinicBillPrint.rpt","True","bbf2535928ceb63f8972f77ec5ccf8d8e896378e","14848","ClinicBillPrint.rpt","False","","False","False","","2","Accounts/Reports/IGroup/Reports/Report Backups/ClinicBillPrint.rpt","Canonical copy retained for exact duplicate group","Retain"
"Accounts/Reports/IGroup/Reports/Report Backups/ClinicBillPrint1.rpt","True","78939beae2a49372eda970867d6fe53abd949b7c","14336","ClinicBillPrint1.rpt","False","","False","False","","4","Accounts/Reports/IGroup/Reports/ClinicBillPrint1.rpt","Exact duplicate retained pending filename/path validation","Retain"
"Accounts/Reports/IGroup/Reports/Report Backups/ClinicBillPrint2.rpt","True","8850d9a03354674d58caf5bcc9c83faf95ff65a3","14336","ClinicBillPrint2.rpt","False","","False","False","","3","Accounts/Reports/IGroup/Reports/Report Backups/ClinicBillPrint2.rpt","Canonical copy retained for exact duplicate group","Retain"
"Accounts/Reports/IGroup/Reports/Report Backups/ClinicBillPrintx.rpt","True","91c7077b92980bd5d4bbd3438bff4042ed1b8f37","14848","ClinicBillPrintx.rpt","False","","False","False","","6","IGroup/Reports/ClinicBillPrintx.rpt","Exact duplicate retained pending filename/path validation","Retain"
"Accounts/Reports/IGroup/Reports/Report Backups/ClinicCreditStatement.rpt","True","f8a0d5bb1cf5937cf3a92bfb06157c3b9b0808c6","50176","ClinicCreditStatement.rpt","False","","False","False","","6","Accounts/Reports/IGroup/Reports/ClinicCreditStatementOrig.rpt","Exact duplicate retained pending filename/path validation","Retain"
"Accounts/Reports/IGroup/Reports/Report Backups/ClinicDailyInvoiceSummaryDoctorWise.rpt","True","0174425d7d13c25c7e890c69d0e53bf8fc3155d1","16896","ClinicDailyInvoiceSummaryDoctorWise.rpt","False","","False","False","","5","IGroup/Reports/ClinicDailyInvoiceSummaryDoctorWise.rpt","Exact duplicate retained pending filename/path validation","Retain"
"Accounts/Reports/IGroup/Reports/Report Backups/ClinicDailyReceptionDoctorWise.rpt","True","e65a7cf009ca7be8ee9f105f15875477c1ccc8fb","51200","ClinicDailyReceptionDoctorWise.rpt","False","","False","False","","7","IGroup/Reports/ClinicDailyReceptionDoctorWise.rpt","Exact duplicate retained pending filename/path validation","Retain"
"Accounts/Reports/IGroup/Reports/Report Backups/ClinicDailyReceptionInvoice.rpt","True","4f78932db1424276dc8aea830291d23704c1007b","54272","ClinicDailyReceptionInvoice.rpt","False","","False","False","","1","","No static reference found; retained because reports are loaded dynamically","Retain"
"Accounts/Reports/IGroup/Reports/Report Backups/ClinicDailyReceptionInvoiceIQAMA.rpt","True","05c7de88d51adad7644b19563e94ff251fe32078","19456","ClinicDailyReceptionInvoiceIQAMA.rpt","False","","False","False","","5","IGroup/Reports/ClinicDailyReceptionInvoiceIQAMA.rpt","Exact duplicate retained pending filename/path validation","Retain"
"Accounts/Reports/IGroup/Reports/Report Backups/ClinicDailyReceptionUserWise.rpt","True","3fe6377f182453034dbc32db30db98a0a94536ae","52736","ClinicDailyReceptionUserWise.rpt","False","","False","False","","6","IGroup/Reports/ClinicDailyReceptionUserWise.rpt","Exact duplicate retained pending filename/path validation","Retain"
"Accounts/Reports/IGroup/Reports/Report Backups/ClinicDailyReceptionUserWise111.rpt","True","8d849ace9ccc803278721c17e7893dd951237b97","51712","ClinicDailyReceptionUserWise111.rpt","False","","False","False","","6","IGroup/Reports/ISP/ATM-ClinicDailyReceptionUserWise111.rpt","Exact duplicate retained pending filename/path validation","Retain"
"Accounts/Reports/IGroup/Reports/Report Backups/ClinicDailyReceptionUserWise3.rpt","True","94c6292fcbea32fda99ad37401ebcf9ed7350c1e","54784","ClinicDailyReceptionUserWise3.rpt","False","","False","False","","7","IGroup/Reports/ClinicDailyReceptionUserWise3.rpt","Exact duplicate retained pending filename/path validation","Retain"
"Accounts/Reports/IGroup/Reports/Report Backups/ClinicDailyReceptionUserWiseNew.rpt","True","59f1fe625f2def1031bef1d906bcc5de3f0af9e3","51200","ClinicDailyReceptionUserWiseNew.rpt","False","","False","False","","3","IGroup/Reports/ISP/ATM-ClinicDailyReceptionUserWiseNew.rpt","Exact duplicate retained pending filename/path validation","Retain"
"Accounts/Reports/IGroup/Reports/Report Backups/ClinicDateWiseSummaryStatement.rpt","True","e3dfaba698f48c70a3913ef889d4325b233fc10e","49664","ClinicDateWiseSummaryStatement.rpt","False","","False","False","","6","IGroup/Reports/ClinicDateWiseSummaryStatement.rpt","Exact duplicate retained pending filename/path validation","Retain"
"Accounts/Reports/IGroup/Reports/Report Backups/ClinicDoctorWiseTimeFrame.rpt","True","72e5bb1e877c17778c3e80c5872c466539aacab9","16384","ClinicDoctorWiseTimeFrame.rpt","False","","False","False","","2","Accounts/Reports/IGroup/Reports/Report Backups/ClinicDoctorWiseTimeFrame.rpt","Canonical copy retained for exact duplicate group","Retain"
"Accounts/Reports/IGroup/Reports/Report Backups/ClinicPatientProfile.rpt","True","29a2b3eac32a020585d8c26b1c4e36315b252e31","1165312","ClinicPatientProfile.rpt","False","","False","False","","2","Accounts/Reports/IGroup/Reports/Report Backups/ClinicPatientProfile.rpt","Canonical copy retained for exact duplicate group","Retain"
"Accounts/Reports/IGroup/Reports/Report Backups/ClinicReceptionCollectionxxx.rpt","True","8d6a00486004acfdfdb3d2857ee2426094f24ed7","53760","ClinicReceptionCollectionxxx.rpt","False","","False","False","","5","IGroup/Reports/ClinicReceptionCollection.rpt","Exact duplicate retained pending filename/path validation","Retain"
"Accounts/Reports/IGroup/Reports/Report Backups/ClinicServiceWiseSalesHistory.rpt","True","894a5242276ecfc0b8fab3e2357ff97abcb2c7d4","89600","ClinicServiceWiseSalesHistory.rpt","False","","False","False","","4","Accounts/Reports/IGroup/Reports/ClinicServiceWiseSalesHistory.rpt","Exact duplicate retained pending filename/path validation","Retain"
"Accounts/Reports/IGroup/Reports/Report Backups/ClinicServiceWiseSummary.rpt","True","3d91d078858fb3aecf4a5104b18f0c3f9234063f","15360","ClinicServiceWiseSummary.rpt","False","","False","False","","5","IGroup/Reports/ClinicServiceWiseSummary.rpt","Exact duplicate retained pending filename/path validation","Retain"
"Accounts/Reports/IGroup/Reports/Report Backups/CombinedISByDoctor.rpt","True","90431d5b7343ff7a21dd740745a6c47ee2f5e3fb","87552","CombinedISByDoctor.rpt","False","","False","False","","5","IGroup/Reports/CombinedISByDoctor.rpt","Exact duplicate retained pending filename/path validation","Retain"
"Accounts/Reports/IGroup/Reports/Report Backups/CombinedReportDateWise.rpt","True","b25b0ccbde955b7252501e9b91f02a85cd105a35","88576","CombinedReportDateWise.rpt","False","","False","False","","1","","No static reference found; retained because reports are loaded dynamically","Retain"
"Accounts/Reports/IGroup/Reports/Report Backups/CompanyStatement.rpt","True","512939f408a7ae9a86c95d8583af10cde866b5df","19456","CompanyStatement.rpt","False","","False","False","","3","Accounts/Reports/IGroup/Reports/Report Backups/CompanyStatement.rpt","Canonical copy retained for exact duplicate group","Retain"
"Accounts/Reports/IGroup/Reports/Report Backups/Copy of ClinicBillPrint.rpt","True","c5b50b539c4bc22961c22a8e97cbe45fe576a8f9","14336","Copy of ClinicBillPrint.rpt","False","","False","False","","10","IGroup/Reports/InsClinicBillPrint.rpt","Exact duplicate retained pending filename/path validation","Retain"
"Accounts/Reports/IGroup/Reports/Report Backups/CreditCoMonthlySubmission.rpt","True","b1df092c0b62f4afe76431281a3c8b9b03feedae","1008128","CreditCoMonthlySubmission.rpt","False","","False","False","","1","","No static reference found; retained because reports are loaded dynamically","Retain"
"Accounts/Reports/IGroup/Reports/Report Backups/DailyReportDoctorWisePatients.rpt","True","eabb8f8c345e00c23cf409038580d91716311db2","1162752","DailyReportDoctorWisePatients.rpt","False","","False","False","","1","","No static reference found; retained because reports are loaded dynamically","Retain"
"Accounts/Reports/IGroup/Reports/Report Backups/DateWiseDutyDone.rpt","True","1cf72c4bc72937293e2dc3603ee891edc4d75182","18432","DateWiseDutyDone.rpt","False","","False","False","","5","IGroup/Reports/DateWiseDutyDone.rpt","Exact duplicate retained pending filename/path validation","Retain"
"Accounts/Reports/IGroup/Reports/Report Backups/DateWiseDutyDone1.rpt","True","2682118585eef82c7d52f8c6b67f4d5f5ebb70b0","17920","DateWiseDutyDone1.rpt","False","","False","False","","5","IGroup/Reports/DateWiseDutyDone1.rpt","Exact duplicate retained pending filename/path validation","Retain"
"Accounts/Reports/IGroup/Reports/Report Backups/DCBillPrint.rpt","True","f65aa703e8c772773db3f0f95bae881bfedc67dd","14336","DCBillPrint.rpt","False","","False","True","Accounts/Reports/IGroup/DCBillPrint.vb:30; Accounts/Accounts.vbproj:1812; Accounts/Accounts.vbproj:2674","3","Accounts/Reports/IGroup/Reports/Report Backups/DCBillPrint.rpt","Protected by static or project reference","Retain"
"Accounts/Reports/IGroup/Reports/Report Backups/DCDriverLicenseForm.rpt","True","f9ef365b332eb2f4623a5e486213c73b096556e2","16896","DCDriverLicenseForm.rpt","False","","False","False","","1","","No static reference found; retained because reports are loaded dynamically","Retain"
"Accounts/Reports/IGroup/Reports/Report Backups/DCHealthCardForm.rpt","True","3ae4e8fbe18bbdd220ab001c6ffbea899a100019","15872","DCHealthCardForm.rpt","False","","False","False","","1","","No static reference found; retained because reports are loaded dynamically","Retain"
"Accounts/Reports/IGroup/Reports/Report Backups/DCIqamaForm.rpt","True","422543e43a337188e046944d7e65029f43b44d39","15360","DCIqamaForm.rpt","False","","False","False","","1","","No static reference found; retained because reports are loaded dynamically","Retain"
"Accounts/Reports/IGroup/Reports/Report Backups/DCMedicalReportForm.rpt","True","fe689a08cfca9b8fad0f2f0b841e6ce2eaa0fa73","46080","DCMedicalReportForm.rpt","False","","False","False","","3","Accounts/Reports/IGroup/Reports/Report Backups/DCMedicalReportForm.rpt","Canonical copy retained for exact duplicate group","Retain"
"Accounts/Reports/IGroup/Reports/Report Backups/DCR.rpt","True","430bcc917974ca9880a07c6d9dbfb436e05cc267","18432","DCR.rpt","False","","False","False","","5","IGroup/Reports/DCR.rpt","Exact duplicate retained pending filename/path validation","Retain"
"Accounts/Reports/IGroup/Reports/Report Backups/DiagnosisCenter.rpt","True","f58cd5ab490f913cc6fbfcb941c54b2cf56ea442","11776","DiagnosisCenter.rpt","False","","False","False","","5","IGroup/Reports/DiagnosisCenter.rpt","Exact duplicate retained pending filename/path validation","Retain"
"Accounts/Reports/IGroup/Reports/Report Backups/DisplayChartOfAccount.rpt","True","cd74fdf9e775601399772d4f644020e568575ebe","15872","DisplayChartOfAccount.rpt","False","","False","False","","2","Accounts/Reports/IGroup/Reports/Report Backups/DisplayChartOfAccount.rpt","Canonical copy retained for exact duplicate group","Retain"
"Accounts/Reports/IGroup/Reports/Report Backups/estInventoryReport.rpt","True","9f69a07609460ea4a6cbf638b5602f64d353a566","14336","estInventoryReport.rpt","False","","False","False","","5","IGroup/Reports/estInventoryReport.rpt","Exact duplicate retained pending filename/path validation","Retain"
"Accounts/Reports/IGroup/Reports/Report Backups/ExpiryList.rpt","True","a615dc3a2c2814ad46d5aa966697afe0e927341b","14848","ExpiryList.rpt","False","","False","False","","2","Accounts/Reports/IGroup/Reports/Report Backups/ExpiryList.rpt","Canonical copy retained for exact duplicate group","Retain"
"Accounts/Reports/IGroup/Reports/Report Backups/GraphicalPharmacyDailySalesInvoice.rpt","True","1c43c098dff63c3ff876d6706942eb0b08af7afa","1360896","GraphicalPharmacyDailySalesInvoice.rpt","False","","False","False","","5","IGroup/Reports/GraphicalPharmacyDailySalesInvoice.rpt","Exact duplicate retained pending filename/path validation","Retain"
"Accounts/Reports/IGroup/Reports/Report Backups/HREmployeeList.rpt","True","154792f26c289618840fde66902a3e016e05cbd2","10752","HREmployeeList.rpt","False","","False","False","","3","Accounts/Reports/IGroup/Reports/Report Backups/HREmployeeList.rpt","Canonical copy retained for exact duplicate group","Retain"
"Accounts/Reports/IGroup/Reports/Report Backups/HREmployeeSalaryDescription.rpt","True","2031291dc74f732f773f48a6e2d0cb2816d7ede1","15360","HREmployeeSalaryDescription.rpt","False","","False","False","","5","IGroup/Reports/HREmployeeSalaryDescription.rpt","Exact duplicate retained pending filename/path validation","Retain"
"Accounts/Reports/IGroup/Reports/Report Backups/HREmployeeShiftDetails.rpt","True","e07b32a3ef560a319c6d8835ba20bfac4b75e99c","14848","HREmployeeShiftDetails.rpt","False","","False","False","","5","IGroup/Reports/HREmployeeShiftDetails.rpt","Exact duplicate retained pending filename/path validation","Retain"
"Accounts/Reports/IGroup/Reports/Report Backups/HRMonthlyAttendence.rpt","True","741247c44d2ce6143bcc5cb81777b3ce386f4818","17408","HRMonthlyAttendence.rpt","False","","False","False","","5","IGroup/Reports/HRMonthlyAttendence.rpt","Exact duplicate retained pending filename/path validation","Retain"
"Accounts/Reports/IGroup/Reports/Report Backups/IBDailyReceptionInvoice.rpt","True","b02a105be5a7d5bb9a9fd93f67a10b3c09156652","53248","IBDailyReceptionInvoice.rpt","False","","False","False","","2","Accounts/Reports/IGroup/Reports/Report Backups/IBDailyReceptionInvoice.rpt","Canonical copy retained for exact duplicate group","Retain"
"Accounts/Reports/IGroup/Reports/Report Backups/InsClinicBillPrint.rpt","True","c5b50b539c4bc22961c22a8e97cbe45fe576a8f9","14336","InsClinicBillPrint.rpt","False","","False","False","","10","IGroup/Reports/InsClinicBillPrint.rpt","Exact duplicate retained pending filename/path validation","Retain"
"Accounts/Reports/IGroup/Reports/Report Backups/InsClinicBillPrint1.rpt","True","1ed2d0240e36e9f41870e36d8d419f23189fb6b0","13312","InsClinicBillPrint1.rpt","False","","False","False","","5","IGroup/Reports/InsClinicBillPrint1.rpt","Exact duplicate retained pending filename/path validation","Retain"
"Accounts/Reports/IGroup/Reports/Report Backups/InsPharmacyInvoicePrint.rpt","True","680f8aa1ab6edc14d3af5c3b8c4a23de558a340b","12288","InsPharmacyInvoicePrint.rpt","False","","False","False","","5","IGroup/Reports/InsPharmacyInvoicePrint.rpt","Exact duplicate retained pending filename/path validation","Retain"
"Accounts/Reports/IGroup/Reports/Report Backups/InsPharmacyInvoicePrint1.rpt","True","7347246662ff9df8419c455b6db91491f7dafd6d","11776","InsPharmacyInvoicePrint1.rpt","False","","False","False","","5","IGroup/Reports/InsPharmacyInvoicePrint1.rpt","Exact duplicate retained pending filename/path validation","Retain"
"Accounts/Reports/IGroup/Reports/Report Backups/InsuranceActualSummary.rpt","True","41b64549e45e62638441e6a1381a24f7ab28e950","21504","InsuranceActualSummary.rpt","False","","False","False","","5","IGroup/Reports/InsuranceActualSummary.rpt","Exact duplicate retained pending filename/path validation","Retain"
"Accounts/Reports/IGroup/Reports/Report Backups/InsuranceBupaEclaim.rpt","True","03c5e912fb65ef30e175db3ab64304e2e269ab90","17408","InsuranceBupaEclaim.rpt","False","","False","False","","5","IGroup/Reports/InsuranceBupaEclaim.rpt","Exact duplicate retained pending filename/path validation","Retain"
"Accounts/Reports/IGroup/Reports/Report Backups/InsuranceBupaEclaimRep.rpt","True","3cbe177b4ca82339c343af6d46b52b0f3b543353","19456","InsuranceBupaEclaimRep.rpt","False","","False","False","","5","IGroup/Reports/InsuranceBupaEclaimRep.rpt","Exact duplicate retained pending filename/path validation","Retain"
"Accounts/Reports/IGroup/Reports/Report Backups/InsuranceCompanyReport.rpt","True","87c12a510762a0177767776bc841e97fb2e61471","32768","InsuranceCompanyReport.rpt","False","","False","False","","5","IGroup/Reports/InsuranceCompanyReport.rpt","Exact duplicate retained pending filename/path validation","Retain"
"Accounts/Reports/IGroup/Reports/Report Backups/INSURANCEGlobeMedEclaim.rpt","True","270765abe3f384788394af65321803f3f79dff3a","17920","INSURANCEGlobeMedEclaim.rpt","False","","False","False","","5","IGroup/Reports/INSURANCEGlobeMedEclaim.rpt","Exact duplicate retained pending filename/path validation","Retain"
"Accounts/Reports/IGroup/Reports/Report Backups/InsuranceMonthlySubmission.rpt","True","88f64e03f348af26a7e738c2583a465cf2d4bc3a","18432","InsuranceMonthlySubmission.rpt","False","","False","False","","5","IGroup/Reports/InsuranceMonthlySubmission.rpt","Exact duplicate retained pending filename/path validation","Retain"
"Accounts/Reports/IGroup/Reports/Report Backups/InsurancePriceList.rpt","True","9839d1625e6013bbb2193eb629a1a4fd5cfc0792","87040","InsurancePriceList.rpt","False","","False","False","","5","IGroup/Reports/InsurancePriceList.rpt","Exact duplicate retained pending filename/path validation","Retain"
"Accounts/Reports/IGroup/Reports/Report Backups/InsuranceStatement.rpt","True","3207cb1f6bac5aae44b2e1a280ba29b07c3ec7c7","21504","InsuranceStatement.rpt","False","","False","False","","5","IGroup/Reports/InsuranceStatement.rpt","Exact duplicate retained pending filename/path validation","Retain"
"Accounts/Reports/IGroup/Reports/Report Backups/InsuranceSummary.rpt","True","a554147bbb33b63fefcebfec2411060cda138563","20992","InsuranceSummary.rpt","False","","False","False","","5","IGroup/Reports/InsuranceSummary.rpt","Exact duplicate retained pending filename/path validation","Retain"
"Accounts/Reports/IGroup/Reports/Report Backups/InsuranceSummaryOfAccount.rpt","True","aa459705847b64a13aaffadd709d9afd9cd49fb3","144896","InsuranceSummaryOfAccount.rpt","False","","False","False","","5","IGroup/Reports/InsuranceSummaryOfAccount.rpt","Exact duplicate retained pending filename/path validation","Retain"
"Accounts/Reports/IGroup/Reports/Report Backups/InvoiceSummaryTimeWiseGraph.rpt","True","6366d78d54bf2f251df1b0f12aa9c1a1b87fd150","31744","InvoiceSummaryTimeWiseGraph.rpt","False","","False","False","","5","IGroup/Reports/InvoiceSummaryTimeWiseGraph.rpt","Exact duplicate retained pending filename/path validation","Retain"
"Accounts/Reports/IGroup/Reports/Report Backups/ItemMovementReport.rpt","True","3ddaf206ec791edbefac13458c55b023ec7e3ba3","15872","ItemMovementReport.rpt","False","","False","False","","5","IGroup/Reports/ItemMovementReport.rpt","Exact duplicate retained pending filename/path validation","Retain"
"Accounts/Reports/IGroup/Reports/Report Backups/ItemMovementReportFromOS.rpt","True","0f5ed5adadd5cc1b899367b96b23600dde3cb9f1","16896","ItemMovementReportFromOS.rpt","False","","False","False","","2","Accounts/Reports/IGroup/Reports/Report Backups/ItemMovementReportFromOS.rpt","Canonical copy retained for exact duplicate group","Retain"
"Accounts/Reports/IGroup/Reports/Report Backups/ItemMovementReportPeriodic.rpt","True","2c3551cd7f51a4fb51468f058a40510cb4d41a7c","16896","ItemMovementReportPeriodic.rpt","False","","False","False","","1","","No static reference found; retained because reports are loaded dynamically","Retain"
"Accounts/Reports/IGroup/Reports/Report Backups/ItemPriceList.rpt","True","3f592b37f1a80aee19c19cd6d352c9891505ef2f","1161728","ItemPriceList.rpt","False","","False","False","","5","IGroup/Reports/ItemPriceList.rpt","Exact duplicate retained pending filename/path validation","Retain"
"Accounts/Reports/IGroup/Reports/Report Backups/ItemWisePurchaseHistory.rpt","True","29f91b0a2cdc201c8a59a9bd8e29f62eca374997","15872","ItemWisePurchaseHistory.rpt","False","","False","False","","2","Accounts/Reports/IGroup/Reports/Report Backups/ItemWisePurchaseHistory.rpt","Canonical copy retained for exact duplicate group","Retain"
"Accounts/Reports/IGroup/Reports/Report Backups/LabInvp001.rpt","True","908b90dfa516a5591b46b557a118bccf6b69f09c","52736","LabInvp001.rpt","False","","False","False","","4","IGroup/Reports/Mine/LabInvp001.rpt","Exact duplicate retained pending filename/path validation","Retain"
"Accounts/Reports/IGroup/Reports/Report Backups/LabPlain.rpt","True","e826690ee92691131d10a24756d1a89e506d9ae2","49664","LabPlain.rpt","False","","False","False","","3","Accounts/Reports/IGroup/Reports/Report Backups/LabPlain.rpt","Canonical copy retained for exact duplicate group","Retain"
"Accounts/Reports/IGroup/Reports/Report Backups/ListofDailyPatients.rpt","True","3ddae7a95cee180697eb7e4a396ebcce823e7632","74752","ListofDailyPatients.rpt","False","","False","False","","2","Accounts/Reports/IGroup/Reports/Report Backups/ListofDailyPatients.rpt","Canonical copy retained for exact duplicate group","Retain"
"Accounts/Reports/IGroup/Reports/Report Backups/MedicalServicePriceList.rpt","True","a12e211b7b5dd44a78a8ea4ad6ccb92d15b65232","119296","MedicalServicePriceList.rpt","False","","False","False","","5","IGroup/Reports/MedicalServicePriceList.rpt","Exact duplicate retained pending filename/path validation","Retain"
"Accounts/Reports/IGroup/Reports/Report Backups/MedicalServicePriceListCash.rpt","True","0a9f924915bfb725897b6d02f936d6eddf8dee4e","14848","MedicalServicePriceListCash.rpt","False","","False","False","","3","Accounts/Reports/IGroup/Reports/Report Backups/MedicalServicePriceListCash.rpt","Canonical copy retained for exact duplicate group","Retain"
"Accounts/Reports/IGroup/Reports/Report Backups/MedicalServicePriceListCredit.rpt","True","d3cd599d884e5cfb446ff56063034cd01a43184a","118784","MedicalServicePriceListCredit.rpt","False","","False","False","","5","IGroup/Reports/MedicalServicePriceListCredit.rpt","Exact duplicate retained pending filename/path validation","Retain"
"Accounts/Reports/IGroup/Reports/Report Backups/OpeningStock.rpt","True","125fcdb39947ecb4bc277db6a546b21e3910e9b4","15872","OpeningStock.rpt","False","","False","False","","5","IGroup/Reports/OpeningStock.rpt","Exact duplicate retained pending filename/path validation","Retain"
"Accounts/Reports/IGroup/Reports/Report Backups/OpeningStockDifference.rpt","True","9484a079bc90b2e952331255336d0accb4b7670a","15360","OpeningStockDifference.rpt","False","","False","False","","5","IGroup/Reports/OpeningStockDifference.rpt","Exact duplicate retained pending filename/path validation","Retain"
"Accounts/Reports/IGroup/Reports/Report Backups/PatientBookingSchedule.rpt","True","a3f37a652ac1a83367a9f0ecb37d7d71f28cc5f7","37376","PatientBookingSchedule.rpt","False","","False","False","","5","IGroup/Reports/PatientBookingSchedule.rpt","Exact duplicate retained pending filename/path validation","Retain"
"Accounts/Reports/IGroup/Reports/Report Backups/PatientBookingSchedule1.rpt","True","09197caf8a25202ba2399470fbcd865947485e93","37376","PatientBookingSchedule1.rpt","False","","False","False","","5","IGroup/Reports/PatientBookingSchedule1.rpt","Exact duplicate retained pending filename/path validation","Retain"
"Accounts/Reports/IGroup/Reports/Report Backups/PatientCaseSheet.rpt","True","061091d23f5af2b32e2282f66e78d212aa4b7fbd","1158144","PatientCaseSheet.rpt","False","","False","False","","4","Accounts/Reports/IGroup/Reports/PatientCaseSheet.rpt","Exact duplicate retained pending filename/path validation","Retain"
"Accounts/Reports/IGroup/Reports/Report Backups/PatientDentalCaseSheet.rpt","True","f20ebe3585c0ecb77a0e9a1a1c738c3f6c913c7b","11776","PatientDentalCaseSheet.rpt","False","","False","False","","5","IGroup/Reports/PatientDentalCaseSheet.rpt","Exact duplicate retained pending filename/path validation","Retain"
"Accounts/Reports/IGroup/Reports/Report Backups/PatientDermoCaseSheet.rpt","True","d94187ec4439cc182871c8d8525ef22aed0bab41","11776","PatientDermoCaseSheet.rpt","False","","False","False","","5","IGroup/Reports/PatientDermoCaseSheet.rpt","Exact duplicate retained pending filename/path validation","Retain"
"Accounts/Reports/IGroup/Reports/Report Backups/PatientList.rpt","True","be03a38a4ffb4229fd174608c7a0dba3bb00b61f","10752","PatientList.rpt","False","","False","False","","5","IGroup/Reports/PatientList.rpt","Exact duplicate retained pending filename/path validation","Retain"
"Accounts/Reports/IGroup/Reports/Report Backups/PaySlip.rpt","True","3b2488d72d365170b9df918e83abb67a1f182395","25600","PaySlip.rpt","False","","False","False","","5","IGroup/Reports/PaySlip.rpt","Exact duplicate retained pending filename/path validation","Retain"
"Accounts/Reports/IGroup/Reports/Report Backups/Phar_SalesInvoice_DateWiseBar.rpt","True","a98d5d4d7805d999b936771d311b47e9deeea606","20992","Phar_SalesInvoice_DateWiseBar.rpt","False","","False","False","","5","IGroup/Reports/Phar_SalesInvoice_DateWiseBar.rpt","Exact duplicate retained pending filename/path validation","Retain"
"Accounts/Reports/IGroup/Reports/Report Backups/Phar_SalesInvoice_Detailed.rpt","True","3aa12a4388aa49ed842a622d655b6a1cf47405f1","18944","Phar_SalesInvoice_Detailed.rpt","False","","False","False","","5","IGroup/Reports/Phar_SalesInvoice_Detailed.rpt","Exact duplicate retained pending filename/path validation","Retain"
"Accounts/Reports/IGroup/Reports/Report Backups/Phar_SalesInvoice_DetailedPieChart.rpt","True","4074b6d381a99fa3c240818406135ccddf25747f","18432","Phar_SalesInvoice_DetailedPieChart.rpt","False","","False","False","","5","IGroup/Reports/Phar_SalesInvoice_DetailedPieChart.rpt","Exact duplicate retained pending filename/path validation","Retain"
"Accounts/Reports/IGroup/Reports/Report Backups/PharmacyCreditStatement.rpt","True","a881a9a2f352aba963150508cca65dfa150ec6ac","87040","PharmacyCreditStatement.rpt","False","","False","False","","5","IGroup/Reports/PharmacyCreditStatement.rpt","Exact duplicate retained pending filename/path validation","Retain"
"Accounts/Reports/IGroup/Reports/Report Backups/PharmacyDailySalesInvoice - Copy.rpt","True","d8996cb2cdc80f7a6957ce83a93807e137522a19","173568","PharmacyDailySalesInvoice - Copy.rpt","True","Archive-style filename","False","False","","5","IGroup/Reports/PharmacyDailySalesInvoice - Copy.rpt","Unreferenced exact duplicate with archive-style name/path","QuarantineExactDuplicate"
"Accounts/Reports/IGroup/Reports/Report Backups/PharmacyDailySalesInvoice.rpt","True","e2fe2aff273195df7562b9329058d327836ac08e","54272","PharmacyDailySalesInvoice.rpt","False","","False","False","","2","Accounts/Reports/IGroup/Reports/Orig/PharmacyDailySalesInvoice.rpt","Exact duplicate retained pending filename/path validation","Retain"
"Accounts/Reports/IGroup/Reports/Report Backups/PharmacyDailySalesInvoice1.rpt","True","ed9f55773eb22006c3f4f7ad39bed36cd9a7e526","16896","PharmacyDailySalesInvoice1.rpt","False","","False","False","","5","IGroup/Reports/PharmacyDailySalesInvoice1.rpt","Exact duplicate retained pending filename/path validation","Retain"
"Accounts/Reports/IGroup/Reports/Report Backups/PharmacyDailySalesInvoiceSummary.rpt","True","b27ebcccd2faa52a46f0eb372a07e7deba4d7184","20480","PharmacyDailySalesInvoiceSummary.rpt","False","","False","False","","1","","No static reference found; retained because reports are loaded dynamically","Retain"
"Accounts/Reports/IGroup/Reports/Report Backups/PharmacyDailySalesInvoiceSummaryTimeWise.rpt","True","1ab802961a834213122a1994e8b9c0ec8829dc0e","22016","PharmacyDailySalesInvoiceSummaryTimeWise.rpt","False","","False","False","","5","IGroup/Reports/PharmacyDailySalesInvoiceSummaryTimeWise.rpt","Exact duplicate retained pending filename/path validation","Retain"
"Accounts/Reports/IGroup/Reports/Report Backups/PharmacyDailySalesInvoiceSummaryTimeWise1.rpt","True","5dc18a621562f23d23394e091e2973378649ac89","20480","PharmacyDailySalesInvoiceSummaryTimeWise1.rpt","False","","False","False","","5","IGroup/Reports/PharmacyDailySalesInvoiceSummaryTimeWise1.rpt","Exact duplicate retained pending filename/path validation","Retain"
"Accounts/Reports/IGroup/Reports/Report Backups/PharmacyDailySalesUserWise.rpt","True","2662044a56de6326fd050dcad2e07e4d0eacf599","90624","PharmacyDailySalesUserWise.rpt","False","","False","False","","1","","No static reference found; retained because reports are loaded dynamically","Retain"
"Accounts/Reports/IGroup/Reports/Report Backups/PharmacyDosageArabic.rpt","True","ae11ef4113994f2a8707830066da303b9e88a5e6","8704","PharmacyDosageArabic.rpt","False","","False","False","","3","Accounts/Reports/IGroup/Reports/Orig/PharmacyDosageArabic.rpt","Exact duplicate retained pending filename/path validation","Retain"
"Accounts/Reports/IGroup/Reports/Report Backups/PharmacyIEDateWise.rpt","True","2a6470c86ac19da7ba5145c43ab6c42bfbee4689","86016","PharmacyIEDateWise.rpt","False","","False","False","","5","IGroup/Reports/PharmacyIEDateWise.rpt","Exact duplicate retained pending filename/path validation","Retain"
"Accounts/Reports/IGroup/Reports/Report Backups/PharmacyIEDetailed.rpt","True","04d9df63b14eb4a56036a23edda3a0d6091c0a4a","86016","PharmacyIEDetailed.rpt","False","","False","False","","5","IGroup/Reports/PharmacyIEDetailed.rpt","Exact duplicate retained pending filename/path validation","Retain"
"Accounts/Reports/IGroup/Reports/Report Backups/PharmacyInvoicePrintBig.rpt","True","8e86bcd3dc4c7546651c2ce894cfa517d100d875","12800","PharmacyInvoicePrintBig.rpt","False","","False","False","","2","Accounts/Reports/IGroup/Reports/Report Backups/PharmacyInvoicePrintBig.rpt","Canonical copy retained for exact duplicate group","Retain"
"Accounts/Reports/IGroup/Reports/Report Backups/PharmacyInvoicePrintSmall.rpt","True","1283c8e3332235022400915bf07fc0f1c3f8ea5c","12288","PharmacyInvoicePrintSmall.rpt","False","","False","False","","5","IGroup/Reports/PharmacyInvoicePrintSmall.rpt","Exact duplicate retained pending filename/path validation","Retain"
"Accounts/Reports/IGroup/Reports/Report Backups/PharmacyItemWiseSalesHistory.rpt","True","250531dc8afff6d4654b4ed14f10b628e012cfe2","18944","PharmacyItemWiseSalesHistory.rpt","False","","False","False","","2","Accounts/Reports/IGroup/Reports/Report Backups/PharmacyItemWiseSalesHistory.rpt","Canonical copy retained for exact duplicate group","Retain"
"Accounts/Reports/IGroup/Reports/Report Backups/PharmacyPatientProfile.rpt","True","481c7a8f988ed1f0854403741036a90b1f07d987","54784","PharmacyPatientProfile.rpt","False","","False","False","","5","IGroup/Reports/PharmacyPatientProfile.rpt","Exact duplicate retained pending filename/path validation","Retain"
"Accounts/Reports/IGroup/Reports/Report Backups/PMRDcafBlank.rpt","True","fe69350d315e52d788e47fe2c4cd8a54c35e34bf","256000","PMRDcafBlank.rpt","False","","False","False","","5","IGroup/Reports/PMRDcafBlank.rpt","Exact duplicate retained pending filename/path validation","Retain"
"Accounts/Reports/IGroup/Reports/Report Backups/PMROcaf.rpt","True","fff452cacbc2dff2402598e5c108f86e40667780","779776","PMROcaf.rpt","False","","False","False","","5","IGroup/Reports/PMROcaf.rpt","Exact duplicate retained pending filename/path validation","Retain"
"Accounts/Reports/IGroup/Reports/Report Backups/PMRPatientDentalProfile.rpt","True","0730806025534084c412c6ec90c517901d788924","84992","PMRPatientDentalProfile.rpt","False","","False","False","","5","IGroup/Reports/PMRPatientDentalProfile.rpt","Exact duplicate retained pending filename/path validation","Retain"
"Accounts/Reports/IGroup/Reports/Report Backups/PMRPatientProfile.rpt","True","b5709a9c7d71085dae7b954288e252a55c37582b","19456","PMRPatientProfile.rpt","False","","False","False","","3","Accounts/Reports/IGroup/Reports/Report Backups/PMRPatientProfile.rpt","Canonical copy retained for exact duplicate group","Retain"
"Accounts/Reports/IGroup/Reports/Report Backups/PMRPharmacyMedicineNCPrescription.rpt","True","89ddaebc24172dd9a8289d68ef7ebecb446fcc48","14336","PMRPharmacyMedicineNCPrescription.rpt","False","","False","False","","3","Accounts/Reports/IGroup/Reports/Report Backups/PMRPharmacyMedicineNCPrescription.rpt","Canonical copy retained for exact duplicate group","Retain"
"Accounts/Reports/IGroup/Reports/Report Backups/PMRPharmacyMedicinePrescription.rpt","True","61e26d44ca106356766bc92deaf0efdc649cf97a","14336","PMRPharmacyMedicinePrescription.rpt","False","","False","True","Accounts/Reports/PMRPharmacyMedicinePrescription.vb:30; Accounts/Accounts.vbproj:1974; Accounts/Accounts.vbproj:2782","3","Accounts/Reports/IGroup/Reports/Report Backups/PMRPharmacyMedicinePrescription.rpt","Protected by static or project reference","Retain"
"Accounts/Reports/IGroup/Reports/Report Backups/PMRPharmacyPrescriptionBlank.rpt","True","fd9007679e0e5658cdf9dac160ea1b5f4de739d6","15360","PMRPharmacyPrescriptionBlank.rpt","False","","False","False","","5","IGroup/Reports/PMRPharmacyPrescriptionBlank.rpt","Exact duplicate retained pending filename/path validation","Retain"
"Accounts/Reports/IGroup/Reports/Report Backups/PMRUcaf.rpt","True","6cefd6745f0064b5762724a9343f9d49fdaf348d","19968","PMRUcaf.rpt","False","","False","False","","5","IGroup/Reports/PMRUcaf.rpt","Exact duplicate retained pending filename/path validation","Retain"
"Accounts/Reports/IGroup/Reports/Report Backups/PMRUcafBlank.rpt","True","68edc361b7d80a47a573137b16f296d6dc424da5","22016","PMRUcafBlank.rpt","False","","False","False","","5","IGroup/Reports/PMRUcafBlank.rpt","Exact duplicate retained pending filename/path validation","Retain"
"Accounts/Reports/IGroup/Reports/Report Backups/PurchaseOrder.rpt","True","6be8cfe4f57c3b3babd0ecdabe34b48354307f5a","15872","PurchaseOrder.rpt","False","","False","False","","5","IGroup/Reports/PurchaseOrder.rpt","Exact duplicate retained pending filename/path validation","Retain"
"Accounts/Reports/IGroup/Reports/Report Backups/PurchaseReport.rpt","True","b0ed6e595b74a91a3a0d12a861ac6ae4f9872c6d","18944","PurchaseReport.rpt","False","","False","False","","3","Accounts/Reports/IGroup/Reports/Report Backups/PurchaseReport.rpt","Canonical copy retained for exact duplicate group","Retain"
"Accounts/Reports/IGroup/Reports/Report Backups/PurchaseReturnReport.rpt","True","f826223228a552add514b908b8f6ed80d4fd3536","18944","PurchaseReturnReport.rpt","False","","False","False","","2","Accounts/Reports/IGroup/Reports/Report Backups/PurchaseReturnReport.rpt","Canonical copy retained for exact duplicate group","Retain"
"Accounts/Reports/IGroup/Reports/Report Backups/PurchaseReturnReport1.rpt","True","c7422ba77b26254f39f0ce3e30312062a422f1a1","20480","PurchaseReturnReport1.rpt","False","","False","False","","4","Accounts/Reports/IGroup/Reports/PurchaseReturnReport1.rpt","Exact duplicate retained pending filename/path validation","Retain"
"Accounts/Reports/IGroup/Reports/Report Backups/PurchaseSummaryReport.rpt","True","f7588cef7e167c4956131e6ca6aaa1504acad222","17408","PurchaseSummaryReport.rpt","False","","False","False","","4","Accounts/Reports/IGroup/Reports/PurchaseSummaryReport.rpt","Exact duplicate retained pending filename/path validation","Retain"
"Accounts/Reports/IGroup/Reports/Report Backups/RevenueReportDoctorWisePatients.rpt","True","dd668ad79829db8719bf3757291d4f20699d7e50","1167872","RevenueReportDoctorWisePatients.rpt","False","","False","False","","2","Accounts/Reports/IGroup/Reports/Report Backups/RevenueReportDoctorWisePatients.rpt","Canonical copy retained for exact duplicate group","Retain"
"Accounts/Reports/IGroup/Reports/Report Backups/SaleProfitabilityDateWise.rpt","True","e873142f9618bda8d425f70bdc65c66ea6e0e01a","19456","SaleProfitabilityDateWise.rpt","False","","False","False","","5","IGroup/Reports/SaleProfitabilityDateWise.rpt","Exact duplicate retained pending filename/path validation","Retain"
"Accounts/Reports/IGroup/Reports/Report Backups/SaleProfitabilityInvoiceWise.rpt","True","5ea7e1600f682c5c70a9b80cd89c199869e7024c","17920","SaleProfitabilityInvoiceWise.rpt","False","","False","False","","5","IGroup/Reports/SaleProfitabilityInvoiceWise.rpt","Exact duplicate retained pending filename/path validation","Retain"
"Accounts/Reports/IGroup/Reports/Report Backups/SaleProfitabilityItemWise.rpt","True","7b0b61799c93f78c76db548885e0ffc2d351d19b","16384","SaleProfitabilityItemWise.rpt","False","","False","False","","5","IGroup/Reports/SaleProfitabilityItemWise.rpt","Exact duplicate retained pending filename/path validation","Retain"
"Accounts/Reports/IGroup/Reports/Report Backups/StockAdjustment.rpt","True","ef8d9cc85a310b14bb0be7408c911c00febdafea","15872","StockAdjustment.rpt","False","","False","False","","5","IGroup/Reports/StockAdjustment.rpt","Exact duplicate retained pending filename/path validation","Retain"
"Accounts/Reports/IGroup/Reports/Report Backups/StockRegister.rpt","True","3bc0fecea84994b3fce2f3f56dd789cb43ac8f2e","16384","StockRegister.rpt","False","","False","False","","3","Accounts/Reports/IGroup/Reports/Orig/StockRegister.rpt","Exact duplicate retained pending filename/path validation","Retain"
"Accounts/Reports/IGroup/Reports/Report Backups/TransferStockItemWiseReport.rpt","True","159f5f074d86572de46ebe6b804a7be2a5e85658","89600","TransferStockItemWiseReport.rpt","False","","False","False","","5","IGroup/Reports/TransferStockItemWiseReport.rpt","Exact duplicate retained pending filename/path validation","Retain"
"Accounts/Reports/IGroup/Reports/Report Backups/TransferStockReport.rpt","True","96340b0763410709674598af91f065a7a291129e","18432","TransferStockReport.rpt","False","","False","False","","2","Accounts/Reports/IGroup/Reports/Report Backups/TransferStockReport.rpt","Canonical copy retained for exact duplicate group","Retain"
"Accounts/Reports/IGroup/Reports/Report Backups/UnpostedPayables.rpt","True","9875b650aa9ac4a32130fb3aff684b846750e28c","14336","UnpostedPayables.rpt","False","","False","False","","5","IGroup/Reports/UnpostedPayables.rpt","Exact duplicate retained pending filename/path validation","Retain"
"Accounts/Reports/IGroup/Reports/Report Backups/VoucherPrint.rpt","True","b5fccce6780e2d7cb0c27380f358aad975b7c345","43520","VoucherPrint.rpt","False","","False","False","","5","IGroup/Reports/VoucherPrint.rpt","Exact duplicate retained pending filename/path validation","Retain"
"Accounts/Reports/IGroup/Reports/Report Backups/XrayPlainReport.rpt","True","f28a4be3d9e484fd9df8d8a6ccd8f6f7831de169","48640","XrayPlainReport.rpt","False","","False","False","","2","Accounts/Reports/IGroup/Reports/Orig/XrayPlainReport.rpt","Exact duplicate retained pending filename/path validation","Retain"
"Accounts/Reports/IGroup/Reports/Report1.rpt","True","9368683d83c6d2e933c52521c92c3c619ba48c98","57344","Report1.rpt","False","","False","False","","1","","No static reference found; retained because reports are loaded dynamically","Retain"
"Accounts/Reports/IGroup/Reports/Report2.rpt","True","ee5250b12c2fcedb192b3703e021554c3c854079","52736","Report2.rpt","False","","False","False","","2","IGroup/Reports/Report2.rpt","Exact duplicate retained pending filename/path validation","Retain"
"Accounts/Reports/IGroup/Reports/RevenuePosting/Combined Total Income per Company Cost Center.rpt","True","cc01963429ca7758619ecc49a66247f7d2cc5b96","54784","Combined Total Income per Company Cost Center.rpt","False","","False","False","","1","","No static reference found; retained because reports are loaded dynamically","Retain"
"Accounts/Reports/IGroup/Reports/RevenuePosting/Combined Total Income per Cost Center Cash New.rpt","True","42b133d77ec13ff8b51b4615b4dc680cf4c1bd46","53760","Combined Total Income per Cost Center Cash New.rpt","False","","False","False","","2","IGroup/Reports/RevenuePosting/Combined Total Income per Cost Center Cash New.rpt","Exact duplicate retained pending filename/path validation","Retain"
"Accounts/Reports/IGroup/Reports/RevenuePosting/Combined Total Income per Cost Center Cash Only.rpt","True","887aa99ed046646c095e2817221b10c454a9d5bd","54784","Combined Total Income per Cost Center Cash Only.rpt","False","","False","False","","2","IGroup/Reports/RevenuePosting/Combined Total Income per Cost Center Cash Only.rpt","Exact duplicate retained pending filename/path validation","Retain"
"Accounts/Reports/IGroup/Reports/RevenuePosting/Combined Total Income per Cost Center.rpt","True","03409a64f3a828478124d9788ac00441ae34fb03","53760","Combined Total Income per Cost Center.rpt","False","","False","False","","2","IGroup/Reports/RevenuePosting/Combined Total Income per Cost Center.rpt","Exact duplicate retained pending filename/path validation","Retain"
"Accounts/Reports/IGroup/Reports/RevenuePosting/Pharmacy Total Income per Company Cost Center.rpt","True","6f268116b26fca8fc4c7a37e85c319542f6e014f","56832","Pharmacy Total Income per Company Cost Center.rpt","False","","False","False","","2","IGroup/Reports/RevenuePosting/Pharmacy Total Income per Company Cost Center.rpt","Exact duplicate retained pending filename/path validation","Retain"
"Accounts/Reports/IGroup/Reports/RevenuePosting/Pharmacy Total Income per Cost Center.rpt","True","6f932bdfa84f1bc329615d2f4b6e2bf66c1a19ab","53760","Pharmacy Total Income per Cost Center.rpt","False","","False","False","","2","IGroup/Reports/RevenuePosting/Pharmacy Total Income per Cost Center.rpt","Exact duplicate retained pending filename/path validation","Retain"
"Accounts/Reports/IGroup/Reports/RevenuePosting/test.rpt","True","f3a66f18a1e79d470f79737ef560eee155fc9030","56832","test.rpt","True","Archive-style filename","False","False","","2","IGroup/Reports/RevenuePosting/test.rpt","Unreferenced exact duplicate with archive-style name/path","QuarantineExactDuplicate"
"Accounts/Reports/IGroup/Reports/RevenueReportDoctorWiseCombined.rpt","True","ec9c75cd3da75cc7c49eaa935d49080172c4c66f","54784","RevenueReportDoctorWiseCombined.rpt","False","","False","False","","2","IGroup/Reports/RevenueReportDoctorWiseCombined.rpt","Exact duplicate retained pending filename/path validation","Retain"
"Accounts/Reports/IGroup/Reports/RevenueReportDoctorWisePatients.rpt","True","89f4903b5803decfa2a1b762f3decc44a6abc407","54784","RevenueReportDoctorWisePatients.rpt","False","","False","False","","3","IGroup/Reports/RevenueReportDoctorWisePatients.rpt","Exact duplicate retained pending filename/path validation","Retain"
"Accounts/Reports/IGroup/Reports/SaleProfitabilityDateWise.rpt","True","e873142f9618bda8d425f70bdc65c66ea6e0e01a","19456","SaleProfitabilityDateWise.rpt","False","","False","False","","5","IGroup/Reports/SaleProfitabilityDateWise.rpt","Exact duplicate retained pending filename/path validation","Retain"
"Accounts/Reports/IGroup/Reports/SaleProfitabilityInvoiceWise.rpt","True","5ea7e1600f682c5c70a9b80cd89c199869e7024c","17920","SaleProfitabilityInvoiceWise.rpt","False","","False","False","","5","IGroup/Reports/SaleProfitabilityInvoiceWise.rpt","Exact duplicate retained pending filename/path validation","Retain"
"Accounts/Reports/IGroup/Reports/SaleProfitabilityItemWise.rpt","True","7b0b61799c93f78c76db548885e0ffc2d351d19b","16384","SaleProfitabilityItemWise.rpt","False","","False","False","","5","IGroup/Reports/SaleProfitabilityItemWise.rpt","Exact duplicate retained pending filename/path validation","Retain"
"Accounts/Reports/IGroup/Reports/Stock Consumption Injections (itemized).rpt","True","33f18409f47bf424ccb4e6afc28d0bb48f1e884a","76288","Stock Consumption Injections (itemized).rpt","False","","False","False","","2","IGroup/Reports/Stock Consumption Injections (itemized).rpt","Exact duplicate retained pending filename/path validation","Retain"
"Accounts/Reports/IGroup/Reports/Stock Consumption Injections (Summarized).rpt","True","19f370b1ed7a43ce27cd0ec30664be7dc9df7fb8","61440","Stock Consumption Injections (Summarized).rpt","False","","False","False","","2","IGroup/Reports/Stock Consumption Injections (Summarized).rpt","Exact duplicate retained pending filename/path validation","Retain"
"Accounts/Reports/IGroup/Reports/Stock Consumption Meds Only.rpt","True","d179042f232e24eed13e78b4d3b59beb7080ea1d","58880","Stock Consumption Meds Only.rpt","False","","False","False","","2","IGroup/Reports/Stock Consumption Meds Only.rpt","Exact duplicate retained pending filename/path validation","Retain"
"Accounts/Reports/IGroup/Reports/Stock Consumption New.rpt","True","5a51cf84898fe5bb137abeac1ff0ebb333503a2a","62976","Stock Consumption New.rpt","False","","False","False","","1","","No static reference found; retained because reports are loaded dynamically","Retain"
"Accounts/Reports/IGroup/Reports/Stock Consumption Per Clinic excluding Injections & Cleaning Items (itemized).rpt","True","e0d23e2dca26d5ee37e6cc92eab353bbcc033b05","75264","Stock Consumption Per Clinic excluding Injections & Cleaning Items (itemized).rpt","False","","False","False","","2","IGroup/Reports/Stock Consumption Per Clinic excluding Injections & Cleaning Items (itemized).rpt","Exact duplicate retained pending filename/path validation","Retain"
"Accounts/Reports/IGroup/Reports/Stock Consumption Per Clinic excluding Injections & Cleaning Items (Summarized).rpt","True","2f3cfd9530dacaa27942fdb6a502bbd166473de7","58880","Stock Consumption Per Clinic excluding Injections & Cleaning Items (Summarized).rpt","False","","False","False","","2","IGroup/Reports/Stock Consumption Per Clinic excluding Injections & Cleaning Items (Summarized).rpt","Exact duplicate retained pending filename/path validation","Retain"
"Accounts/Reports/IGroup/Reports/Stock Consumption Per Clinic excluding Injections & Cleaning Items (Summary).rpt","True","c5483a3c78392b370118940452329d62c2490b88","61440","Stock Consumption Per Clinic excluding Injections & Cleaning Items (Summary).rpt","False","","False","False","","2","IGroup/Reports/Stock Consumption Per Clinic excluding Injections & Cleaning Items (Summary).rpt","Exact duplicate retained pending filename/path validation","Retain"
"Accounts/Reports/IGroup/Reports/Stock Consumption Report for a specified Ending Date.rpt","True","0a7df05c3b92c09c2f62a8dbf928905f55b87beb","82944","Stock Consumption Report for a specified Ending Date.rpt","False","","False","False","","2","IGroup/Reports/Stock Consumption Report for a specified Ending Date.rpt","Exact duplicate retained pending filename/path validation","Retain"
"Accounts/Reports/IGroup/Reports/Stock Consumption Report for a specified Ending Date2.rpt","True","5f5052a4fbab1272d386bf4765c7631d538bd0cc","82944","Stock Consumption Report for a specified Ending Date2.rpt","False","","False","False","","2","IGroup/Reports/Stock Consumption Report for a specified Ending Date2.rpt","Exact duplicate retained pending filename/path validation","Retain"
"Accounts/Reports/IGroup/Reports/Stock Consumption with Parameters.rpt","True","a3fd4645c4e625c7844a26fbfa678a4f8bd6a1f1","56320","Stock Consumption with Parameters.rpt","False","","False","False","","2","IGroup/Reports/Stock Consumption with Parameters.rpt","Exact duplicate retained pending filename/path validation","Retain"
"Accounts/Reports/IGroup/Reports/Stock Consumption.rpt","True","e1e7c9af85221e1cc56e42eaa3e854b94f10e7a0","58880","Stock Consumption.rpt","False","","False","False","","2","IGroup/Reports/Stock Consumption.rpt","Exact duplicate retained pending filename/path validation","Retain"
"Accounts/Reports/IGroup/Reports/Stock Consumption2.rpt","True","8d336b3c1955ff9fdedf56cabab89c170ed6663e","56320","Stock Consumption2.rpt","False","","False","False","","2","IGroup/Reports/Stock Consumption2.rpt","Exact duplicate retained pending filename/path validation","Retain"
"Accounts/Reports/IGroup/Reports/StockAdjustment.rpt","True","ef8d9cc85a310b14bb0be7408c911c00febdafea","15872","StockAdjustment.rpt","False","","False","False","","5","IGroup/Reports/StockAdjustment.rpt","Exact duplicate retained pending filename/path validation","Retain"
"Accounts/Reports/IGroup/Reports/StockRegister Summary.rpt","True","cd0ebb6bd0eb623ca9301ad10498b86c2761bd57","17408","StockRegister Summary.rpt","False","","False","False","","3","IGroup/Reports/StockRegister Summary.rpt","Exact duplicate retained pending filename/path validation","Retain"
"Accounts/Reports/IGroup/Reports/StockRegister.rpt","True","8d5fecbdeaefa10aead6aa4694a18017a643651d","51200","StockRegister.rpt","False","","False","False","","2","IGroup/Reports/StockRegister.rpt","Exact duplicate retained pending filename/path validation","Retain"
"Accounts/Reports/IGroup/Reports/StockRegister2.rpt","True","30e3ac8643b052dcf2e6287cd1b35eadff33059b","17920","StockRegister2.rpt","False","","False","False","","2","Accounts/Reports/IGroup/Reports/StockRegister2.rpt","Canonical copy retained for exact duplicate group","Retain"
"Accounts/Reports/IGroup/Reports/StockRegister3.rpt","True","d87477eaecef2b7664bdfdb9c8f56e6685830101","18432","StockRegister3.rpt","False","","False","False","","2","Accounts/Reports/IGroup/Reports/StockRegister3.rpt","Canonical copy retained for exact duplicate group","Retain"
"Accounts/Reports/IGroup/Reports/StockRegisterClinic.rpt","True","5a968bf9d08a73497d82efe58b9797f267f4bcfd","21504","StockRegisterClinic.rpt","False","","False","False","","3","IGroup/Reports/StockRegisterClinic.rpt","Exact duplicate retained pending filename/path validation","Retain"
"Accounts/Reports/IGroup/Reports/StockRegisterClinicNew.rpt","True","1a25529a4f21440e689119108d28b23690cc17d2","21504","StockRegisterClinicNew.rpt","False","","False","False","","3","IGroup/Reports/StockRegisterClinicNew.rpt","Exact duplicate retained pending filename/path validation","Retain"
"Accounts/Reports/IGroup/Reports/StockRegisterNew.rpt","True","20e0519c59ec8f156b26675d43c1c229ca6741fe","17408","StockRegisterNew.rpt","False","","False","False","","3","IGroup/Reports/StockRegisterNew.rpt","Exact duplicate retained pending filename/path validation","Retain"
"Accounts/Reports/IGroup/Reports/StockRegisterPharmacy.rpt","True","93308d451ca0eed455dd4091722a98b71988fdaa","21504","StockRegisterPharmacy.rpt","False","","False","False","","3","IGroup/Reports/StockRegisterPharmacy.rpt","Exact duplicate retained pending filename/path validation","Retain"
"Accounts/Reports/IGroup/Reports/StockRegisterWithBarCodes.rpt","True","73ec0bd2bf918aef5fda6af4e89fc32f308bcabc","21504","StockRegisterWithBarCodes.rpt","False","","False","False","","3","IGroup/Reports/StockRegisterWithBarCodes.rpt","Exact duplicate retained pending filename/path validation","Retain"
"Accounts/Reports/IGroup/Reports/Stocks Consumption New System Test.rpt","True","1663420ef8dad3371406964fa4d0320577a80e02","67072","Stocks Consumption New System Test.rpt","True","Archive-style filename","False","False","","1","","Archive-style filename retained pending runtime validation","Retain"
"Accounts/Reports/IGroup/Reports/Stocks Consumption New System.rpt","True","0a50c3755e72f4d784291565145ef61d8e5f308b","65536","Stocks Consumption New System.rpt","False","","False","False","","1","","No static reference found; retained because reports are loaded dynamically","Retain"
"Accounts/Reports/IGroup/Reports/SupplierWisePurchaseHistory.rpt","True","72b0bdd847a7c600d49d88fea39b860b1ba0d52c","49152","SupplierWisePurchaseHistory.rpt","False","","False","False","","2","IGroup/Reports/SupplierWisePurchaseHistory.rpt","Exact duplicate retained pending filename/path validation","Retain"
"Accounts/Reports/IGroup/Reports/test.rpt","True","f2793e454a11cf0835b9d916d310b9b3291180fd","57856","test.rpt","True","Archive-style filename","False","False","","1","","Archive-style filename retained pending runtime validation","Retain"
"Accounts/Reports/IGroup/Reports/test2.rpt","True","0b6051558102259bf49df8d927868dc947212ccf","18432","test2.rpt","True","Archive-style filename","False","False","","1","","Archive-style filename retained pending runtime validation","Retain"
"Accounts/Reports/IGroup/Reports/TestChartOfAccounts.rpt","True","a2ed36d02dd25ccf0eb2a09dab07d347f858d8c6","48128","TestChartOfAccounts.rpt","False","","False","False","","3","IGroup/Reports/TestChartOfAccounts.rpt","Exact duplicate retained pending filename/path validation","Retain"
"Accounts/Reports/IGroup/Reports/Testing/Total Cash Income & Vat Summary Report Per Department.rpt","True","79390acacbc746fad2346beb6bdacf028edfa21a","53248","Total Cash Income & Vat Summary Report Per Department.rpt","False","","False","False","","1","","No static reference found; retained because reports are loaded dynamically","Retain"
"Accounts/Reports/IGroup/Reports/Total Cash Income & Vat Summary Report All.rpt","True","7e1f0b7fe8c05dfa74898805c35def98628e7b0a","53248","Total Cash Income & Vat Summary Report All.rpt","False","","False","False","","2","IGroup/Reports/Total Cash Income & Vat Summary Report All.rpt","Exact duplicate retained pending filename/path validation","Retain"
"Accounts/Reports/IGroup/Reports/Total Cash Income & Vat Summary Report Per Department.rpt","True","fed5f4381625c29c0b5ec427de43655b7b121794","53248","Total Cash Income & Vat Summary Report Per Department.rpt","False","","False","False","","2","IGroup/Reports/Total Cash Income & Vat Summary Report Per Department.rpt","Exact duplicate retained pending filename/path validation","Retain"
"Accounts/Reports/IGroup/Reports/Total Diagnostic Center Cash Income & Vat Summary Report Per Department.rpt","True","35d7d0daab6fc14d47697299dc9ab4b62a7d6463","53248","Total Diagnostic Center Cash Income & Vat Summary Report Per Department.rpt","False","","False","False","","2","IGroup/Reports/Total Diagnostic Center Cash Income & Vat Summary Report Per Department.rpt","Exact duplicate retained pending filename/path validation","Retain"
"Accounts/Reports/IGroup/Reports/Transfer2BranchStockReport.rpt","True","cf30a6e6e15822403f8629584d309a697c0dfe16","16384","Transfer2BranchStockReport.rpt","False","","False","False","","3","IGroup/Reports/Transfer2BranchStockReport.rpt","Exact duplicate retained pending filename/path validation","Retain"
"Accounts/Reports/IGroup/Reports/TransferStockItemWiseReport.rpt","True","159f5f074d86572de46ebe6b804a7be2a5e85658","89600","TransferStockItemWiseReport.rpt","False","","False","False","","5","IGroup/Reports/TransferStockItemWiseReport.rpt","Exact duplicate retained pending filename/path validation","Retain"
"Accounts/Reports/IGroup/Reports/TransferStockReport.rpt","True","4b3fef0e9e22f99a3a0562fd6730895902efb8c6","50176","TransferStockReport.rpt","False","","False","False","","3","IGroup/Reports/TransferStockReport.rpt","Exact duplicate retained pending filename/path validation","Retain"
"Accounts/Reports/IGroup/Reports/Trial/1CombinedDetailedStatementDateWise.rpt","True","28fd3f4d6d2584c3e7b77c9c216e4e7f79b01ffb","54272","1CombinedDetailedStatementDateWise.rpt","True","Archive-style directory","False","False","","1","","Unreferenced report in explicit archive directory","QuarantineBackupVariant"
"Accounts/Reports/IGroup/Reports/Trial/1CombinedReportDateWise.rpt","True","92793c7b1a24fc5da98d2e97140f01e38c4cbdd4","53760","1CombinedReportDateWise.rpt","True","Archive-style directory","False","False","","2","Accounts/Reports/IGroup/Reports/Backup/CombinedReportDateWise.rpt","Unreferenced exact duplicate with archive-style name/path","QuarantineExactDuplicate"
"Accounts/Reports/IGroup/Reports/Trial/1CombinedReportDateWise.rpt.orig.rpt","True","eb055ed78bb7587a345b9b5158e868aed84fa74c","52224","1CombinedReportDateWise.rpt.orig.rpt","True","Archive-style directory","False","False","","2","Accounts/Reports/IGroup/Reports/Backup/CombinedReportDateWise.rpt.orig.rpt","Unreferenced exact duplicate with archive-style name/path","QuarantineExactDuplicate"
"Accounts/Reports/IGroup/Reports/Trial/1CombinedSummaryStatementDateWise.rpt","True","fa4343244b11df42df807128020ad9ef93687788","52224","1CombinedSummaryStatementDateWise.rpt","True","Archive-style directory","False","False","","1","","Unreferenced report in explicit archive directory","QuarantineBackupVariant"
"Accounts/Reports/IGroup/Reports/Trial/ClinicBillPrint - Copy (2).rpt","True","2d2ac7ec00ed15a37a679079b51523937b10d80d","14336","ClinicBillPrint - Copy (2).rpt","True","Archive-style directory","False","False","","2","Accounts/Reports/IGroup/Reports/Trial/ClinicBillPrint - Copy (2).rpt","Canonical copy retained for exact duplicate group","Retain"
"Accounts/Reports/IGroup/Reports/Trial/ClinicBillPrint - Copy.rpt","True","83c3142a3448d5d1d12e8588bbf2cf04ea1aacb8","14336","ClinicBillPrint - Copy.rpt","True","Archive-style directory","False","False","","2","Accounts/Reports/IGroup/Reports/Trial/ClinicBillPrint - Copy.rpt","Canonical copy retained for exact duplicate group","Retain"
"Accounts/Reports/IGroup/Reports/Trial/ClinicBillPrint.rpt","True","3a70aa9f19c34a4fe64a6daa963acfe739581c73","14848","ClinicBillPrint.rpt","True","Archive-style directory","False","False","","3","Accounts/Reports/IGroup/Reports/Trial/ClinicBillPrint.rpt","Canonical copy retained for exact duplicate group","Retain"
"Accounts/Reports/IGroup/Reports/Trial/ClinicBillPrint.rpt2.rpt","True","36d7db3ba482a4c1cd506bd118079e6e0d86a155","16384","ClinicBillPrint.rpt2.rpt","True","Archive-style directory","False","False","","2","Accounts/Reports/IGroup/Reports/Trial/ClinicBillPrint.rpt2.rpt","Canonical copy retained for exact duplicate group","Retain"
"Accounts/Reports/IGroup/Reports/Trial/ClinicBillPrint.rptok.rpt","True","09927d0d9496ae80abd5b1d8f59e89f71749cbcb","16384","ClinicBillPrint.rptok.rpt","True","Archive-style directory","False","False","","2","Accounts/Reports/IGroup/Reports/Trial/ClinicBillPrint.rptok.rpt","Canonical copy retained for exact duplicate group","Retain"
"Accounts/Reports/IGroup/Reports/Trial/DCBillPrint.rpt","True","c039af0c859139cbdda83555f26963b7bd62b9d0","14336","DCBillPrint.rpt","True","Archive-style directory","False","True","Accounts/Reports/IGroup/DCBillPrint.vb:30; Accounts/Accounts.vbproj:1812; Accounts/Accounts.vbproj:2674","2","Accounts/Reports/IGroup/Reports/Trial/DCBillPrint.rpt","Protected by static or project reference","Retain"
"Accounts/Reports/IGroup/Reports/Trial/DCBillPrint.rpt2.rpt","True","3e4a20c0f1c38dfc38cf85560fc67221290bb718","15872","DCBillPrint.rpt2.rpt","True","Archive-style directory","False","False","","2","Accounts/Reports/IGroup/Reports/Trial/DCBillPrint.rpt2.rpt","Canonical copy retained for exact duplicate group","Retain"
"Accounts/Reports/IGroup/Reports/Trial/DCBillPrint.rpt3.rpt","True","100d9b93aa5f2e04a79d8a64472b267b6478a864","15872","DCBillPrint.rpt3.rpt","True","Archive-style directory","False","False","","2","Accounts/Reports/IGroup/Reports/Trial/DCBillPrint.rpt3.rpt","Canonical copy retained for exact duplicate group","Retain"
"Accounts/Reports/IGroup/Reports/Trial/DCBillPrint.rptorig.rpt","True","fa97d6197a4cef44c3acb65173d0324da24f6445","15872","DCBillPrint.rptorig.rpt","True","Archive-style directory","False","False","","2","Accounts/Reports/IGroup/Reports/Trial/DCBillPrint.rptorig.rpt","Canonical copy retained for exact duplicate group","Retain"
"Accounts/Reports/IGroup/Reports/Trial/DiagnosisCenter.rpt","True","a115821a513c05d028b41a2cc80046c812b0f4a8","11776","DiagnosisCenter.rpt","True","Archive-style directory","False","False","","2","Accounts/Reports/IGroup/Reports/Trial/DiagnosisCenter.rpt","Canonical copy retained for exact duplicate group","Retain"
"Accounts/Reports/IGroup/Reports/Trial/DiagnosisCenter2.rpt","True","9f52a3aabc81d2a95e27edfbcce31d4af8140ed4","11776","DiagnosisCenter2.rpt","True","Archive-style directory","False","False","","2","Accounts/Reports/IGroup/Reports/Trial/DiagnosisCenter2.rpt","Canonical copy retained for exact duplicate group","Retain"
"Accounts/Reports/IGroup/Reports/Trial/IBDailyReceptionInvoice.rpt","True","be2207a7ec1b92d65d5c1c79b1e1ba3c3b5bd94a","52736","IBDailyReceptionInvoice.rpt","True","Archive-style directory","False","False","","2","Accounts/Reports/IGroup/Reports/Trial/IBDailyReceptionInvoice.rpt","Canonical copy retained for exact duplicate group","Retain"
"Accounts/Reports/IGroup/Reports/Trial/LabInvp001.orig.rpt","True","20f61a4ac11b8c04c121a477e7f49c091c5bb2e7","52736","LabInvp001.orig.rpt","True","Archive-style directory","False","False","","2","Accounts/Reports/IGroup/Reports/Trial/LabInvp001.orig.rpt","Canonical copy retained for exact duplicate group","Retain"
"Accounts/Reports/IGroup/Reports/Trial/LabInvp001.rpt","True","a82c633df7f7dbf7a5dc56241738efa396a749ae","50688","LabInvp001.rpt","True","Archive-style directory","False","False","","2","Accounts/Reports/IGroup/Reports/Trial/LabInvp001.rpt","Canonical copy retained for exact duplicate group","Retain"
"Accounts/Reports/IGroup/Reports/Trial/LabInvp002.rpt","True","4180dd33b8908d4c630cad8cb09b6e457858f2b1","52736","LabInvp002.rpt","True","Archive-style directory","False","False","","2","Accounts/Reports/IGroup/Reports/Trial/LabInvp002.rpt","Canonical copy retained for exact duplicate group","Retain"
"Accounts/Reports/IGroup/Reports/Trial/trial.rpt","True","db9301314c2c0b85e806861f1dcecca026ed52b7","54784","trial.rpt","True","Archive-style directory","False","False","","1","","Unreferenced report in explicit archive directory","QuarantineBackupVariant"
"Accounts/Reports/IGroup/Reports/Trial/XDCDriverLicenseForm.rpt","True","a70f1bb0f052703bc846682a3754d19da119581f","16896","XDCDriverLicenseForm.rpt","True","Archive-style directory","False","False","","2","Accounts/Reports/IGroup/Reports/Trial/XDCDriverLicenseForm.rpt","Canonical copy retained for exact duplicate group","Retain"
"Accounts/Reports/IGroup/Reports/Trial/XDCHealthCardForm.rpt","True","f5bd8a89c02ac011fa266d1e9f2f3a46ad3168a6","15360","XDCHealthCardForm.rpt","True","Archive-style directory","False","False","","2","Accounts/Reports/IGroup/Reports/Trial/XDCHealthCardForm.rpt","Canonical copy retained for exact duplicate group","Retain"
"Accounts/Reports/IGroup/Reports/Trial/XDCIqamaForm.rpt","True","0b8e70027d46146e1a15afda15316dd56e3c680f","15360","XDCIqamaForm.rpt","True","Archive-style directory","False","False","","2","Accounts/Reports/IGroup/Reports/Trial/XDCIqamaForm.rpt","Canonical copy retained for exact duplicate group","Retain"
"Accounts/Reports/IGroup/Reports/Trial/XDCMedicalReportForm.rpt","True","fe689a08cfca9b8fad0f2f0b841e6ce2eaa0fa73","46080","XDCMedicalReportForm.rpt","True","Archive-style directory","False","False","","3","Accounts/Reports/IGroup/Reports/Report Backups/DCMedicalReportForm.rpt","Unreferenced exact duplicate with archive-style name/path","QuarantineExactDuplicate"
"Accounts/Reports/IGroup/Reports/UltrasoundTests Done for a given Period per Unknown Nationality.rpt","True","4b23d78ef24aa3b92fba800e91c599d6cb23c4e0","64000","UltrasoundTests Done for a given Period per Unknown Nationality.rpt","False","","False","False","","2","IGroup/Reports/UltrasoundTests Done for a given Period per Unknown Nationality.rpt","Exact duplicate retained pending filename/path validation","Retain"
"Accounts/Reports/IGroup/Reports/UnpostedPayables.rpt","True","9875b650aa9ac4a32130fb3aff684b846750e28c","14336","UnpostedPayables.rpt","False","","False","False","","5","IGroup/Reports/UnpostedPayables.rpt","Exact duplicate retained pending filename/path validation","Retain"
"Accounts/Reports/IGroup/Reports/Vaccines Done for a given Period per Nationality Diagnosis Center Only New.rpt","True","9205b911f2aaec0560f98c27e564c0bed671efd7","70144","Vaccines Done for a given Period per Nationality Diagnosis Center Only New.rpt","False","","False","False","","2","IGroup/Reports/Vaccines Done for a given Period per Nationality Diagnosis Center Only New.rpt","Exact duplicate retained pending filename/path validation","Retain"
"Accounts/Reports/IGroup/Reports/Vaccines Done for a given Period per Nationality Diagnosis Center Only.rpt","True","dcad48b6cc07bce81b5105f8ce28af2461e70891","75776","Vaccines Done for a given Period per Nationality Diagnosis Center Only.rpt","False","","False","False","","2","IGroup/Reports/Vaccines Done for a given Period per Nationality Diagnosis Center Only.rpt","Exact duplicate retained pending filename/path validation","Retain"
"Accounts/Reports/IGroup/Reports/Vaccines Done for a given Period per Nationality per doctor.rpt","True","ceb36e3c6fd0fb1fce5c76b81c084764bec170ac","60416","Vaccines Done for a given Period per Nationality per doctor.rpt","False","","False","False","","2","IGroup/Reports/Vaccines Done for a given Period per Nationality per doctor.rpt","Exact duplicate retained pending filename/path validation","Retain"
"Accounts/Reports/IGroup/Reports/Vaccines Done for a given Period per Nationality.rpt","True","db45d02db2a3473dc5191024d424eab4a890c5c7","70144","Vaccines Done for a given Period per Nationality.rpt","False","","False","False","","2","IGroup/Reports/Vaccines Done for a given Period per Nationality.rpt","Exact duplicate retained pending filename/path validation","Retain"
"Accounts/Reports/IGroup/Reports/Vaccines Done for a given Period per Unknown Nationality.rpt","True","01bbc5b5f0be5df1779091e1cd0c9cfb39c281dc","65024","Vaccines Done for a given Period per Unknown Nationality.rpt","False","","False","False","","2","IGroup/Reports/Vaccines Done for a given Period per Unknown Nationality.rpt","Exact duplicate retained pending filename/path validation","Retain"
"Accounts/Reports/IGroup/Reports/Vat/01-Combined Total Income & Vat Summary Report All Per Cost Center Summarized.rpt","True","45c481fcfd0b79cacd79f11d5aa775597abe51da","53760","01-Combined Total Income & Vat Summary Report All Per Cost Center Summarized.rpt","False","","False","False","","1","","No static reference found; retained because reports are loaded dynamically","Retain"
"Accounts/Reports/IGroup/Reports/Vat/01-Combined Total Income & Vat Summary Report All Per Cost Center.rpt","True","106db5ee4874d93c75faefe8bb43a981c62dbad9","55296","01-Combined Total Income & Vat Summary Report All Per Cost Center.rpt","False","","False","False","","1","","No static reference found; retained because reports are loaded dynamically","Retain"
"Accounts/Reports/IGroup/Reports/Vat/01-Combined Total Income & Vat Summary Report All.rpt","True","76fbd412830659c6309888e5789710f3dcd6d46a","51200","01-Combined Total Income & Vat Summary Report All.rpt","False","","False","False","","1","","No static reference found; retained because reports are loaded dynamically","Retain"
"Accounts/Reports/IGroup/Reports/Vat/01-Simplified Combined Total Income & Vat Summary Report All Local.rpt","True","6135ea1ed0ad06682b403c7b950a071e24199c08","52224","01-Simplified Combined Total Income & Vat Summary Report All Local.rpt","False","","False","False","","1","","No static reference found; retained because reports are loaded dynamically","Retain"
"Accounts/Reports/IGroup/Reports/Vat/01-Simplified Combined Total Income & Vat Summary Report All New.rpt","True","2471e9ae31d06c97b25a2fbd1af8e94fcba3850b","54272","01-Simplified Combined Total Income & Vat Summary Report All New.rpt","False","","False","False","","1","","No static reference found; retained because reports are loaded dynamically","Retain"
"Accounts/Reports/IGroup/Reports/Vat/01-Simplified Combined Total Income & Vat Summary Report All Newest.rpt","True","c1be7d6e689a02ac86458d9f1a1fe7b9aea35799","52224","01-Simplified Combined Total Income & Vat Summary Report All Newest.rpt","False","","False","False","","1","","No static reference found; retained because reports are loaded dynamically","Retain"
"Accounts/Reports/IGroup/Reports/Vat/01-Simplified Combined Total Income & Vat Summary Report All.rpt","True","b08f9eb610f6077dac0aaafb072b41f78527ce1a","52224","01-Simplified Combined Total Income & Vat Summary Report All.rpt","False","","False","False","","1","","No static reference found; retained because reports are loaded dynamically","Retain"
"Accounts/Reports/IGroup/Reports/Vat/02-Self Sale-Revenue.rpt","True","f620f6c2add53668cb630f17302e9035b868970f","67072","02-Self Sale-Revenue.rpt","False","","False","False","","1","","No static reference found; retained because reports are loaded dynamically","Retain"
"Accounts/Reports/IGroup/Reports/Vat/02-Simplified Self Sale-Revenue.rpt","True","dbc68529cca70076c70a3116f23ff4ccf42b29cc","65536","02-Simplified Self Sale-Revenue.rpt","False","","False","False","","1","","No static reference found; retained because reports are loaded dynamically","Retain"
"Accounts/Reports/IGroup/Reports/Vat/03-Pharmacy Final Vat Purchases Report 229.rpt","True","f1345c6e17a34e5109923610d442b578239d420c","822784","03-Pharmacy Final Vat Purchases Report 229.rpt","False","","False","False","","1","","No static reference found; retained because reports are loaded dynamically","Retain"
"Accounts/Reports/IGroup/Reports/Vat/04-Clinic Final Vat Purchases Report 229 New.rpt","True","a5217dd71b4d6f01d29a4b32bc6959185e09a8e6","828928","04-Clinic Final Vat Purchases Report 229 New.rpt","False","","False","False","","1","","No static reference found; retained because reports are loaded dynamically","Retain"
"Accounts/Reports/IGroup/Reports/Vat/05-Clinic Final Vat Bank Charges Report 231 New.rpt","True","052d2462282ca54b3d4cd4fe7a355c7bc263a148","829952","05-Clinic Final Vat Bank Charges Report 231 New.rpt","False","","False","False","","1","","No static reference found; retained because reports are loaded dynamically","Retain"
"Accounts/Reports/IGroup/Reports/Vat/06-Blank.rpt","True","b189852c3a93e5fe7edc846ae386b1e2cc1fd966","817664","06-Blank.rpt","False","","False","False","","1","","No static reference found; retained because reports are loaded dynamically","Retain"
"Accounts/Reports/IGroup/Reports/Vat/06-Clinic Final Vat Purchases Report 228 New.rpt","True","cf130305e55eb837f6b1f2f08b2a7682e635fb41","790528","06-Clinic Final Vat Purchases Report 228 New.rpt","False","","False","False","","1","","No static reference found; retained because reports are loaded dynamically","Retain"
"Accounts/Reports/IGroup/Reports/Vat/07-Pharmacy Total Purchases Report (AP).rpt","True","469a9a23e7f9477c586b1354f06cbf7d0d249f5c","824320","07-Pharmacy Total Purchases Report (AP).rpt","False","","False","False","","1","","No static reference found; retained because reports are loaded dynamically","Retain"
"Accounts/Reports/IGroup/Reports/Vat/08-Clinic Total Purchases Report (Non AP).rpt","True","2df46b4e628e0669b5dc48518ce876a655de4ab8","62976","08-Clinic Total Purchases Report (Non AP).rpt","False","","False","False","","1","","No static reference found; retained because reports are loaded dynamically","Retain"
"Accounts/Reports/IGroup/Reports/Vat/09-Clinic Total Purchases Report (AP) New Arabic.rpt","True","9ba6bc4a7fe1c74b7aa11fa293002b88809bf0d9","828928","09-Clinic Total Purchases Report (AP) New Arabic.rpt","False","","False","False","","1","","No static reference found; retained because reports are loaded dynamically","Retain"
"Accounts/Reports/IGroup/Reports/Vat/09-Clinic Total Purchases Report (AP) New Arabic2.rpt","True","47b2178a5135f9fcde09d2d382ead3b56535cdd5","834560","09-Clinic Total Purchases Report (AP) New Arabic2.rpt","False","","False","False","","1","","No static reference found; retained because reports are loaded dynamically","Retain"
"Accounts/Reports/IGroup/Reports/Vat/09-Clinic Total Purchases Report (AP) New.rpt","True","9b0d24f613be8cb9cf6d9ddcdc17257a1b941d4b","826880","09-Clinic Total Purchases Report (AP) New.rpt","False","","False","False","","1","","No static reference found; retained because reports are loaded dynamically","Retain"
"Accounts/Reports/IGroup/Reports/Vat/09-Clinic Trial Balance.rpt","True","93d613470700c325befa0cc8edb1426af2b1257f","828928","09-Clinic Trial Balance.rpt","False","","False","False","","1","","No static reference found; retained because reports are loaded dynamically","Retain"
"Accounts/Reports/IGroup/Reports/Vat/10-Pharmacy Total Purchases Report (Non AP).rpt","True","4653620726e267b7aef8d2d088efc5d1bfefe494","823296","10-Pharmacy Total Purchases Report (Non AP).rpt","False","","False","False","","1","","No static reference found; retained because reports are loaded dynamically","Retain"
"Accounts/Reports/IGroup/Reports/Vat/11-Clinic Total Purchases Report (AP) New Arabic2.rpt","True","30201db250db34588ae9e2688a414f0935ea5d86","828416","11-Clinic Total Purchases Report (AP) New Arabic2.rpt","False","","False","False","","1","","No static reference found; retained because reports are loaded dynamically","Retain"
"Accounts/Reports/IGroup/Reports/Vat/12-Clinic Total Purchases Report (Non AP).rpt","True","d95168d7e63bd84a89dbaa61562e72d24ac9ea39","61440","12-Clinic Total Purchases Report (Non AP).rpt","False","","False","False","","1","","No static reference found; retained because reports are loaded dynamically","Retain"
"Accounts/Reports/IGroup/Reports/Vat/13-Clinic Total Purchases Report.rpt","True","3c1c23aeaa08b4feff28f2b6018dace348e18a08","90112","13-Clinic Total Purchases Report.rpt","False","","False","False","","1","","No static reference found; retained because reports are loaded dynamically","Retain"
"Accounts/Reports/IGroup/Reports/Vat/15-Clinic Final Vat Bank Charges Report 231 New.rpt","True","378a9966ed31a59bfb400d215327b4d1a4020ecb","835584","15-Clinic Final Vat Bank Charges Report 231 New.rpt","False","","False","False","","1","","No static reference found; retained because reports are loaded dynamically","Retain"
"Accounts/Reports/IGroup/Reports/Vat/Combined Total Income & Vat Summary Report Per Clinic Cash Only.rpt","True","bf4c1a2691d2cf6f0d68a03f52c49b87dde4ee02","53760","Combined Total Income & Vat Summary Report Per Clinic Cash Only.rpt","False","","False","False","","1","","No static reference found; retained because reports are loaded dynamically","Retain"
"Accounts/Reports/IGroup/Reports/Vat/Combined Total Income & Vat Summary Report.rpt","True","0f2ab58495cefd6ad6823229fb7369d8107e79c8","51200","Combined Total Income & Vat Summary Report.rpt","False","","False","False","","1","","No static reference found; retained because reports are loaded dynamically","Retain"
"Accounts/Reports/IGroup/Reports/Vat/Daily Income and Vat Summary 2.rpt","True","87195ce782ddcdb9cde0ab1f921cbfa7bdd7f351","52224","Daily Income and Vat Summary 2.rpt","False","","False","False","","1","","No static reference found; retained because reports are loaded dynamically","Retain"
"Accounts/Reports/IGroup/Reports/Vat/Daily Income and Vat Summary Daily.rpt","True","6ea429f8911be8a3822aa5f3c9e3641abdbced47","52224","Daily Income and Vat Summary Daily.rpt","False","","False","False","","1","","No static reference found; retained because reports are loaded dynamically","Retain"
"Accounts/Reports/IGroup/Reports/Vat/Daily Income and Vat Summary Date Range per Day.rpt","True","ee41d37d00002951065afdfb8fe15dd7c3da9a0c","54272","Daily Income and Vat Summary Date Range per Day.rpt","False","","False","False","","1","","No static reference found; retained because reports are loaded dynamically","Retain"
"Accounts/Reports/IGroup/Reports/Vat/Daily Income and Vat Summary Date Range Total.rpt","True","f1b87e952a58af965b09f09e8d7b25b0d6aec6d4","52224","Daily Income and Vat Summary Date Range Total.rpt","False","","False","False","","1","","No static reference found; retained because reports are loaded dynamically","Retain"
"Accounts/Reports/IGroup/Reports/Vat/Daily Income and Vat Summary Date Range.rpt","True","749739f78fabcf84b6b1bdccef0b0c2e31bc2ab0","52224","Daily Income and Vat Summary Date Range.rpt","False","","False","False","","1","","No static reference found; retained because reports are loaded dynamically","Retain"
"Accounts/Reports/IGroup/Reports/Vat/Daily Income and Vat Summary.rpt","True","ef5791f9eba2ac62fddb2a058b292df8aa95db18","52224","Daily Income and Vat Summary.rpt","False","","False","False","","1","","No static reference found; retained because reports are loaded dynamically","Retain"
"Accounts/Reports/IGroup/Reports/Vat/Old-Vat/Clinic Final Vat Bank Charges Report 231 Old.rpt","True","6bf9d1d66eac7f11d19b541461207197e7aa2f82","835072","Clinic Final Vat Bank Charges Report 231 Old.rpt","True","Archive-style filename","False","False","","1","","Archive-style filename retained pending runtime validation","Retain"
"Accounts/Reports/IGroup/Reports/Vat/Old-Vat/Clinic Final Vat Purchases Report 229 Old.rpt","True","68ecf3e93604e1fadeb27564e761436d12a47b6d","827904","Clinic Final Vat Purchases Report 229 Old.rpt","True","Archive-style filename","False","False","","1","","Archive-style filename retained pending runtime validation","Retain"
"Accounts/Reports/IGroup/Reports/Vat/Old-Vat/Clinic Total Purchases Report (AP) Old.rpt","True","7b8ff21c190b6c0d172b6577fdb0f5aa08a3547b","830464","Clinic Total Purchases Report (AP) Old.rpt","True","Archive-style filename","False","False","","1","","Archive-style filename retained pending runtime validation","Retain"
"Accounts/Reports/IGroup/Reports/Vat/Old-Vat/Pharmacy Final Vat Bank Charges Report 231.rpt","True","53e08dd397278fd02cfda8a1273376077214de0c","836096","Pharmacy Final Vat Bank Charges Report 231.rpt","False","","False","False","","1","","No static reference found; retained because reports are loaded dynamically","Retain"
"Accounts/Reports/IGroup/Reports/Vat/temporary.rpt","True","0571e5afa5fe467796afa1442ea7cc794986f6a1","53248","temporary.rpt","False","","False","False","","1","","No static reference found; retained because reports are loaded dynamically","Retain"
"Accounts/Reports/IGroup/Reports/Vat/Total Income per Cost Center.rpt","True","2347018aa8232b206c8616af276ac3176389eaa1","57344","Total Income per Cost Center.rpt","False","","False","False","","1","","No static reference found; retained because reports are loaded dynamically","Retain"
"Accounts/Reports/IGroup/Reports/Vat/Total Sales & Vat Summary for Pharmacy Report.rpt","True","6524c461f8b8908525247720bf1d47c034246c98","52736","Total Sales & Vat Summary for Pharmacy Report.rpt","False","","False","False","","1","","No static reference found; retained because reports are loaded dynamically","Retain"
"Accounts/Reports/IGroup/Reports/Vat/Vat Sales Summary Report.rpt","True","ef182cbfaa5b5c25129ed0516c927654658ae8b7","54272","Vat Sales Summary Report.rpt","False","","False","False","","1","","No static reference found; retained because reports are loaded dynamically","Retain"
"Accounts/Reports/IGroup/Reports/VoucherPrint.rpt","True","b5fccce6780e2d7cb0c27380f358aad975b7c345","43520","VoucherPrint.rpt","False","","False","False","","5","IGroup/Reports/VoucherPrint.rpt","Exact duplicate retained pending filename/path validation","Retain"
"Accounts/Reports/IGroup/Reports/X-Ray Tests Done for a given Period per Nationality.rpt","True","6df951bab642cce6e2893dee6a89fcdd3ac8b120","75776","X-Ray Tests Done for a given Period per Nationality.rpt","False","","False","False","","2","IGroup/Reports/X-Ray Tests Done for a given Period per Nationality.rpt","Exact duplicate retained pending filename/path validation","Retain"
"Accounts/Reports/IGroup/Reports/X-Ray Tests Done for a given Period per Unknown Nationality.rpt","True","76a7ffd826cc19095e45b30b08a9e9570ec3a481","74752","X-Ray Tests Done for a given Period per Unknown Nationality.rpt","False","","False","False","","2","IGroup/Reports/X-Ray Tests Done for a given Period per Unknown Nationality.rpt","Exact duplicate retained pending filename/path validation","Retain"
"Accounts/Reports/IGroup/Reports/XrayPlainReport.rpt","True","ca25ec54f68a00833642e6a4e642a3410dc5dffc","48640","XrayPlainReport.rpt","False","","False","False","","2","IGroup/Reports/XrayPlainReport.rpt","Exact duplicate retained pending filename/path validation","Retain"
"Accounts/Reports/IGroup/Revenue For Medical Supplies Per Service Per Doctor.rpt","True","e38ef5361d8574b4211894eac7f913d5b618340a","58880","Revenue For Medical Supplies Per Service Per Doctor.rpt","False","","False","False","","1","","No static reference found; retained because reports are loaded dynamically","Retain"
"Accounts/Reports/IGroup/Revenue Sale Vat Report Summary Company.rpt","True","e8ff568d7b4a751f2c81fa1ea64798700143f436","12273664","Revenue Sale Vat Report Summary Company.rpt","False","","False","False","","1","","No static reference found; retained because reports are loaded dynamically","Retain"
"Accounts/Reports/IGroup/Revenue Sale Vat Report Summary No Ibn Sina.rpt","True","4a52c2c5bb2c7661d428b9b633de1851a2a50599","12271104","Revenue Sale Vat Report Summary No Ibn Sina.rpt","False","","False","False","","1","","No static reference found; retained because reports are loaded dynamically","Retain"
"Accounts/Reports/IGroup/Revenue Sale Vat Report Summary Per Month No Ibn Sina.rpt","True","640004f4df35b65014e621721dba791d256ef027","12271104","Revenue Sale Vat Report Summary Per Month No Ibn Sina.rpt","False","","False","False","","1","","No static reference found; retained because reports are loaded dynamically","Retain"
"Accounts/Reports/IGroup/Revenue Sale Vat Report Summary Per Month Per Doctor .rpt","True","8e885726fb803e312ce01c723aa909e6160b434b","12272640","Revenue Sale Vat Report Summary Per Month Per Doctor .rpt","False","","False","False","","1","","No static reference found; retained because reports are loaded dynamically","Retain"
"Accounts/Reports/IGroup/Revenue Sale Vat Report Summary.rpt","True","4a4b59b9dc29ef72c52cd40dcbce2aaffad0e2a9","12271616","Revenue Sale Vat Report Summary.rpt","False","","False","True","Accounts/Reports/Revenue Sale Vat Report Summary.vb:30; Accounts/Reports/IGroup/Revenue Sale Vat Report Summary.vb:30; Accounts/Accounts.vbproj:1980; Accounts/Accounts.vbproj:2786","1","","Protected by static or project reference","Retain"
"Accounts/Reports/IGroup/Statement of Employee Payroll.rpt","True","3f3a6aeb408f59e2d9c05e6fb4be4dde92c0f4e9","86528","Statement of Employee Payroll.rpt","False","","True","True","Accounts/Reports/IGroup/Statement of Employee Payroll.vb:30; Accounts/Accounts.vbproj:1926; Accounts/Accounts.vbproj:2750","1","","Protected by static or project reference","Retain"
"Accounts/Reports/IGroup/StockRegister.rpt","True","49d90d792076a34d9d92fa51c6d8ebff475cc8f2","52224","StockRegister.rpt","False","","False","False","","1","","No static reference found; retained because reports are loaded dynamically","Retain"
"Accounts/Reports/IGroup/StockRegisterClinic.rpt","True","7f039ca48ad584689720de66953c0f2ef859a479","53760","StockRegisterClinic.rpt","False","","False","False","","1","","No static reference found; retained because reports are loaded dynamically","Retain"
"Accounts/Reports/Income Statement Per Department (ALL).rpt","True","89df67d669a498f1d39ba44b08d3804b36c0c263","1658880","Income Statement Per Department (ALL).rpt","False","","False","False","","1","","No static reference found; retained because reports are loaded dynamically","Retain"
"Accounts/Reports/Income Statement Per Department 2.rpt","True","ca29b42a72194d983a497647dd9521b098d7a9f2","1606144","Income Statement Per Department 2.rpt","False","","False","False","","1","","No static reference found; retained because reports are loaded dynamically","Retain"
"Accounts/Reports/Income Statement Per Department Per Month Per Department Old.rpt","True","dfc2158047b016c8a490bdcb46b842fc0955eafd","1605120","Income Statement Per Department Per Month Per Department Old.rpt","True","Archive-style filename","False","False","","1","","Archive-style filename retained pending runtime validation","Retain"
"Accounts/Reports/Income Statement Per Department Per Month Per Department Version2.rpt","True","1441132caa08ce1677f6fdbbd84b4f097760f7b0","1601536","Income Statement Per Department Per Month Per Department Version2.rpt","False","","False","False","","1","","No static reference found; retained because reports are loaded dynamically","Retain"
"Accounts/Reports/Income Statement Per Department Per Month Per Department.rpt","True","7f829c9e633914f47ff5c682f1f35fc31a36a0e8","1604096","Income Statement Per Department Per Month Per Department.rpt","False","","False","False","","1","","No static reference found; retained because reports are loaded dynamically","Retain"
"Accounts/Reports/Income Statement Per Department Per Month.rpt","True","62835f11942b8ae21edd1cb104026817a802f192","1640960","Income Statement Per Department Per Month.rpt","False","","False","False","","1","","No static reference found; retained because reports are loaded dynamically","Retain"
"Accounts/Reports/Income Statement Per Department.rpt","True","ef6f208b4337c661e5b591338dd0cc112cfd9377","1646080","Income Statement Per Department.rpt","False","","False","False","","1","","No static reference found; retained because reports are loaded dynamically","Retain"
"Accounts/Reports/Income Statement Per Month for Selected Doctor.rpt","True","74c03e38c68fd3b7d0079b0559cc94981768f6d7","1602560","Income Statement Per Month for Selected Doctor.rpt","False","","False","False","","1","","No static reference found; retained because reports are loaded dynamically","Retain"
"Accounts/Reports/Income Statement tes2t.rpt","True","c543f7648e1ee2d1b0874417a2b93c73f4258da7","1609728","Income Statement tes2t.rpt","False","","False","False","","1","","No static reference found; retained because reports are loaded dynamically","Retain"
"Accounts/Reports/Income Statement test.rpt","True","051fa1cda5a190f769bda580157572da4684d71f","1609728","Income Statement test.rpt","True","Archive-style filename","False","False","","1","","Archive-style filename retained pending runtime validation","Retain"
"Accounts/Reports/Income Statement Test3.rpt","True","456f1b5bff13cb1aafd684a91cc233f0f5ed33e9","1609216","Income Statement Test3.rpt","True","Archive-style filename","False","False","","1","","Archive-style filename retained pending runtime validation","Retain"
"Accounts/Reports/Income Statement Test4.rpt","True","6b1ba47f9ca0f79de32e2d0b54a38729eb1fed18","1610240","Income Statement Test4.rpt","True","Archive-style filename","False","False","","1","","Archive-style filename retained pending runtime validation","Retain"
"Accounts/Reports/Income Statement.rpt","True","10c377530a47dad67f89cffa63bf19d08ca2d1d8","1608192","Income Statement.rpt","False","","True","True","Accounts/Reports/Income Statement.vb:30; Accounts/PresentationLayer/Presenters/FinancialReportPresenter.vb:39; Accounts/Accounts.vbproj:1932; Accounts/Accounts.vbproj:2754","1","","Protected by static or project reference","Retain"
"Accounts/Reports/Inventory Expiry Report By Warehouse.rpt","True","7bfb61f426c03ad69600306fe48168354359c883","822784","Inventory Expiry Report By Warehouse.rpt","False","","False","True","Accounts/PresentationLayer/Views/Forms/Reports/ExpiryReportByWarehouse.vb:44","1","","Protected by static or project reference","Retain"
"Accounts/Reports/Inventory Expiry ReportBy Warehouse.rpt","True","5b3e0689d1febea3404526dddeed26ef05b6cdaf","822784","Inventory Expiry ReportBy Warehouse.rpt","False","","False","False","","1","","No static reference found; retained because reports are loaded dynamically","Retain"
"Accounts/Reports/Inventory Report By Warehouse Old.rpt","True","d6895a7644d667adc75d837000f87f7903c39897","824320","Inventory Report By Warehouse Old.rpt","True","Archive-style filename","False","False","","1","","Archive-style filename retained pending runtime validation","Retain"
"Accounts/Reports/Inventory Report By Warehouse.rpt","True","ccd08e9eed9791b21489c016dd77600415692c41","824320","Inventory Report By Warehouse.rpt","False","","False","True","Accounts/PresentationLayer/Views/Forms/Reports/InventoryReportByWarehouse.vb:33","1","","Protected by static or project reference","Retain"
"Accounts/Reports/Inventory Report.rpt","True","379bd1713925a9d0f1d9bed4f1ea6f3dedd2f5c9","822272","Inventory Report.rpt","False","","False","False","","1","","No static reference found; retained because reports are loaded dynamically","Retain"
"Accounts/Reports/Inventory ReportBy Warehouse ISP-SERVER.rpt","True","d6d55c7f622b12c09ce0eed912d7666afa3b1f5d","821760","Inventory ReportBy Warehouse ISP-SERVER.rpt","False","","False","False","","1","","No static reference found; retained because reports are loaded dynamically","Retain"
"Accounts/Reports/Inventory ReportBy Warehouse ISP-SERVER2.rpt","True","5554816cbec0ec6dd4e2c3775df0129b65abc415","821760","Inventory ReportBy Warehouse ISP-SERVER2.rpt","False","","False","False","","1","","No static reference found; retained because reports are loaded dynamically","Retain"
"Accounts/Reports/Inventory ReportBy Warehouse.rpt","True","7c62802198989f2cfef39b79d285dc0a0ed218f0","822784","Inventory ReportBy Warehouse.rpt","False","","False","False","","1","","No static reference found; retained because reports are loaded dynamically","Retain"
"Accounts/Reports/Inventory Transaction Report.rpt","True","24859862e0e557a427ce53f09421136ab4bea535","826368","Inventory Transaction Report.rpt","False","","False","False","","1","","No static reference found; retained because reports are loaded dynamically","Retain"
"Accounts/Reports/Inventory Transaction.rpt","True","9dfa9549f0aadd2db24bfda37f894b319e96d96f","825856","Inventory Transaction.rpt","False","","False","True","Accounts/PresentationLayer/Presenters/InvTransactionPresenter.vb:185","1","","Protected by static or project reference","Retain"
"Accounts/Reports/Kizen/Cash & Credit Company Detailed Posting Summary.rpt","True","cc99428659830d25ddef44c56eb848c1ce482f6d","132608","Cash & Credit Company Detailed Posting Summary.rpt","False","","False","False","","1","","No static reference found; retained because reports are loaded dynamically","Retain"
"Accounts/Reports/Kizen/Cash Posting Summary Ibn Sina Staff Only.rpt","True","c72093c9b94a2723ab28b5558271d67e01d937a3","133120","Cash Posting Summary Ibn Sina Staff Only.rpt","False","","False","False","","1","","No static reference found; retained because reports are loaded dynamically","Retain"
"Accounts/Reports/Kizen/Cash Posting Summary New TEst.rpt","True","1c543590d738f353f0b079589a534e7b4d5d9f55","133120","Cash Posting Summary New TEst.rpt","True","Archive-style filename","False","False","","1","","Archive-style filename retained pending runtime validation","Retain"
"Accounts/Reports/Kizen/Cash Posting Summary New TEst2.rpt","True","d215f12753a5a757935b6942e2b1b7c87e679397","133632","Cash Posting Summary New TEst2.rpt","True","Archive-style filename","False","False","","1","","Archive-style filename retained pending runtime validation","Retain"
"Accounts/Reports/Kizen/Cash Posting Summary New.rpt","True","36bc5e1244b8c145064997e71fd6ab7ce05c0ac2","134144","Cash Posting Summary New.rpt","False","","False","False","","1","","No static reference found; retained because reports are loaded dynamically","Retain"
"Accounts/Reports/Kizen/Cash Posting Summary No Ibn Sina Staff.rpt","True","a0ee8a17dc0c380ab35d430149e1c85d0d237879","134144","Cash Posting Summary No Ibn Sina Staff.rpt","False","","False","False","","1","","No static reference found; retained because reports are loaded dynamically","Retain"
"Accounts/Reports/Kizen/Cash Posting Summary Old.rpt","True","a169dc916edce766ced610fa827ee8edfb4188b6","134144","Cash Posting Summary Old.rpt","True","Archive-style filename","False","False","","1","","Archive-style filename retained pending runtime validation","Retain"
"Accounts/Reports/Kizen/Cash Posting Summary Test.rpt","True","d2c929e952ee6451ecd77c3a2b8cd99a6d18f14b","133120","Cash Posting Summary Test.rpt","True","Archive-style filename","False","False","","1","","Archive-style filename retained pending runtime validation","Retain"
"Accounts/Reports/Kizen/Cash Posting Summary.rpt","True","03804b26004de50756bb9b5f5a193424f99bea13","133120","Cash Posting Summary.rpt","False","","False","False","","1","","No static reference found; retained because reports are loaded dynamically","Retain"
"Accounts/Reports/Kizen/Cash Vat Summary Report From Receipts Per Clinic.rpt","True","5a3dc13de7305e818db60de00dc5a8f1824c94c8","151552","Cash Vat Summary Report From Receipts Per Clinic.rpt","False","","False","False","","1","","No static reference found; retained because reports are loaded dynamically","Retain"
"Accounts/Reports/Kizen/Cash Vat Summary Report From Receipts.rpt","True","3d4d48ca9948e95f2df33479e04a7b57e1ee10de","116224","Cash Vat Summary Report From Receipts.rpt","False","","False","False","","1","","No static reference found; retained because reports are loaded dynamically","Retain"
"Accounts/Reports/Kizen/CashNCreditPayVatTest.rpt","True","0e7077d92619de6772e0385de873c15ba30e2003","156672","CashNCreditPayVatTest.rpt","True","Archive-style filename","False","False","","1","","Archive-style filename retained pending runtime validation","Retain"
"Accounts/Reports/Kizen/CashNCreditVat.rpt","True","c75fe28c228b8cb7348d4e933fa7181207b66228","224768","CashNCreditVat.rpt","False","","False","False","","1","","No static reference found; retained because reports are loaded dynamically","Retain"
"Accounts/Reports/Kizen/CashNCreditVatTest.rpt","True","863765aebcceb7b3c5a234e8f405c32f52e3b103","186368","CashNCreditVatTest.rpt","True","Archive-style filename","False","False","","1","","Archive-style filename retained pending runtime validation","Retain"
"Accounts/Reports/Kizen/CashVat.rpt","True","21920c4ce857e327ac9c96865f215a12f89ba755","224768","CashVat.rpt","False","","False","False","","1","","No static reference found; retained because reports are loaded dynamically","Retain"
"Accounts/Reports/Kizen/CashVatTest.rpt","True","cd90849d83104077609ed7720e50eee18dbdb887","161792","CashVatTest.rpt","True","Archive-style filename","False","False","","1","","Archive-style filename retained pending runtime validation","Retain"
"Accounts/Reports/Kizen/Comparative Credit Company Invoice Summary Per Month.rpt","True","18d68c61bd272eb57ad89c079b9874b2ed7bedab","165376","Comparative Credit Company Invoice Summary Per Month.rpt","False","","False","False","","1","","No static reference found; retained because reports are loaded dynamically","Retain"
"Accounts/Reports/Kizen/Credit Company Detailed Posting Summary Total.rpt","True","5ec9dac64a1edcf777cfc580137f4d1c768ed802","131584","Credit Company Detailed Posting Summary Total.rpt","False","","False","False","","1","","No static reference found; retained because reports are loaded dynamically","Retain"
"Accounts/Reports/Kizen/Credit Company Detailed Posting Summary.rpt","True","35042c06bb4f728d08d6bfc3c1edb063a5b22ee3","133120","Credit Company Detailed Posting Summary.rpt","False","","False","False","","1","","No static reference found; retained because reports are loaded dynamically","Retain"
"Accounts/Reports/Kizen/Credit Company Detailed Posting Test.rpt","True","0570e9b3440d7a0896f89008ca25f1b94618a86c","167936","Credit Company Detailed Posting Test.rpt","True","Archive-style filename","False","False","","1","","Archive-style filename retained pending runtime validation","Retain"
"Accounts/Reports/Kizen/Credit Company Detailed Posting With ISP Summary.rpt","True","aa23a50cd0b7b097ff1f39d64fcd699f05ff40e9","133120","Credit Company Detailed Posting With ISP Summary.rpt","False","","False","False","","1","","No static reference found; retained because reports are loaded dynamically","Retain"
"Accounts/Reports/Kizen/Credit Company Detailed Posting.rpt","True","f6c77b31d13d92ebbff930aaf9ffb1f285d1051d","133120","Credit Company Detailed Posting.rpt","False","","False","False","","1","","No static reference found; retained because reports are loaded dynamically","Retain"
"Accounts/Reports/Kizen/Credit Company Invoice Summary Per Month Backup.rpt","True","5b37c3c63b39d51ebc4a4f3cf7a4d460071d6188","131072","Credit Company Invoice Summary Per Month Backup.rpt","True","Archive-style filename","False","False","","1","","Archive-style filename retained pending runtime validation","Retain"
"Accounts/Reports/Kizen/Credit Company Invoice Summary Per Month.rpt","True","44323abb01c8508e18a7eecc88eef582db70371c","130048","Credit Company Invoice Summary Per Month.rpt","False","","False","False","","1","","No static reference found; retained because reports are loaded dynamically","Retain"
"Accounts/Reports/Kizen/Credit Company Posting Summary (No Ibn Sina).rpt","True","49e0eb4b8174dd9d4772bffea744665d6f169c3c","134144","Credit Company Posting Summary (No Ibn Sina).rpt","False","","False","False","","1","","No static reference found; retained because reports are loaded dynamically","Retain"
"Accounts/Reports/Kizen/Credit Company Posting Summary Ibn Sina Staff.rpt","True","06da1b80114a2bcabba1cdff1b2f61d212709660","131072","Credit Company Posting Summary Ibn Sina Staff.rpt","False","","False","False","","1","","No static reference found; retained because reports are loaded dynamically","Retain"
"Accounts/Reports/Kizen/Credit Company Posting Summary New.rpt","True","be138dad49f5cf72958ea1f4ff6bed194741e420","135168","Credit Company Posting Summary New.rpt","False","","False","False","","1","","No static reference found; retained because reports are loaded dynamically","Retain"
"Accounts/Reports/Kizen/Credit Company Posting Summary Test.rpt","True","05902c916f79cdc202d1fee22f7a84dec5457ed7","134144","Credit Company Posting Summary Test.rpt","True","Archive-style filename","False","False","","1","","Archive-style filename retained pending runtime validation","Retain"
"Accounts/Reports/Kizen/Credit Company Posting Summary Tester.rpt","True","c402b6aa6ebbeb4cc20c324feac7820bc24a560b","148992","Credit Company Posting Summary Tester.rpt","False","","False","False","","1","","No static reference found; retained because reports are loaded dynamically","Retain"
"Accounts/Reports/Kizen/Credit Company Posting Summary.rpt","True","2499030f7018d5a21991b779d60d2e59d7d659e1","131072","Credit Company Posting Summary.rpt","False","","False","False","","1","","No static reference found; retained because reports are loaded dynamically","Retain"
"Accounts/Reports/Kizen/Credit Company Posting Test Summary.rpt","True","04f0ec6e449a295986c220d09ed4ec5a8bba7c2e","179200","Credit Company Posting Test Summary.rpt","False","","False","False","","1","","No static reference found; retained because reports are loaded dynamically","Retain"
"Accounts/Reports/Kizen/IB Lab Result Daily Report Original.rpt","True","0db43692a29cf5020555bc1198b9fdc4b5b80542","55296","IB Lab Result Daily Report Original.rpt","True","Archive-style filename","False","False","","1","","Archive-style filename retained pending runtime validation","Retain"
"Accounts/Reports/Kizen/IB Lab Result Daily Report.rpt","True","f295fec830aa00de8b48c426c88647f679f55e39","52224","IB Lab Result Daily Report.rpt","False","","False","True","Accounts/PresentationLayer/Presenters/IGroup/IbLabSamplePresenter.vb:277","1","","Protected by static or project reference","Retain"
"Accounts/Reports/Kizen/IB Lab Sample Daily Report.rpt","True","a9c05fcbf56772ca799a179380cd3fa25f731b69","49664","IB Lab Sample Daily Report.rpt","False","","False","True","Accounts/PresentationLayer/Presenters/IGroup/IbLabSamplePresenter.vb:101; Accounts/PresentationLayer/Presenters/IGroup/ClinicLabSamplePresenter.vb:74","1","","Protected by static or project reference","Retain"
"Accounts/Reports/Kizen/Income per hour per Doctor for the given period am-pm.rpt","True","1c1f3c1b2d2f49d7d898bf54e383c8c42d564668","200704","Income per hour per Doctor for the given period am-pm.rpt","False","","False","False","","1","","No static reference found; retained because reports are loaded dynamically","Retain"
"Accounts/Reports/Kizen/Income per hour per Doctor for the given period.rpt","True","b35ac20fbf31a71b0e2abedddc3df208630df5fa","212480","Income per hour per Doctor for the given period.rpt","False","","False","False","","1","","No static reference found; retained because reports are loaded dynamically","Retain"
"Accounts/Reports/Kizen/Income Summary Report From Receipts Per Clinic.rpt","True","a6bd1bf67242e418031527fa209d983ed2eefe07","83456","Income Summary Report From Receipts Per Clinic.rpt","False","","False","False","","1","","No static reference found; retained because reports are loaded dynamically","Retain"
"Accounts/Reports/Kizen/Laboratory Number of Tests Report.rpt","True","defd5a7fa772cc6c61ccce10fc4b803280679394","110080","Laboratory Number of Tests Report.rpt","False","","False","False","","1","","No static reference found; retained because reports are loaded dynamically","Retain"
"Accounts/Reports/Kizen/Laboratory Test Count Per Month.rpt","True","d239b165baefd4f80c53eca0bc53967b587eecdf","49664","Laboratory Test Count Per Month.rpt","False","","False","False","","1","","No static reference found; retained because reports are loaded dynamically","Retain"
"Accounts/Reports/Kizen/List of Baladiya Test.rpt","True","1b079a13527c9a096c30881a561b561864a2abe6","139776","List of Baladiya Test.rpt","True","Archive-style filename","False","False","","1","","Archive-style filename retained pending runtime validation","Retain"
"Accounts/Reports/Kizen/List of Baladiya Testx.rpt","True","c7bc13425dbd7bcc0d3b761eb1ef63accb6740e6","137216","List of Baladiya Testx.rpt","False","","False","False","","1","","No static reference found; retained because reports are loaded dynamically","Retain"
"Accounts/Reports/Kizen/List of Cash Invoices.rpt","True","f659ec44f608323cbf4db78cef520ad20f718cbf","150528","List of Cash Invoices.rpt","False","","False","False","","1","","No static reference found; retained because reports are loaded dynamically","Retain"
"Accounts/Reports/Kizen/List of Cash Payment (Ibn-Server-KizenClinic).rpt","True","59fd33204b23752b6f9ffba32dd072ebbf0bc35a","137728","List of Cash Payment (Ibn-Server-KizenClinic).rpt","False","","False","False","","1","","No static reference found; retained because reports are loaded dynamically","Retain"
"Accounts/Reports/Kizen/List of Cash Payment (Ispadmin2).rpt","True","04482bd92d6d3a7e4dcb2d94c9ed88ce45c13998","137216","List of Cash Payment (Ispadmin2).rpt","False","","False","False","","1","","No static reference found; retained because reports are loaded dynamically","Retain"
"Accounts/Reports/Kizen/List of Cash Payment.rpt","True","41455b1096b3a0980e5f9487f3c7288da6090dea","151552","List of Cash Payment.rpt","False","","False","False","","1","","No static reference found; retained because reports are loaded dynamically","Retain"
"Accounts/Reports/Kizen/List of Company Employee Invoices.rpt","True","43e1da5b0cdbe7b80ae0c72b29f09f0bda5c1033","155136","List of Company Employee Invoices.rpt","False","","False","False","","1","","No static reference found; retained because reports are loaded dynamically","Retain"
"Accounts/Reports/Kizen/List of Credit Company Employee Invoices Test.rpt","True","0f7a93f47fdf349b6dc2d5e912f99c1dd7a174c9","160256","List of Credit Company Employee Invoices Test.rpt","True","Archive-style filename","False","False","","1","","Archive-style filename retained pending runtime validation","Retain"
"Accounts/Reports/Kizen/List of Credit Company Employee Invoices.rpt","True","5cb8724db0d5f43a88921aec05c2a75d594a5a05","150016","List of Credit Company Employee Invoices.rpt","False","","False","False","","1","","No static reference found; retained because reports are loaded dynamically","Retain"
"Accounts/Reports/Kizen/List of Credit Company Invoices by File Number Excluding Returns.rpt","True","68d6c190725ba296aac2f6e74fe9e7075e4542e4","145408","List of Credit Company Invoices by File Number Excluding Returns.rpt","False","","False","False","","1","","No static reference found; retained because reports are loaded dynamically","Retain"
"Accounts/Reports/Kizen/List of Credit Company Invoices by File Number.rpt","True","ee3b65fb3ac933ef1ebe46a6f3cb88416c2a6cf2","118784","List of Credit Company Invoices by File Number.rpt","False","","False","False","","1","","No static reference found; retained because reports are loaded dynamically","Retain"
"Accounts/Reports/Kizen/List of Credit Company Invoices By Invoice Number Excluding Returns.rpt","True","72c33f405e007b0fda6d443b1f5a383fe565869b","135680","List of Credit Company Invoices By Invoice Number Excluding Returns.rpt","False","","False","False","","1","","No static reference found; retained because reports are loaded dynamically","Retain"
"Accounts/Reports/Kizen/List of Credit Company Invoices By Invoice Number Test.rpt","True","68f245d1ea24694ede284a8e092ea34ed0c3653a","144384","List of Credit Company Invoices By Invoice Number Test.rpt","True","Archive-style filename","False","False","","1","","Archive-style filename retained pending runtime validation","Retain"
"Accounts/Reports/Kizen/List of Credit Company Invoices By Invoice Number.rpt","True","605874888648c785e1538b2eb0abc0c7a74c3c63","142848","List of Credit Company Invoices By Invoice Number.rpt","False","","False","False","","1","","No static reference found; retained because reports are loaded dynamically","Retain"
"Accounts/Reports/Kizen/List of Driver License Test.rpt","True","d385cc018678d7a82cdeb0f03d09b01acc5edc7b","166400","List of Driver License Test.rpt","True","Archive-style filename","False","False","","1","","Archive-style filename retained pending runtime validation","Retain"
"Accounts/Reports/Kizen/List of Driver LicenseTest.rpt","True","f026497bf6f4d36c92ebd444f5eed88bbe43d47f","134656","List of Driver LicenseTest.rpt","True","Archive-style filename","False","False","","1","","Archive-style filename retained pending runtime validation","Retain"
"Accounts/Reports/Kizen/List of Food Delivery Test.rpt","True","38456c490f68dbc4f764e8919b7f0e7ad0d07e92","130560","List of Food Delivery Test.rpt","True","Archive-style filename","False","False","","1","","Archive-style filename retained pending runtime validation","Retain"
"Accounts/Reports/Kizen/List of Iqama Test 2.rpt","True","1bb33ef07d0a8523f93d5580af347892c21940b4","139264","List of Iqama Test 2.rpt","True","Archive-style filename","False","False","","1","","Archive-style filename retained pending runtime validation","Retain"
"Accounts/Reports/Kizen/List of Iqama Test.rpt","True","082f47dbadd621b2874faa0beeb1b461ede1194c","140800","List of Iqama Test.rpt","True","Archive-style filename","False","False","","1","","Archive-style filename retained pending runtime validation","Retain"
"Accounts/Reports/Kizen/Medical Fitness Report.rpt","True","5a7b823b4e91896ac8cb19dad934341fe03140c5","3699712","Medical Fitness Report.rpt","False","","False","True","Accounts/PresentationLayer/Views/Forms/MedicalFitnessReportForm.vb:300","1","","Protected by static or project reference","Retain"
"Accounts/Reports/Kizen/MOH Clinic Report All Nationalities.rpt","True","22a15549c4d54a7899391697de1f93095d5dcba3","133120","MOH Clinic Report All Nationalities.rpt","False","","False","False","","1","","No static reference found; retained because reports are loaded dynamically","Retain"
"Accounts/Reports/Kizen/MOH Clinic Report Diagnostic Tests Summary.rpt","True","ec356d24bd7cbbf925ac51a1938c9d1c990a4bfb","101376","MOH Clinic Report Diagnostic Tests Summary.rpt","False","","False","False","","1","","No static reference found; retained because reports are loaded dynamically","Retain"
"Accounts/Reports/Kizen/MOH Clinic Report Diagnostic Tests Summary2.rpt","True","50f5fa327f63034f92e17cfdf9f3f53a2511d820","84480","MOH Clinic Report Diagnostic Tests Summary2.rpt","False","","False","False","","1","","No static reference found; retained because reports are loaded dynamically","Retain"
"Accounts/Reports/Kizen/MOH Clinic Report Saudi and Expats.rpt","True","26fa0231fa2bc86250d41a205cb6a489a3e5b0a9","131584","MOH Clinic Report Saudi and Expats.rpt","False","","False","False","","1","","No static reference found; retained because reports are loaded dynamically","Retain"
"Accounts/Reports/Kizen/MOH Clinic Report.rpt","True","bbcce4e58dfb9291e29c4ffabb605d048258bdf9","145920","MOH Clinic Report.rpt","False","","False","False","","1","","No static reference found; retained because reports are loaded dynamically","Retain"
"Accounts/Reports/Kizen/MOH Diagnostic Center Report.rpt","True","da38aefe04bc082470369952fcaf56db016556ac","102400","MOH Diagnostic Center Report.rpt","False","","False","False","","1","","No static reference found; retained because reports are loaded dynamically","Retain"
"Accounts/Reports/Kizen/Pharmacy Cash Posting Summary.rpt","True","f6a5418442e59f70a8b767a06a1d69e5e9ef6146","134144","Pharmacy Cash Posting Summary.rpt","False","","False","False","","1","","No static reference found; retained because reports are loaded dynamically","Retain"
"Accounts/Reports/Kizen/Price List of Services 2.rpt","True","290a2f23866d16f64a8e613da088634b9ba53dcb","10850304","Price List of Services 2.rpt","False","","False","False","","1","","No static reference found; retained because reports are loaded dynamically","Retain"
"Accounts/Reports/Kizen/Price List of Services Laboratory Only.rpt","True","cfae37546db80ae7acd099c1d21f52f1d58878e9","10871808","Price List of Services Laboratory Only.rpt","False","","False","False","","1","","No static reference found; retained because reports are loaded dynamically","Retain"
"Accounts/Reports/Kizen/Price List of Services Per Category.rpt","True","e4ba8fe054c829cea09b8ec18172f5bc391e2658","10856960","Price List of Services Per Category.rpt","False","","False","False","","1","","No static reference found; retained because reports are loaded dynamically","Retain"
"Accounts/Reports/Kizen/Price List of Services Radiology.rpt","True","50284251afae124cf150f87d9deff7cd73dbcb9a","10855936","Price List of Services Radiology.rpt","False","","False","False","","1","","No static reference found; retained because reports are loaded dynamically","Retain"
"Accounts/Reports/Kizen/Price List of Services.rpt","True","fb3c5b8a4a5981fe38d55ac27dca83662cc252c6","10894336","Price List of Services.rpt","False","","False","False","","1","","No static reference found; retained because reports are loaded dynamically","Retain"
"Accounts/Reports/Kizen/Report1.rpt","True","c3ef005bdc868dbb39548e991c7ae4d74fc98661","53248","Report1.rpt","False","","False","False","","1","","No static reference found; retained because reports are loaded dynamically","Retain"
"Accounts/Reports/Kizen/Report2.rpt","True","7a244cd9a8be01e354a416910905d2dff53b41fe","121856","Report2.rpt","False","","False","False","","1","","No static reference found; retained because reports are loaded dynamically","Retain"
"Accounts/Reports/Kizen/Revenue Summary Report From Receipts Per Day Per Clinic (Original).rpt","True","997ceed81fc5ef15e587d1c1ca857c44c418ebe8","89600","Revenue Summary Report From Receipts Per Day Per Clinic (Original).rpt","False","","False","False","","1","","No static reference found; retained because reports are loaded dynamically","Retain"
"Accounts/Reports/Kizen/Revenue Summary Report From Receipts Per Day Per Clinic.rpt","True","4198fc5964b0b8471e7e9143d29415749a2ab1a8","58368","Revenue Summary Report From Receipts Per Day Per Clinic.rpt","False","","False","False","","1","","No static reference found; retained because reports are loaded dynamically","Retain"
"Accounts/Reports/Kizen/Revenue Summary Report From Receipts Per Day Per Clinic1.rpt","True","2cf42ecc1f77be7e688cfbf8a46763934a51b315","58368","Revenue Summary Report From Receipts Per Day Per Clinic1.rpt","False","","False","False","","1","","No static reference found; retained because reports are loaded dynamically","Retain"
"Accounts/Reports/Kizen/Summary Report From Invoices for a Certain Doctor.rpt","True","d08600a100cdb1afdb26923724f7d7ee1d73139b","300032","Summary Report From Invoices for a Certain Doctor.rpt","False","","False","False","","1","","No static reference found; retained because reports are loaded dynamically","Retain"
"Accounts/Reports/Kizen/Test2.rpt","True","8c06cc323e376ebc22f1200983727f6fee87da19","147456","Test2.rpt","True","Archive-style filename","False","False","","1","","Archive-style filename retained pending runtime validation","Retain"
"Accounts/Reports/Kizen/Ultrasound Total Patients Report.rpt","True","bda3f13cf6b5328adc3fb304029be6e6699dba10","90624","Ultrasound Total Patients Report.rpt","False","","False","False","","1","","No static reference found; retained because reports are loaded dynamically","Retain"
"Accounts/Reports/Kizen/VAT Report Summary.rpt","True","30fec85945a6f5d6875c581ec0a5e95f8aed6947","167424","VAT Report Summary.rpt","False","","False","False","","1","","No static reference found; retained because reports are loaded dynamically","Retain"
"Accounts/Reports/Kizen/Vat Summary Report From Invoices.rpt","True","b73496a30e1e2047625de32642293fc3ebc2758c","146432","Vat Summary Report From Invoices.rpt","False","","False","False","","1","","No static reference found; retained because reports are loaded dynamically","Retain"
"Accounts/Reports/Kizen/Vat Summary Report From Receipts Per Clinic 2.rpt","True","3c8e3d32b5ba332bf7008b567cab788d508702c1","126976","Vat Summary Report From Receipts Per Clinic 2.rpt","False","","False","False","","1","","No static reference found; retained because reports are loaded dynamically","Retain"
"Accounts/Reports/Kizen/Vat Summary Report From Receipts Per Clinic.rpt","True","2a689b0f38dfc9430f21377610086569b550721d","61440","Vat Summary Report From Receipts Per Clinic.rpt","False","","False","False","","1","","No static reference found; retained because reports are loaded dynamically","Retain"
"Accounts/Reports/Kizen/Vat Summary Report From Receipts.rpt","True","6007fe0fd7bc5775bd3a9fb980ccd9a088aa92d9","120832","Vat Summary Report From Receipts.rpt","False","","False","False","","1","","No static reference found; retained because reports are loaded dynamically","Retain"
"Accounts/Reports/Kizen/X-Ray Total Patients Report.rpt","True","84e8ae7e03d2ba7c7a91fea1a97b63c38a75299f","102400","X-Ray Total Patients Report.rpt","False","","False","False","","1","","No static reference found; retained because reports are loaded dynamically","Retain"
"Accounts/Reports/Medical Fitness Report.rpt","True","6e8768e04fde0a376408243f3f091db5c35055ca","3700736","Medical Fitness Report.rpt","False","","False","True","Accounts/PresentationLayer/Views/Forms/MedicalFitnessReportForm.vb:300","1","","Protected by static or project reference","Retain"
"Accounts/Reports/Medical Report 2.rpt","True","a284f6cd28d0c6ba953e568d2249d1ce1e5c820b","94208","Medical Report 2.rpt","False","","False","False","","1","","No static reference found; retained because reports are loaded dynamically","Retain"
"Accounts/Reports/Medical Report.rpt","True","712ac9cb6bcb05f26aae982d9c6351bff46c22a0","93184","Medical Report.rpt","False","","True","True","Accounts/Reports/Medical Report.vb:30; Accounts/Accounts.vbproj:1938; Accounts/Accounts.vbproj:2758","1","","Protected by static or project reference","Retain"
"Accounts/Reports/Monthly Comparative Gross Income StatementPer Month Per Doctor.rpt","True","f7a5b71715c21b04e740c8d4f6657c97d23ae5fa","1599488","Monthly Comparative Gross Income StatementPer Month Per Doctor.rpt","False","","False","False","","1","","No static reference found; retained because reports are loaded dynamically","Retain"
"Accounts/Reports/Monthly Income Statement Per Department.rpt","True","32e0095843043b3f3654a2ae917e36ef547cc471","1604096","Monthly Income Statement Per Department.rpt","False","","False","False","","1","","No static reference found; retained because reports are loaded dynamically","Retain"
"Accounts/Reports/Monthly Income Statement Pharmacy.rpt","True","9fcf3dbd8713b81a6aa1ce43285580e269e423f2","1606144","Monthly Income Statement Pharmacy.rpt","False","","False","False","","1","","No static reference found; retained because reports are loaded dynamically","Retain"
"Accounts/Reports/Monthly Income Statement Test 2.rpt","True","8b5fb12acf0fc243fcfe5b89b51db83bd43a67d4","1663488","Monthly Income Statement Test 2.rpt","True","Archive-style filename","False","False","","1","","Archive-style filename retained pending runtime validation","Retain"
"Accounts/Reports/Monthly Income Statement Test.rpt","True","458bad5a590f43f94e2ff546ee09d31a51b2f074","1661952","Monthly Income Statement Test.rpt","True","Archive-style filename","False","False","","1","","Archive-style filename retained pending runtime validation","Retain"
"Accounts/Reports/Monthly Income Statement.rpt","True","1568ff42e5c25ab991553b1f668adafd9d9d8758","1661440","Monthly Income Statement.rpt","False","","False","False","","1","","No static reference found; retained because reports are loaded dynamically","Retain"
"Accounts/Reports/Opened Petty Cash Report.rpt","True","b4084a042a06097c8ce39206b9ebf3b37af868b2","1608192","Opened Petty Cash Report.rpt","False","","True","True","Accounts/Reports/Opened Petty Cash Report.vb:30; Accounts/Accounts.vbproj:1944; Accounts/Accounts.vbproj:2762","1","","Protected by static or project reference","Retain"
"Accounts/Reports/Payroll Repor Testt.rpt","True","c74495bd470b6317fdbadcfdf8483f0762a42153","823808","Payroll Repor Testt.rpt","False","","False","False","","1","","No static reference found; retained because reports are loaded dynamically","Retain"
"Accounts/Reports/Payroll Report 2.rpt","True","f5f7ec2cbfb0837a146e55e7b1605fc322a4798b","823296","Payroll Report 2.rpt","False","","False","False","","1","","No static reference found; retained because reports are loaded dynamically","Retain"
"Accounts/Reports/Payroll Report Old.rpt","True","979c08388405e3e49946e68ec680497436b1bec3","824320","Payroll Report Old.rpt","True","Archive-style filename","False","False","","1","","Archive-style filename retained pending runtime validation","Retain"
"Accounts/Reports/Payroll Report Old2.rpt","True","1db0ff168d0ec5310a3dbf641023a763dffb9356","823296","Payroll Report Old2.rpt","True","Archive-style filename","False","False","","1","","Archive-style filename retained pending runtime validation","Retain"
"Accounts/Reports/Payroll Report Summary Old.rpt","True","34add865f1a45f7f7bce34baeec1a53ebd5ab835","859136","Payroll Report Summary Old.rpt","True","Archive-style filename","False","False","","1","","Archive-style filename retained pending runtime validation","Retain"
"Accounts/Reports/Payroll Report Summary.rpt","True","8a74e4d8784b600c335a1f78c592fa799ea936b4","824832","Payroll Report Summary.rpt","False","","True","True","Accounts/Accounts.vbproj:3049","1","","Protected by static or project reference","Retain"
"Accounts/Reports/Payroll Report.rpt","True","70960fe4169c74d5465d76473b180ebdae3cd36d","823808","Payroll Report.rpt","False","","True","True","Accounts/PresentationLayer/Views/Forms/Reports/PayrollPrinting.vb:35; Accounts/PresentationLayer/Presenters/PayrollDetailPresenter.vb:112; Accounts/Accounts.vbproj:3050","1","","Protected by static or project reference","Retain"
"Accounts/Reports/Payroll Report3.rpt","True","61ab13f41fec2c8961e163d357e71c36a344c465","823296","Payroll Report3.rpt","False","","False","False","","1","","No static reference found; retained because reports are loaded dynamically","Retain"
"Accounts/Reports/Payroll Slip Report.rpt","True","78a8b8020507d73cc5efdcad595e8c577b021085","825856","Payroll Slip Report.rpt","False","","False","False","","1","","No static reference found; retained because reports are loaded dynamically","Retain"
"Accounts/Reports/PaySlip.rpt","True","1dcccffb835ab4ac19a910828aae286a34ec6770","27648","PaySlip.rpt","False","","False","False","","1","","No static reference found; retained because reports are loaded dynamically","Retain"
"Accounts/Reports/Petty Cash Detailed Report.rpt","True","c0ea3cac27c8c6f69242107f324d2d549f1c5f1b","481280","Petty Cash Detailed Report.rpt","False","","True","True","Accounts/Reports/Petty Cash Detailed Report.vb:30; Accounts/Accounts.vbproj:1950; Accounts/Accounts.vbproj:2766","1","","Protected by static or project reference","Retain"
"Accounts/Reports/Petty Cash Disbursement Journal.rpt","True","b3fd804a82f10bbd10ecfa65d86695807ebaef92","473600","Petty Cash Disbursement Journal.rpt","False","","True","True","Accounts/Reports/Petty Cash Disbursement Journal.vb:30; Accounts/PresentationLayer/Presenters/DisbursementJournalPresenter.vb:389; Accounts/Accounts.vbproj:1956; Accounts/Accounts.vbproj:2770","1","","Protected by static or project reference","Retain"
"Accounts/Reports/Petty Cash Disbursement Journalxxxx.rpt","True","c654109a9ab4a82b267640f03c72619895b5894b","472576","Petty Cash Disbursement Journalxxxx.rpt","False","","False","False","","1","","No static reference found; retained because reports are loaded dynamically","Retain"
"Accounts/Reports/Petty Cash Replenishment Journal.rpt","True","72ddf86df022a246190a3732e93f654cb225aca0","473600","Petty Cash Replenishment Journal.rpt","False","","True","True","Accounts/Reports/Petty Cash Replenishment Journal.vb:30; Accounts/Accounts.vbproj:1962; Accounts/Accounts.vbproj:2774","1","","Protected by static or project reference","Retain"
"Accounts/Reports/Petty Cash Replenishment Report New.rpt","True","44df6699ed473614577476b1aa1df2cc9a7fd1b1","480768","Petty Cash Replenishment Report New.rpt","False","","False","False","","1","","No static reference found; retained because reports are loaded dynamically","Retain"
"Accounts/Reports/Petty Cash Replenishment Report New2.rpt","True","f32ec71080f5576514516684fc756865415d997c","480256","Petty Cash Replenishment Report New2.rpt","False","","False","False","","1","","No static reference found; retained because reports are loaded dynamically","Retain"
"Accounts/Reports/Petty Cash Replenishment Report Old Format.rpt","True","5ada948c8c04c67aa0952db3cac65c6f4e690fa6","479744","Petty Cash Replenishment Report Old Format.rpt","False","","False","False","","1","","No static reference found; retained because reports are loaded dynamically","Retain"
"Accounts/Reports/Petty Cash Replenishment Report.rpt","True","d94f5f9945c55cd4650eab33396672e4e3f6aca3","480256","Petty Cash Replenishment Report.rpt","False","","True","True","Accounts/Reports/Petty Cash Replenishment Report.vb:30; Accounts/PresentationLayer/Presenters/DisbursementJournalPresenter.vb:434; Accounts/Accounts.vbproj:1968; Accounts/Accounts.vbproj:2778","1","","Protected by static or project reference","Retain"
"Accounts/Reports/PMRPharmacyMedicinePrescription.rpt","True","4de476fdaa22a9f9dedcae617a41a3c2a4689615","141312","PMRPharmacyMedicinePrescription.rpt","False","","True","True","Accounts/Reports/PMRPharmacyMedicinePrescription.vb:30; Accounts/Accounts.vbproj:1974; Accounts/Accounts.vbproj:2782","1","","Protected by static or project reference","Retain"
"Accounts/Reports/PMRPharmacyMedicinePrescriptionBlank.rpt","True","3b26c006f84100620a6a4e37e2f4133633390a9f","137216","PMRPharmacyMedicinePrescriptionBlank.rpt","False","","False","False","","1","","No static reference found; retained because reports are loaded dynamically","Retain"
"Accounts/Reports/Posting Revenue & Vat Summary Per Month.rpt","True","8a96bbf32003cfda2b1e2d332411b4b52640ce39","54272","Posting Revenue & Vat Summary Per Month.rpt","False","","False","False","","1","","No static reference found; retained because reports are loaded dynamically","Retain"
"Accounts/Reports/Product Movement Report by Warehouse All.rpt","True","600e590953b685c6d261299dba239b648f84c0af","61952","Product Movement Report by Warehouse All.rpt","False","","False","False","","1","","No static reference found; retained because reports are loaded dynamically","Retain"
"Accounts/Reports/Product Movement Report by Warehouse New.rpt","True","a9f4ad69c7af9074a0d3d76cb5fcdffc89d77d68","62464","Product Movement Report by Warehouse New.rpt","False","","False","False","","1","","No static reference found; retained because reports are loaded dynamically","Retain"
"Accounts/Reports/Product Movement Report by Warehouse.rpt","True","749b504346a750df34e53010b3d852712600f2e8","60928","Product Movement Report by Warehouse.rpt","False","","False","True","Accounts/PresentationLayer/Views/Forms/Reports/ProductMovementReport.vb:52","1","","Protected by static or project reference","Retain"
"Accounts/Reports/Product Purchase and Consumption Report by Warehouse.rpt","True","83c346ec0d840c78324bac06d50064ecbfcacdb3","62976","Product Purchase and Consumption Report by Warehouse.rpt","False","","False","False","","1","","No static reference found; retained because reports are loaded dynamically","Retain"
"Accounts/Reports/Purchase Order Report.rpt","True","acae0a86f21f2f2ead91b896ebe603eb280dbdbe","827392","Purchase Order Report.rpt","False","","False","True","Accounts/PresentationLayer/Presenters/PurchasePresenter.vb:214","1","","Protected by static or project reference","Retain"
"Accounts/Reports/Purchase Report.rpt","True","5c5a101bf5edaf1ce2ea48bba1f53f1c158293e4","827392","Purchase Report.rpt","False","","False","True","Accounts/PresentationLayer/Presenters/PurchasePresenter.vb:219","1","","Protected by static or project reference","Retain"
"Accounts/Reports/Report1.rpt","True","363e8ea05e1e1b461d42d8abc6b4f5a59c577326","43520","Report1.rpt","False","","False","False","","1","","No static reference found; retained because reports are loaded dynamically","Retain"
"Accounts/Reports/Report2.rpt","True","6e48f5a36b3a7afeab03944f73ebc9a3ec1934de","58368","Report2.rpt","False","","False","False","","1","","No static reference found; retained because reports are loaded dynamically","Retain"
"Accounts/Reports/Revenue Cost List with no Revenue Cost Center Entry.rpt","True","2ec0598bcb2ba1a816c8d0a70ea222f73304200f","50688","Revenue Cost List with no Revenue Cost Center Entry.rpt","False","","False","False","","1","","No static reference found; retained because reports are loaded dynamically","Retain"
"Accounts/Reports/Revenue Sale Vat Report Summary Per Day Per Invoice.rpt","True","8f768736298457b717653d9cf70b493cfc807ea1","51200","Revenue Sale Vat Report Summary Per Day Per Invoice.rpt","False","","False","False","","1","","No static reference found; retained because reports are loaded dynamically","Retain"
"Accounts/Reports/Revenue Sale Vat Report Summary Per Day.rpt","True","9cebd9e851382b58fe66d49ee7f876784b39ee14","53248","Revenue Sale Vat Report Summary Per Day.rpt","False","","False","False","","1","","No static reference found; retained because reports are loaded dynamically","Retain"
"Accounts/Reports/Revenue Sale Vat Report Summary.rpt","True","4ff85e97c9ecb31517f6e89b2a5dc8fce70144c5","51200","Revenue Sale Vat Report Summary.rpt","False","","True","True","Accounts/Reports/Revenue Sale Vat Report Summary.vb:30; Accounts/Reports/IGroup/Revenue Sale Vat Report Summary.vb:30; Accounts/Accounts.vbproj:1980; Accounts/Accounts.vbproj:2786","1","","Protected by static or project reference","Retain"
"Accounts/Reports/Sales Journal Daily Report.rpt","True","480f3c0bb0759931e863effd1600edb2c8655e56","1651712","Sales Journal Daily Report.rpt","False","","True","True","Accounts/Reports/Sales Journal Daily Report.vb:30; Accounts/Accounts.vbproj:1986; Accounts/Accounts.vbproj:2790","1","","Protected by static or project reference","Retain"
"Accounts/Reports/Sales Journal.rpt","True","1036c5ccccfa63dafdeb7255a8fadaf3c65735d7","463360","Sales Journal.rpt","False","","True","True","Accounts/Reports/Sales Journal.vb:30; Accounts/PresentationLayer/Presenters/SalesJournalPresenter.vb:286; Accounts/Accounts.vbproj:1992; Accounts/Accounts.vbproj:2794","1","","Protected by static or project reference","Retain"
"Accounts/Reports/SampleQrCodeGeneration.rpt","True","4640418ccf5500f96c6d263663574fb6bd0590a8","100864","SampleQrCodeGeneration.rpt","False","","True","True","Accounts/Reports/SampleQrCodeGeneration.vb:30; Accounts/Accounts.vbproj:1998; Accounts/Accounts.vbproj:2798","1","","Protected by static or project reference","Retain"
"Accounts/Reports/Shift Summary Daily Report.rpt","True","3d9c02e50856c29d3a5c6be66f64cc4d18d3fbb7","824320","Shift Summary Daily Report.rpt","False","","True","True","Accounts/Reports/Shift Summary Daily Report.vb:30; Accounts/PresentationLayer/Views/Forms/Reports/ShiftDailyReport.vb:44; Accounts/PresentationLayer/Views/Forms/Reports/ShiftDailyReport.vb:46; Accounts/PresentationLayer/Views/Forms/Reports/ShiftDailyReport.vb:66; Accounts/PresentationLayer/Views/Forms/Reports/ShiftDailyReport.vb:68","1","","Protected by static or project reference","Retain"
"Accounts/Reports/Shift Summary Report.rpt","True","5f0e1083db8e44a6b09ffe13e72f67808b1b8560","823808","Shift Summary Report.rpt","False","","True","True","Accounts/Reports/Shift Summary Report.vb:30; Accounts/PresentationLayer/Presenters/ShiftSummaryPresenter.vb:51; Accounts/Accounts.vbproj:2010; Accounts/Accounts.vbproj:2806","1","","Protected by static or project reference","Retain"
"Accounts/Reports/Statement of Accounts Payable Arabic.rpt","True","ea96dd78c46d9320e0180ecb4920b83c05b4eac6","829440","Statement of Accounts Payable Arabic.rpt","False","","True","True","Accounts/PresentationLayer/Presenters/ReportPresenter.vb:74; Accounts/PresentationLayer/Presenters/ApArEmReportPresenter.vb:45; Accounts/Accounts.vbproj:3051","1","","Protected by static or project reference","Retain"
"Accounts/Reports/Statement of Accounts Payable New.rpt","True","4833de9746e9788ad229020362cc0682cc67d9e0","827904","Statement of Accounts Payable New.rpt","False","","False","False","","1","","No static reference found; retained because reports are loaded dynamically","Retain"
"Accounts/Reports/Statement of Accounts Payable Ok-Backup.rpt","True","077ecea4189bc9dd7eeb5a4d616498d97da33318","828928","Statement of Accounts Payable Ok-Backup.rpt","True","Archive-style filename","False","False","","1","","Archive-style filename retained pending runtime validation","Retain"
"Accounts/Reports/Statement of Accounts Payable.rpt","True","6ba6d3d2356a52ea6dc6dad74c6d0c0b716729e8","827904","Statement of Accounts Payable.rpt","False","","True","True","Accounts/Reports/Statement of Accounts Payable.vb:30; Accounts/PresentationLayer/Presenters/ReportPresenter.vb:76; Accounts/PresentationLayer/Presenters/ApArEmReportPresenter.vb:47; Accounts/Accounts.vbproj:2016; Accounts/Accounts.vbproj:2810","1","","Protected by static or project reference","Retain"
"Accounts/Reports/Statement of Accounts Receivable Arabic.rpt","True","800ca1da28dc0c21c924329fab6598a86f31e306","827392","Statement of Accounts Receivable Arabic.rpt","False","","True","True","Accounts/Reports/Statement of Accounts Receivable Arabic.vb:30; Accounts/PresentationLayer/Presenters/ReportPresenter.vb:83; Accounts/PresentationLayer/Presenters/ApArEmReportPresenter.vb:54; Accounts/Accounts.vbproj:2022; Accounts/Accounts.vbproj:2814","1","","Protected by static or project reference","Retain"
"Accounts/Reports/Statement of Accounts Receivable.rpt","True","4e32649e3c5e5b957921880a103f456de6cf41ba","827904","Statement of Accounts Receivable.rpt","False","","True","True","Accounts/Reports/Statement of Accounts Receivable.vb:30; Accounts/PresentationLayer/Presenters/ReportPresenter.vb:85; Accounts/PresentationLayer/Presenters/ApArEmReportPresenter.vb:56; Accounts/Accounts.vbproj:2028; Accounts/Accounts.vbproj:2818","1","","Protected by static or project reference","Retain"
"Accounts/Reports/Statement of Accounts Receivable2.rpt","True","f90d6a705ac11e9de12f54d743724a3d8e0ca3b5","829440","Statement of Accounts Receivable2.rpt","False","","False","False","","1","","No static reference found; retained because reports are loaded dynamically","Retain"
"Accounts/Reports/Statement of Accounts Receivabler.rpt","True","57c88d47a7f9f85e3787a09c3c1b2d784947113f","834048","Statement of Accounts Receivabler.rpt","False","","False","False","","1","","No static reference found; retained because reports are loaded dynamically","Retain"
"Accounts/Reports/Statement of Employee Leaves New.rpt","True","26cae1142125d00a29cbb8eb79dc205f9192e341","825344","Statement of Employee Leaves New.rpt","False","","False","False","","1","","No static reference found; retained because reports are loaded dynamically","Retain"
"Accounts/Reports/Statement of Employee Leaves Test.rpt","True","35b77f2599fbbb80f1b7eac19a78fa0c4b64d826","824320","Statement of Employee Leaves Test.rpt","True","Archive-style filename","False","False","","1","","Archive-style filename retained pending runtime validation","Retain"
"Accounts/Reports/Statement of Employee Leaves.rpt","True","c12380aeb93aab12941f2c93e12d8d56d7f9ade9","826880","Statement of Employee Leaves.rpt","False","","True","True","Accounts/Reports/Statement of Employee Leaves.vb:30; Accounts/PresentationLayer/Presenters/ReportPresenter.vb:105; Accounts/PresentationLayer/Presenters/ApArEmReportPresenter.vb:76; Accounts/Accounts.vbproj:2034; Accounts/Accounts.vbproj:2822","1","","Protected by static or project reference","Retain"
"Accounts/Reports/Statement of Employee Loans Arabic.rpt","True","b248d9000e3cad30e990bbd1d928cd3bcaf2b06d","828928","Statement of Employee Loans Arabic.rpt","False","","True","True","Accounts/Reports/Statement of Employee Loans Arabic.vb:30; Accounts/PresentationLayer/Presenters/ReportPresenter.vb:92; Accounts/PresentationLayer/Presenters/ApArEmReportPresenter.vb:63; Accounts/Accounts.vbproj:2040; Accounts/Accounts.vbproj:2826","1","","Protected by static or project reference","Retain"
"Accounts/Reports/Statement of Employee Loans Original.rpt","True","a67d8c57adf1ff3426a2505ceae5a8159ebddef9","827904","Statement of Employee Loans Original.rpt","True","Archive-style filename","False","False","","1","","Archive-style filename retained pending runtime validation","Retain"
"Accounts/Reports/Statement of Employee Loans.rpt","True","66f638e40f7ee62000e34bfe8d017a59f90826a4","827904","Statement of Employee Loans.rpt","False","","True","True","Accounts/Reports/Statement of Employee Loans.vb:30; Accounts/PresentationLayer/Presenters/ReportPresenter.vb:94; Accounts/PresentationLayer/Presenters/ApArEmReportPresenter.vb:65; Accounts/Accounts.vbproj:2046; Accounts/Accounts.vbproj:2830","1","","Protected by static or project reference","Retain"
"Accounts/Reports/Statement of Employee Payments.rpt","True","82c7e5883e262f70dbc3b67c5a6985657787f3dd","829952","Statement of Employee Payments.rpt","False","","False","False","","1","","No static reference found; retained because reports are loaded dynamically","Retain"
"Accounts/Reports/Stocks Consumption New System.rpt","True","7551d1564a040a2fc4d6234da19103e172af9908","95744","Stocks Consumption New System.rpt","False","","False","False","","1","","No static reference found; retained because reports are loaded dynamically","Retain"
"Accounts/Reports/Stocks Consumption Report.rpt","True","ba331213892e58d469fbe529bd70bf0b8f93a31f","235520","Stocks Consumption Report.rpt","False","","False","False","","1","","No static reference found; retained because reports are loaded dynamically","Retain"
"Accounts/Reports/Summary of Accounts Payable New.rpt","True","cc08beee8b7eba09433cb28cac8c89a56279f0e9","830464","Summary of Accounts Payable New.rpt","False","","False","False","","1","","No static reference found; retained because reports are loaded dynamically","Retain"
"Accounts/Reports/Summary of Accounts Payable Test.rpt","True","eb414c0d8e430606dad761d7ee4cf9a988cf7f30","828928","Summary of Accounts Payable Test.rpt","True","Archive-style filename","False","False","","1","","Archive-style filename retained pending runtime validation","Retain"
"Accounts/Reports/Summary of Accounts Payable.rpt","True","6531c018685be88b923414f82fc473ea379bab14","829440","Summary of Accounts Payable.rpt","False","","True","True","Accounts/Reports/Summary of Accounts Payable.vb:30; Accounts/PresentationLayer/Views/Forms/Reports/PayrollSelector.vb:34; Accounts/PresentationLayer/Views/Forms/Reports/PayrollReport.vb:35; Accounts/PresentationLayer/Presenters/FinancialReportPresenter.vb:47; Accounts/Accounts.vbproj:2052","1","","Protected by static or project reference","Retain"
"Accounts/Reports/Summary of Accounts Payables Crosstab Checker.rpt","True","9cfd36961547647ff99f3b8b0fb9426740f0dd1c","1602048","Summary of Accounts Payables Crosstab Checker.rpt","False","","False","False","","1","","No static reference found; retained because reports are loaded dynamically","Retain"
"Accounts/Reports/Summary of Accounts Payables Crosstab.rpt","True","800640aacca90198a74c1be8ec1dcaa03ce1dbac","1643520","Summary of Accounts Payables Crosstab.rpt","False","","False","False","","1","","No static reference found; retained because reports are loaded dynamically","Retain"
"Accounts/Reports/Summary of Accounts Receivable.rpt","True","92edbb4bd4354062e9da639f4991d1908f25b074","829440","Summary of Accounts Receivable.rpt","False","","True","True","Accounts/Reports/Summary of Accounts Receivable.vb:30; Accounts/PresentationLayer/Presenters/FinancialReportPresenter.vb:52; Accounts/Accounts.vbproj:2058; Accounts/Accounts.vbproj:2838","1","","Protected by static or project reference","Retain"
"Accounts/Reports/Summary of Employee Loans New.rpt","True","8d563ef35e710e3c239a1206777eb2196efb11cf","829440","Summary of Employee Loans New.rpt","False","","False","False","","1","","No static reference found; retained because reports are loaded dynamically","Retain"
"Accounts/Reports/Summary of Employee Loans New2.rpt","True","7f3c9a70ccf9631547be9c4ba759d9887b49b364","830976","Summary of Employee Loans New2.rpt","False","","False","False","","1","","No static reference found; retained because reports are loaded dynamically","Retain"
"Accounts/Reports/Summary of Employee Loans Old.rpt","True","56ee2fd86cb82593e71bdec401fd5f1170e05a4c","856576","Summary of Employee Loans Old.rpt","True","Archive-style filename","False","False","","1","","Archive-style filename retained pending runtime validation","Retain"
"Accounts/Reports/Summary of Employee Loans Original.rpt","True","126a4112ac1971a22152da2c787b7623d256b387","829952","Summary of Employee Loans Original.rpt","True","Archive-style filename","False","False","","1","","Archive-style filename retained pending runtime validation","Retain"
"Accounts/Reports/Summary of Employee Loans test.rpt","True","50b91fde93b72609b89db9c17a65020b6a6188d8","834560","Summary of Employee Loans test.rpt","True","Archive-style filename","False","False","","1","","Archive-style filename retained pending runtime validation","Retain"
"Accounts/Reports/Summary of Employee Loans Testing barcode.rpt","True","a8c408bf89cb4fc14df8a21dc9e3d65b3178b3cf","883200","Summary of Employee Loans Testing barcode.rpt","False","","False","False","","1","","No static reference found; retained because reports are loaded dynamically","Retain"
"Accounts/Reports/Summary of Employee Loans(WithError).rpt","True","1a067bd1e31dc6e2d18a7b9361a614498a443046","828928","Summary of Employee Loans(WithError).rpt","False","","False","False","","1","","No static reference found; retained because reports are loaded dynamically","Retain"
"Accounts/Reports/Summary of Employee Loans.rpt","True","04ffb24a4e21578a085a258abcda5e29d5dc3a15","830464","Summary of Employee Loans.rpt","False","","True","True","Accounts/Reports/Summary of Employee Loans.vb:30; Accounts/Reports/Summary of Employee Loans(WithError).vb:30; Accounts/PresentationLayer/Presenters/FinancialReportPresenter.vb:57; Accounts/Accounts.vbproj:2064; Accounts/Accounts.vbproj:2842","1","","Protected by static or project reference","Retain"
"Accounts/Reports/Summary of Employee Loansxxxx.rpt","True","5d591e8f89251acae76c7e5799122b89bd8c5546","886784","Summary of Employee Loansxxxx.rpt","False","","False","False","","1","","No static reference found; retained because reports are loaded dynamically","Retain"
"Accounts/Reports/Summary of Pharmacy Accounts Payable.rpt","True","1d3acfeb14e3dade440725b509490cd15b27a7f5","822272","Summary of Pharmacy Accounts Payable.rpt","False","","False","False","","1","","No static reference found; retained because reports are loaded dynamically","Retain"
"Accounts/Reports/test.rpt","True","4c22a8ac36ec047af9dce2a427827975c79ff2d8","829440","test.rpt","True","Archive-style filename","False","False","","1","","Archive-style filename retained pending runtime validation","Retain"
"Accounts/Reports/testsql.rpt","True","9e32a60aafdc23139d49a870bf11ba59174d8de0","1611776","testsql.rpt","False","","False","False","","1","","No static reference found; retained because reports are loaded dynamically","Retain"
"Accounts/Reports/Total Output VAT Report (Summary) Test.rpt","True","b888b067f8caa2c9be47e48338cb443fa2ca9e3c","1658880","Total Output VAT Report (Summary) Test.rpt","True","Archive-style filename","False","False","","1","","Archive-style filename retained pending runtime validation","Retain"
"Accounts/Reports/Total Output VAT Report (Summary).rpt","True","dcf9946cecd1c09d338177740d5b66b0995985ef","1658880","Total Output VAT Report (Summary).rpt","False","","False","False","","1","","No static reference found; retained because reports are loaded dynamically","Retain"
"Accounts/Reports/Total Purchases Report (Summary).rpt","True","1efa8f00cdc595c2c379224e3dbf498a7fa8cbd5","1598464","Total Purchases Report (Summary).rpt","False","","False","False","","1","","No static reference found; retained because reports are loaded dynamically","Retain"
"Accounts/Reports/Transaction Summary Report Error.rpt","True","8f9298a9da3bca5649bc9a03d6013fff2bf5155b","1598976","Transaction Summary Report Error.rpt","False","","False","False","","1","","No static reference found; retained because reports are loaded dynamically","Retain"
"Accounts/Reports/Transaction Summary Report.rpt","True","85080218eeda2e1fcc59ebc6ef3d0d17e76bd99d","1600512","Transaction Summary Report.rpt","False","","True","True","Accounts/PresentationLayer/Views/Forms/Reports/TransactionSummary.vb:43; Accounts/Accounts.vbproj:3052","1","","Protected by static or project reference","Retain"
"Accounts/Reports/Transaction Summary Report2.rpt","True","b6aa04d517ab57b3630749a101f107fb63f9e4dc","1659904","Transaction Summary Report2.rpt","False","","False","False","","1","","No static reference found; retained because reports are loaded dynamically","Retain"
"Accounts/Reports/Transaction Summary Report3.rpt","True","a9d2630620da4983c57e433b5d41417bf5a7e056","1598976","Transaction Summary Report3.rpt","False","","False","False","","1","","No static reference found; retained because reports are loaded dynamically","Retain"
"Accounts/Reports/Trial Balance Closing 2.rpt","True","d8e6f76bdaf489e76674d539f6c0441495061f45","2829824","Trial Balance Closing 2.rpt","False","","False","False","","1","","No static reference found; retained because reports are loaded dynamically","Retain"
"Accounts/Reports/Trial Balance Closing Original.rpt","True","24edcf84ed830146541e7805dd24e3ad3b5374ac","2830848","Trial Balance Closing Original.rpt","True","Archive-style filename","False","False","","1","","Archive-style filename retained pending runtime validation","Retain"
"Accounts/Reports/Trial Balance Closing Test.rpt","True","948d4c9f566d9783f9b4932c4f2a7415c617c219","2800128","Trial Balance Closing Test.rpt","True","Archive-style filename","False","False","","1","","Archive-style filename retained pending runtime validation","Retain"
"Accounts/Reports/Trial Balance Closing.rpt","True","a38469a6916cce69e1e0bbb40e1e13d92a36f523","2805248","Trial Balance Closing.rpt","False","","False","True","Accounts/PresentationLayer/Presenters/FinancialReportPresenter.vb:66","1","","Protected by static or project reference","Retain"
"Accounts/Reports/Trial Balance Test.rpt","True","e1d0a40e6905614becf2adbc3a2aa535d16d2e64","2018304","Trial Balance Test.rpt","True","Archive-style filename","False","False","","1","","Archive-style filename retained pending runtime validation","Retain"
"Accounts/Reports/Trial Balance.rpt","True","2dc2c60be0bc04e6fc7f3c6da9f5389104c65fd6","2017280","Trial Balance.rpt","False","","True","True","Accounts/Reports/Trial Balance.vb:30; Accounts/PresentationLayer/Presenters/FinancialReportPresenter.vb:43; Accounts/Accounts.vbproj:2070; Accounts/Accounts.vbproj:2846","1","","Protected by static or project reference","Retain"
"Accounts/Reports/Trial BalanceTest.rpt","True","fbc4b41cd5b769a20c66cd532aa5abb0285257ef","7755","Trial BalanceTest.rpt","True","Archive-style filename","False","False","","1","","Archive-style filename retained pending runtime validation","Retain"
"Accounts/Reports/VAT/01-Revenue Sale Vat Report Summary Old.rpt","True","17129e1ed4a788927660b6120b598760575f37b8","12272128","01-Revenue Sale Vat Report Summary Old.rpt","True","Archive-style filename","False","False","","2","Accounts/Reports/VAT/01-Revenue Sale Vat Report Summary.rpt","Unreferenced exact duplicate with archive-style name/path","QuarantineExactDuplicate"
"Accounts/Reports/VAT/01-Revenue Sale Vat Report Summary Orignal Credit Only.rpt","True","15978ecb4f42313c7078b5ccf776dea1fd82248d","12272640","01-Revenue Sale Vat Report Summary Orignal Credit Only.rpt","False","","False","False","","1","","No static reference found; retained because reports are loaded dynamically","Retain"
"Accounts/Reports/VAT/01-Revenue Sale Vat Report Summary Orignal.rpt","True","c70b731fc4ba3342aa9aef84526153aa408077b4","12274176","01-Revenue Sale Vat Report Summary Orignal.rpt","False","","False","False","","1","","No static reference found; retained because reports are loaded dynamically","Retain"
"Accounts/Reports/VAT/01-Revenue Sale Vat Report Summary test.rpt","True","01bef085442ffbfac2ae2063eef7d833815f4178","12271616","01-Revenue Sale Vat Report Summary test.rpt","True","Archive-style filename","False","False","","1","","Archive-style filename retained pending runtime validation","Retain"
"Accounts/Reports/VAT/01-Revenue Sale Vat Report Summary.rpt","True","17129e1ed4a788927660b6120b598760575f37b8","12272128","01-Revenue Sale Vat Report Summary.rpt","False","","False","False","","2","Accounts/Reports/VAT/01-Revenue Sale Vat Report Summary.rpt","Canonical copy retained for exact duplicate group","Retain"
"Accounts/Reports/VAT/02-Total Purchases Report (Detailed).rpt","True","4ccaeeb8d4bafd21632854817045dc296c82df96","1707008","02-Total Purchases Report (Detailed).rpt","False","","False","False","","1","","No static reference found; retained because reports are loaded dynamically","Retain"
"Accounts/Reports/VAT/02-Total Purchases Report (Summary).rpt","True","d5ea1e0fe3fe4c4b3a34f8c37609445d6d657962","1683456","02-Total Purchases Report (Summary).rpt","False","","False","False","","1","","No static reference found; retained because reports are loaded dynamically","Retain"
"Accounts/Reports/VAT/03-Total Output VAT Report (Detailed).rpt","True","298fe831eec3f6fb84c8c06bb5ecd922ef54dd2a","1658880","03-Total Output VAT Report (Detailed).rpt","False","","False","False","","1","","No static reference found; retained because reports are loaded dynamically","Retain"
"Accounts/Reports/VAT/03-Total Output VAT Report (Summary).rpt","True","3391b278c79794fbc4ea412ae9d1d18f69bd398a","1659904","03-Total Output VAT Report (Summary).rpt","False","","False","False","","1","","No static reference found; retained because reports are loaded dynamically","Retain"
"Accounts/Reports/VAT/Daily Sales & Vat Report.rpt","True","5cab7a20aca5af5721c9d5aca7f71917fb9bae7c","12271104","Daily Sales & Vat Report.rpt","False","","False","False","","1","","No static reference found; retained because reports are loaded dynamically","Retain"
"Accounts/Reports/VAT/Daily Sales Repor Clinic Onlyt.rpt","True","64ae7ac5bad5bb9ab57b0cc4bb2a69b25ea09a34","12271616","Daily Sales Repor Clinic Onlyt.rpt","False","","False","False","","1","","No static reference found; retained because reports are loaded dynamically","Retain"
"Accounts/Reports/VAT/Daily Sales Report Clinic Per Month.rpt","True","4e170fd0311f63021948342b971d55b18cbe3e27","12271616","Daily Sales Report Clinic Per Month.rpt","False","","False","False","","1","","No static reference found; retained because reports are loaded dynamically","Retain"
"Accounts/Reports/VAT/Daily Sales Report Pharmacy Per Month.rpt","True","8fe96d6ba20cb0ed4cc8d185f85e261c8c207ded","12271616","Daily Sales Report Pharmacy Per Month.rpt","False","","False","False","","1","","No static reference found; retained because reports are loaded dynamically","Retain"
"Accounts/Reports/VAT/Daily Sales Report PharmacyPer Month.rpt","True","ad0b32c4ca9816e638ad06fed364311566aa2c79","12271616","Daily Sales Report PharmacyPer Month.rpt","False","","False","False","","1","","No static reference found; retained because reports are loaded dynamically","Retain"
"Accounts/Reports/VAT/Daily Sales Report.rpt","True","f0080f8011fdf9a755c9522744f9ea9c1385299e","12271104","Daily Sales Report.rpt","False","","False","False","","1","","No static reference found; retained because reports are loaded dynamically","Retain"
"Accounts/Reports/VAT/Sub-Reports/Daily Simplified Combined Total Income & Vat Summary Report All.rpt","True","75f9ac8bf6b7ce6e77f11dff7fae0c0fe8a2039f","54784","Daily Simplified Combined Total Income & Vat Summary Report All.rpt","False","","False","False","","1","","No static reference found; retained because reports are loaded dynamically","Retain"
"Accounts/Reports/VAT/Sub-Reports/Revenue Per Doctor Per Service.rpt","True","2614059815e5a9e770434f641b8c039a631ce021","12273664","Revenue Per Doctor Per Service.rpt","False","","False","False","","1","","No static reference found; retained because reports are loaded dynamically","Retain"
"Accounts/Reports/VAT/Sub-Reports/Revenue Sale Vat Report Summary By Doctor.rpt","True","006fdcdd3c3f52b5211ba4433aa92690024b8c7d","12272128","Revenue Sale Vat Report Summary By Doctor.rpt","False","","False","False","","1","","No static reference found; retained because reports are loaded dynamically","Retain"
"Accounts/Reports/VAT/Sub-Reports/Total Purchases Repor Detailed.rpt","True","56259545c52e5132da6da03cb19752cd0c2f4404","1685504","Total Purchases Repor Detailed.rpt","False","","False","False","","1","","No static reference found; retained because reports are loaded dynamically","Retain"
"IGroup/Report/BarcodePharmacy.rpt","True","df0a1d13afff12b131409bc89d0ae0f13c27cb89","13824","BarcodePharmacy.rpt","False","","False","True","Accounts/Reports/IGroup/BarcodePharmacy.vb:30; Accounts/PresentationLayer/Views/Forms/MainForm.vb:1137; Accounts/Accounts.vbproj:1794; Accounts/Accounts.vbproj:2662","1","","Protected by static or project reference","Retain"
"IGroup/Report/Inventory Report/Inventory Report for Clinic for a given month end Test.rpt","True","8b088bf642ea228c75cefc8acf25e1dbc6be14a5","89600","Inventory Report for Clinic for a given month end Test.rpt","True","Archive-style filename","False","False","","1","","Archive-style filename retained pending runtime validation","Retain"
"IGroup/Report/Inventory Report/Inventory Report for Clinic for a given month end.rpt","True","361570272989b5e3833516d8440753cb54f3e369","91648","Inventory Report for Clinic for a given month end.rpt","False","","False","False","","1","","No static reference found; retained because reports are loaded dynamically","Retain"
"IGroup/Report/SupplierWisePurchaseHistory.rpt","True","8f36e9cba4352c4892740119468b9db04f11b97a","87040","SupplierWisePurchaseHistory.rpt","False","","False","False","","1","","No static reference found; retained because reports are loaded dynamically","Retain"
"IGroup/Reports/09-Clinic Total Purchases Report (AP) New Arabic.rpt","True","01f2380f4aae28ae3551a19980c6065bc969d72c","834560","09-Clinic Total Purchases Report (AP) New Arabic.rpt","False","","False","False","","2","IGroup/Reports/09-Clinic Total Purchases Report (AP) New Arabic.rpt","Canonical copy retained for exact duplicate group","Retain"
"IGroup/Reports/4thQtrPurchase.rpt","True","2bb6b864d170be4d37e631bcd5706e96a6899fb9","833536","4thQtrPurchase.rpt","False","","False","False","","2","IGroup/Reports/4thQtrPurchase.rpt","Canonical copy retained for exact duplicate group","Retain"
"IGroup/Reports/AccBalanceSheet.rpt","True","43432b86b74c9d3c9460cd2644a3071050ad5de3","49664","AccBalanceSheet.rpt","False","","False","False","","3","IGroup/Reports/AccBalanceSheet.rpt","Canonical copy retained for exact duplicate group","Retain"
"IGroup/Reports/Accounts/Balance Sheet Arabic Monthly.rpt","True","eebd7575ab20af76a93604724330c03cef92dc5b","1288192","Balance Sheet Arabic Monthly.rpt","False","","False","False","","2","IGroup/Reports/Accounts/Balance Sheet Arabic Monthly.rpt","Canonical copy retained for exact duplicate group","Retain"
"IGroup/Reports/Accounts/Balance Sheet Arabic Yearly.rpt","True","2833b3b154d2dcc8fb975423c3116f8f79328748","1373696","Balance Sheet Arabic Yearly.rpt","False","","False","False","","2","IGroup/Reports/Accounts/Balance Sheet Arabic Yearly.rpt","Canonical copy retained for exact duplicate group","Retain"
"IGroup/Reports/Accounts/Cash Disbursement Journal.rpt","True","66f75a353ff378d806972686dd9fba9d13001b2a","825856","Cash Disbursement Journal.rpt","False","","False","True","Accounts/Reports/Cash Disbursement Journal.vb:30; Accounts/PresentationLayer/Presenters/DisbursementJournalPresenter.vb:396; Accounts/Accounts.vbproj:1632; Accounts/Accounts.vbproj:2554","2","IGroup/Reports/Accounts/Cash Disbursement Journal.rpt","Protected by static or project reference","Retain"
"IGroup/Reports/Accounts/General Journal.rpt","True","dbaf5caee1b9e48acbc418f7a9c121b8aa5005b9","825856","General Journal.rpt","False","","False","True","Accounts/Reports/General Journal.vb:30; Accounts/PresentationLayer/Presenters/GeneralJournalPresenter.vb:79; Accounts/Accounts.vbproj:1764; Accounts/Accounts.vbproj:2642","2","IGroup/Reports/Accounts/General Journal.rpt","Protected by static or project reference","Retain"
"IGroup/Reports/Accounts/Income Statement Arabic Monthly.rpt","True","8e065b171366ccb23e28e179a8bf7c458480a610","861184","Income Statement Arabic Monthly.rpt","False","","False","False","","2","IGroup/Reports/Accounts/Income Statement Arabic Monthly.rpt","Canonical copy retained for exact duplicate group","Retain"
"IGroup/Reports/Accounts/Income Statement Arabic Yearly.rpt","True","2b1f4a14008524b99a28cec0e67cc3871084d4f0","1015808","Income Statement Arabic Yearly.rpt","False","","False","False","","2","IGroup/Reports/Accounts/Income Statement Arabic Yearly.rpt","Canonical copy retained for exact duplicate group","Retain"
"IGroup/Reports/Accounts/Income Statement Arabic.rpt","True","0432d026bafdfa413ee9c866c68e9cb42907fb12","1031680","Income Statement Arabic.rpt","False","","False","False","","2","IGroup/Reports/Accounts/Income Statement Arabic.rpt","Canonical copy retained for exact duplicate group","Retain"
"IGroup/Reports/Accounts/Report1.rpt","True","bc0bd362fef0e02f993112fbdc94757d7e197b57","481280","Report1.rpt","False","","False","False","","2","IGroup/Reports/Accounts/Report1.rpt","Canonical copy retained for exact duplicate group","Retain"
"IGroup/Reports/Accounts/Statement of Accounts Payable.rpt","True","034db99379e1ea3b6537dae1170536dc7e34f5fa","841728","Statement of Accounts Payable.rpt","False","","False","True","Accounts/Reports/Statement of Accounts Payable.vb:30; Accounts/PresentationLayer/Presenters/ReportPresenter.vb:76; Accounts/PresentationLayer/Presenters/ApArEmReportPresenter.vb:47; Accounts/Accounts.vbproj:2016; Accounts/Accounts.vbproj:2810","2","IGroup/Reports/Accounts/Statement of Accounts Payable.rpt","Protected by static or project reference","Retain"
"IGroup/Reports/Accounts/Summary of Accounts Payables.rpt","True","b0cc6f8684dd88b65b633d7da5c645a459422c8a","974336","Summary of Accounts Payables.rpt","False","","False","False","","2","IGroup/Reports/Accounts/Summary of Accounts Payables.rpt","Canonical copy retained for exact duplicate group","Retain"
"IGroup/Reports/Accounts/Summary of Accounts Receivable.rpt","True","b36114763074316cacb2c0f990b927a7f72a28b0","931328","Summary of Accounts Receivable.rpt","False","","False","True","Accounts/Reports/Summary of Accounts Receivable.vb:30; Accounts/PresentationLayer/Presenters/FinancialReportPresenter.vb:52; Accounts/Accounts.vbproj:2058; Accounts/Accounts.vbproj:2838","2","IGroup/Reports/Accounts/Summary of Accounts Receivable.rpt","Protected by static or project reference","Retain"
"IGroup/Reports/Accounts/Trial Balance Arabic Monthly.rpt","True","4194c1db27ffaa0b3c19d12c9968da544486295a","1303040","Trial Balance Arabic Monthly.rpt","False","","False","False","","2","IGroup/Reports/Accounts/Trial Balance Arabic Monthly.rpt","Canonical copy retained for exact duplicate group","Retain"
"IGroup/Reports/Accounts/Trial Balance Arabic Yearly.rpt","True","d454d80be9368abf657c4772104977e8cce6bb87","1302528","Trial Balance Arabic Yearly.rpt","False","","False","False","","2","IGroup/Reports/Accounts/Trial Balance Arabic Yearly.rpt","Canonical copy retained for exact duplicate group","Retain"
"IGroup/Reports/Accounts/Trial Balance Arabic.rpt","True","38eaebc36262d58333937719968cd4b985255d5d","1266688","Trial Balance Arabic.rpt","False","","False","False","","2","IGroup/Reports/Accounts/Trial Balance Arabic.rpt","Canonical copy retained for exact duplicate group","Retain"
"IGroup/Reports/Accounts/Trial Balance.rpt","True","98365bd2903160528558fe715e0d6f94681ea64f","830976","Trial Balance.rpt","False","","False","True","Accounts/Reports/Trial Balance.vb:30; Accounts/PresentationLayer/Presenters/FinancialReportPresenter.vb:43; Accounts/Accounts.vbproj:2070; Accounts/Accounts.vbproj:2846","2","IGroup/Reports/Accounts/Trial Balance.rpt","Protected by static or project reference","Retain"
"IGroup/Reports/AccountsGroupList.rpt","True","abef2dce3ea86b27292d8243b26ad7e44c190421","48128","AccountsGroupList.rpt","False","","False","False","","5","IGroup/Reports/AccountsGroupList.rpt","Canonical copy retained for exact duplicate group","Retain"
"IGroup/Reports/AccountsIncomeExpenses.rpt","True","906414ec8f6871d63bfa5b60be48a16769ddea41","49152","AccountsIncomeExpenses.rpt","False","","False","False","","3","IGroup/Reports/AccountsIncomeExpenses.rpt","Canonical copy retained for exact duplicate group","Retain"
"IGroup/Reports/AccountsJournal.rpt","True","df669bf9b09bf9e04e840ef17f25c31f868080ff","48128","AccountsJournal.rpt","False","","False","False","","5","IGroup/Reports/AccountsJournal.rpt","Canonical copy retained for exact duplicate group","Retain"
"IGroup/Reports/AccountsLedger.rpt","True","525ebe75c77839d8d1e1288cd9dbbae3f9d94ddf","49152","AccountsLedger.rpt","False","","False","False","","5","IGroup/Reports/AccountsLedger.rpt","Canonical copy retained for exact duplicate group","Retain"
"IGroup/Reports/AccountsLedgerSummary.rpt","True","8ca6d3d7c392f4bad56df42d194f20509207fa02","1162240","AccountsLedgerSummary.rpt","False","","False","False","","3","IGroup/Reports/AccountsLedgerSummary.rpt","Canonical copy retained for exact duplicate group","Retain"
"IGroup/Reports/AccountsOpeningBalance.rpt","True","be70947add48649cf9c13d97ba4b722dc5880b3a","48128","AccountsOpeningBalance.rpt","False","","False","False","","5","IGroup/Reports/AccountsOpeningBalance.rpt","Canonical copy retained for exact duplicate group","Retain"
"IGroup/Reports/AccountsPnL.rpt","True","0c582bcd990ab7df138840534427e580669921fc","48128","AccountsPnL.rpt","False","","False","False","","3","IGroup/Reports/AccountsPnL.rpt","Canonical copy retained for exact duplicate group","Retain"
"IGroup/Reports/AccountsVoucherType.rpt","True","f6ed868bbd67746f96e7b6b4533d2ad23e3a100e","47616","AccountsVoucherType.rpt","False","","False","False","","5","IGroup/Reports/AccountsVoucherType.rpt","Canonical copy retained for exact duplicate group","Retain"
"IGroup/Reports/ACCTrialBalanceNew.rpt","True","3a12390b748d7626c7c22d39b3fc4b446836610a","51200","ACCTrialBalanceNew.rpt","False","","False","False","","5","IGroup/Reports/ACCTrialBalanceNew.rpt","Canonical copy retained for exact duplicate group","Retain"
"IGroup/Reports/AgeingSummary.rpt","True","a2b4738a5d313002157d0cb4b10cedfde0e51343","49152","AgeingSummary.rpt","False","","False","False","","3","IGroup/Reports/AgeingSummary.rpt","Canonical copy retained for exact duplicate group","Retain"
"IGroup/Reports/BarcodeLabSample.rpt","True","2a475b89504829d12517cf0cde22ee5ac863a824","16384","BarcodeLabSample.rpt","False","","False","False","","1","","No static reference found; retained because reports are loaded dynamically","Retain"
"IGroup/Reports/BarcodeLabSamplePrinting.rpt","True","5ead0606e0da5112e69a03f31c3e7bc7641ec415","17408","BarcodeLabSamplePrinting.rpt","False","","False","False","","1","","No static reference found; retained because reports are loaded dynamically","Retain"
"IGroup/Reports/BarcodePharmacy.rpt","True","89a530c62cf6dff095a00fe042e80b029cf6b8f9","13824","BarcodePharmacy.rpt","False","","False","True","Accounts/Reports/IGroup/BarcodePharmacy.vb:30; Accounts/PresentationLayer/Views/Forms/MainForm.vb:1137; Accounts/Accounts.vbproj:1794; Accounts/Accounts.vbproj:2662","1","","Protected by static or project reference","Retain"
"IGroup/Reports/BestInventoryReport.rpt","True","e303e0c0b871a317642aad49cdba5a1b18561220","15872","BestInventoryReport.rpt","False","","False","False","","3","IGroup/Reports/BestInventoryReport.rpt","Canonical copy retained for exact duplicate group","Retain"
"IGroup/Reports/BestQtySoldPieGraph.rpt","True","785c25c14ffa07e447a546819bfbc1592ee64f95","57856","BestQtySoldPieGraph.rpt","False","","False","False","","5","IGroup/Reports/BestQtySoldPieGraph.rpt","Canonical copy retained for exact duplicate group","Retain"
"IGroup/Reports/Cash Income Summary per Cost Center Clinic Only.rpt","True","4f688318dd5f1bcf35ed5c50744b60c1eb20ed9a","226816","Cash Income Summary per Cost Center Clinic Only.rpt","False","","False","False","","2","IGroup/Reports/Cash Income Summary per Cost Center Clinic Only.rpt","Canonical copy retained for exact duplicate group","Retain"
"IGroup/Reports/Clinic Inventory Report for a given date.rpt","True","fec57a9d7432698885e8dea0e4015f039955a303","110080","Clinic Inventory Report for a given date.rpt","False","","False","False","","2","IGroup/Reports/Clinic Inventory Report for a given date.rpt","Canonical copy retained for exact duplicate group","Retain"
"IGroup/Reports/ClinicBillPrint.rpt","True","f2cf5125344f832478a7f20f7ea60b2d0b112882","12831744","ClinicBillPrint.rpt","False","","False","False","","1","","No static reference found; retained because reports are loaded dynamically","Retain"
"IGroup/Reports/ClinicBillPrintArabic.rpt","True","b5e11018b69dfc7ff659db3e94ccc7b7a261ab95","188928","ClinicBillPrintArabic.rpt","False","","False","False","","2","IGroup/Reports/ClinicBillPrintArabic.rpt","Canonical copy retained for exact duplicate group","Retain"
"IGroup/Reports/ClinicBillPrintArabicMontlyTotal.rpt","True","f65a3f9d9d1df834d15b2f5738b965357b260b1b","186880","ClinicBillPrintArabicMontlyTotal.rpt","False","","False","False","","2","IGroup/Reports/ClinicBillPrintArabicMontlyTotal.rpt","Canonical copy retained for exact duplicate group","Retain"
"IGroup/Reports/ClinicBillPrintDC.rpt","True","bb212f07219bcfa63647ea99cc2c28202f2ae6a3","12447232","ClinicBillPrintDC.rpt","False","","False","False","","1","","No static reference found; retained because reports are loaded dynamically","Retain"
"IGroup/Reports/ClinicBillPrintTest.rpt","True","031cc022a170b88cbe4da6e731fb347cac1d2262","12833280","ClinicBillPrintTest.rpt","True","Archive-style filename","False","False","","1","","Archive-style filename retained pending runtime validation","Retain"
"IGroup/Reports/ClinicBillPrintx.rpt","True","91c7077b92980bd5d4bbd3438bff4042ed1b8f37","14848","ClinicBillPrintx.rpt","False","","False","False","","6","IGroup/Reports/ClinicBillPrintx.rpt","Canonical copy retained for exact duplicate group","Retain"
"IGroup/Reports/ClinicBillPrintxxxx.rpt","True","0e262cb2b0083f61c15b793ab89d6caa2557c63e","16384","ClinicBillPrintxxxx.rpt","False","","False","False","","5","IGroup/Reports/ClinicBillPrintxxxx.rpt","Canonical copy retained for exact duplicate group","Retain"
"IGroup/Reports/ClinicBillPrintZebra.rpt","True","8577750778eee4070c87c78d43a7be7451ac1ff3","18432","ClinicBillPrintZebra.rpt","False","","False","False","","2","IGroup/Reports/ClinicBillPrintZebra.rpt","Canonical copy retained for exact duplicate group","Retain"
"IGroup/Reports/ClinicCreditStatement.rpt","True","8212b7ed0d69a0350c78398d7f5b87713354059c","55296","ClinicCreditStatement.rpt","False","","False","False","","4","IGroup/Reports/ClinicCreditStatement.rpt","Canonical copy retained for exact duplicate group","Retain"
"IGroup/Reports/ClinicDailyCreditInvoice.rpt","True","7b596a1e72fc023147f14c37bf84cef62f12c0d0","53248","ClinicDailyCreditInvoice.rpt","False","","False","False","","2","IGroup/Reports/ClinicDailyCreditInvoice.rpt","Canonical copy retained for exact duplicate group","Retain"
"IGroup/Reports/ClinicDailyInvoiceSummaryDoctorWise.rpt","True","0174425d7d13c25c7e890c69d0e53bf8fc3155d1","16896","ClinicDailyInvoiceSummaryDoctorWise.rpt","False","","False","False","","5","IGroup/Reports/ClinicDailyInvoiceSummaryDoctorWise.rpt","Canonical copy retained for exact duplicate group","Retain"
"IGroup/Reports/ClinicDailyReceptionDoctorWise.rpt","True","e65a7cf009ca7be8ee9f105f15875477c1ccc8fb","51200","ClinicDailyReceptionDoctorWise.rpt","False","","False","False","","7","IGroup/Reports/ClinicDailyReceptionDoctorWise.rpt","Canonical copy retained for exact duplicate group","Retain"
"IGroup/Reports/ClinicDailyReceptionInvoice.rpt","True","8212b7ed0d69a0350c78398d7f5b87713354059c","55296","ClinicDailyReceptionInvoice.rpt","False","","False","False","","4","IGroup/Reports/ClinicCreditStatement.rpt","Exact duplicate retained pending filename/path validation","Retain"
"IGroup/Reports/ClinicDailyReceptionInvoiceIQAMA.rpt","True","05c7de88d51adad7644b19563e94ff251fe32078","19456","ClinicDailyReceptionInvoiceIQAMA.rpt","False","","False","False","","5","IGroup/Reports/ClinicDailyReceptionInvoiceIQAMA.rpt","Canonical copy retained for exact duplicate group","Retain"
"IGroup/Reports/ClinicDailyReceptionInvoiceNew.rpt","True","e13bccbb64781e4c1fef496d5cc8f6e061113afa","55808","ClinicDailyReceptionInvoiceNew.rpt","False","","False","False","","3","IGroup/Reports/ClinicDailyReceptionInvoiceNew.rpt","Canonical copy retained for exact duplicate group","Retain"
"IGroup/Reports/ClinicDailyReceptionInvoiceOld.rpt","True","0b87796f5d5b370b10aa4f1086c2f0a30a170864","53760","ClinicDailyReceptionInvoiceOld.rpt","True","Archive-style filename","False","False","","3","IGroup/Reports/ClinicDailyReceptionInvoiceOld.rpt","Canonical copy retained for exact duplicate group","Retain"
"IGroup/Reports/ClinicDailyReceptionInvoicePerDay.rpt","True","70c2d1e527f307e2eff7a0617cdd6b9d8835a483","53760","ClinicDailyReceptionInvoicePerDay.rpt","False","","False","False","","3","IGroup/Reports/ClinicDailyReceptionInvoicePerDay.rpt","Canonical copy retained for exact duplicate group","Retain"
"IGroup/Reports/ClinicDailyReceptionInvoiceSummary.rpt","True","e9f3a43575ec66b3f30f0cef4568f6629424fb7b","56832","ClinicDailyReceptionInvoiceSummary.rpt","False","","False","False","","3","IGroup/Reports/ClinicDailyReceptionInvoiceSummary.rpt","Canonical copy retained for exact duplicate group","Retain"
"IGroup/Reports/ClinicDailyReceptionUserWise.rpt","True","3fe6377f182453034dbc32db30db98a0a94536ae","52736","ClinicDailyReceptionUserWise.rpt","False","","False","False","","6","IGroup/Reports/ClinicDailyReceptionUserWise.rpt","Canonical copy retained for exact duplicate group","Retain"
"IGroup/Reports/ClinicDailyReceptionUserWise3.rpt","True","94c6292fcbea32fda99ad37401ebcf9ed7350c1e","54784","ClinicDailyReceptionUserWise3.rpt","False","","False","False","","7","IGroup/Reports/ClinicDailyReceptionUserWise3.rpt","Canonical copy retained for exact duplicate group","Retain"
"IGroup/Reports/ClinicDailyReceptionUserWiseNew.rpt","True","dc390381632b268fa60e4331b87775df10257fa3","51200","ClinicDailyReceptionUserWiseNew.rpt","False","","False","False","","4","IGroup/Reports/ClinicDailyReceptionUserWiseNew.rpt","Canonical copy retained for exact duplicate group","Retain"
"IGroup/Reports/ClinicDateWiseSummaryStatement.rpt","True","e3dfaba698f48c70a3913ef889d4325b233fc10e","49664","ClinicDateWiseSummaryStatement.rpt","False","","False","False","","6","IGroup/Reports/ClinicDateWiseSummaryStatement.rpt","Canonical copy retained for exact duplicate group","Retain"
"IGroup/Reports/ClinicDateWiseVATStatement.rpt","True","f1c314ba93ef8bda3a9471ccb2edeffcbcfe2d9e","50688","ClinicDateWiseVATStatement.rpt","False","","False","False","","2","IGroup/Reports/ClinicDateWiseVATStatement.rpt","Canonical copy retained for exact duplicate group","Retain"
"IGroup/Reports/ClinicDoctorWise Per Service.rpt","True","b281551a5acdf96621a40444ea72b176118e2b1b","51200","ClinicDoctorWise Per Service.rpt","False","","False","False","","2","IGroup/Reports/ClinicDoctorWise Per Service.rpt","Canonical copy retained for exact duplicate group","Retain"
"IGroup/Reports/ClinicDoctorWiseTimeFrame Original Copy.rpt","True","f3ba53fe602280ecc398a569d80e4dd6e4a1c90a","52224","ClinicDoctorWiseTimeFrame Original Copy.rpt","True","Archive-style filename","False","False","","2","IGroup/Reports/ClinicDoctorWiseTimeFrame Original Copy.rpt","Canonical copy retained for exact duplicate group","Retain"
"IGroup/Reports/ClinicDoctorWiseTimeFrame.rpt","True","9856fb42fc65ef4229c9089896df489f7b79374d","52224","ClinicDoctorWiseTimeFrame.rpt","False","","False","False","","2","IGroup/Reports/ClinicDoctorWiseTimeFrame.rpt","Canonical copy retained for exact duplicate group","Retain"
"IGroup/Reports/ClinicDoctorWiseTimeFrame2.rpt","True","b5fe86b0c42600af0675e430df6fd75631a421f1","54272","ClinicDoctorWiseTimeFrame2.rpt","False","","False","False","","2","IGroup/Reports/ClinicDoctorWiseTimeFrame2.rpt","Canonical copy retained for exact duplicate group","Retain"
"IGroup/Reports/ClinicDoctorWiseTimeFrameOrig.rpt","True","d0b2e767ec0127c473587df166bf7562828e557b","54272","ClinicDoctorWiseTimeFrameOrig.rpt","False","","False","False","","2","IGroup/Reports/ClinicDoctorWiseTimeFrameOrig.rpt","Canonical copy retained for exact duplicate group","Retain"
"IGroup/Reports/ClinicDoctorWiseTimeFrameTrial.rpt","True","2f35d31ab3046ab91484666c1bbf25fd0be37e52","51712","ClinicDoctorWiseTimeFrameTrial.rpt","True","Archive-style filename","False","False","","2","IGroup/Reports/ClinicDoctorWiseTimeFrameTrial.rpt","Canonical copy retained for exact duplicate group","Retain"
"IGroup/Reports/ClinicIBCombinedUserWiseDetailedStatement.rpt","True","93fb07cb522dcef5570d3371d1bac5bd5528f5ce","52224","ClinicIBCombinedUserWiseDetailedStatement.rpt","False","","False","False","","3","IGroup/Reports/ClinicIBCombinedUserWiseDetailedStatement.rpt","Canonical copy retained for exact duplicate group","Retain"
"IGroup/Reports/ClinicIBCombinedUserWiseSummary.rpt","True","3058756bd91b3c69673bb1c63b00df0248dc3d2a","52224","ClinicIBCombinedUserWiseSummary.rpt","False","","False","False","","3","IGroup/Reports/ClinicIBCombinedUserWiseSummary.rpt","Canonical copy retained for exact duplicate group","Retain"
"IGroup/Reports/ClinicIBCombinedUserWiseSummaryTest.rpt","True","e002ab191b7e3f8a6d68ab52f5904ec89577e198","54272","ClinicIBCombinedUserWiseSummaryTest.rpt","True","Archive-style filename","False","False","","1","","Archive-style filename retained pending runtime validation","Retain"
"IGroup/Reports/ClinicInvoiceWiseVATSummaryStatement.rpt","True","0aeee2e7017f0e65a29f29cade4a5cdd06ccfd0f","51712","ClinicInvoiceWiseVATSummaryStatement.rpt","False","","False","False","","2","IGroup/Reports/ClinicInvoiceWiseVATSummaryStatement.rpt","Canonical copy retained for exact duplicate group","Retain"
"IGroup/Reports/ClinicInvoiceWiseVATSummaryStatementNew.rpt","True","258a299c3f23e12ac32a874f3d820443622b7f32","53760","ClinicInvoiceWiseVATSummaryStatementNew.rpt","False","","False","False","","2","IGroup/Reports/ClinicInvoiceWiseVATSummaryStatementNew.rpt","Canonical copy retained for exact duplicate group","Retain"
"IGroup/Reports/ClinicPatientProfile.rpt","True","1a31eaecbb0e0d316483df619c746106c6296aeb","53248","ClinicPatientProfile.rpt","False","","False","False","","1","","No static reference found; retained because reports are loaded dynamically","Retain"
"IGroup/Reports/ClinicReceptionCollection.rpt","True","8d6a00486004acfdfdb3d2857ee2426094f24ed7","53760","ClinicReceptionCollection.rpt","False","","False","False","","5","IGroup/Reports/ClinicReceptionCollection.rpt","Canonical copy retained for exact duplicate group","Retain"
"IGroup/Reports/ClinicServiceWiseSalesHistory.rpt","True","e1abceec3fe00f04eeefa49e5e9f3320433cd8a7","140800","ClinicServiceWiseSalesHistory.rpt","False","","False","False","","1","","No static reference found; retained because reports are loaded dynamically","Retain"
"IGroup/Reports/ClinicServiceWiseSummary.rpt","True","3d91d078858fb3aecf4a5104b18f0c3f9234063f","15360","ClinicServiceWiseSummary.rpt","False","","False","False","","5","IGroup/Reports/ClinicServiceWiseSummary.rpt","Canonical copy retained for exact duplicate group","Retain"
"IGroup/Reports/Combined Income Report.rpt","True","5d1ea86c08ebb2433d395bde7d1feaddf99409f0","91136","Combined Income Report.rpt","False","","False","False","","3","IGroup/Reports/Combined Income Report.rpt","Canonical copy retained for exact duplicate group","Retain"
"IGroup/Reports/Combined Income Summary per Cost Center Clinic Only.rpt","True","c580d786fb6b194f4c18fd23a7383355b10a267c","53760","Combined Income Summary per Cost Center Clinic Only.rpt","False","","False","False","","2","IGroup/Reports/Combined Income Summary per Cost Center Clinic Only.rpt","Canonical copy retained for exact duplicate group","Retain"
"IGroup/Reports/Combined Income Summary per Cost Center New withot Pharmacy.rpt","True","e048acd1be30e907311d94c8f7ffcd230eb7aa4b","54784","Combined Income Summary per Cost Center New withot Pharmacy.rpt","False","","False","False","","2","IGroup/Reports/Combined Income Summary per Cost Center New withot Pharmacy.rpt","Canonical copy retained for exact duplicate group","Retain"
"IGroup/Reports/Combined Income Summary per Cost Center.rpt","True","19d0482488862b44d8430635f7b6a2fa6906524a","54784","Combined Income Summary per Cost Center.rpt","False","","False","False","","2","IGroup/Reports/Combined Income Summary per Cost Center.rpt","Canonical copy retained for exact duplicate group","Retain"
"IGroup/Reports/Combined Vat Summary Report Small Font per month Cash Only.rpt","True","df5eda50676cab724c00c3c9d299761954a855fa","53760","Combined Vat Summary Report Small Font per month Cash Only.rpt","False","","False","False","","2","IGroup/Reports/Combined Vat Summary Report Small Font per month Cash Only.rpt","Canonical copy retained for exact duplicate group","Retain"
"IGroup/Reports/Combined Vat Summary Report Small Font per month.rpt","True","85aecf20a3a8f33e58e4bfa1b8e005881a255776","51712","Combined Vat Summary Report Small Font per month.rpt","False","","False","False","","2","IGroup/Reports/Combined Vat Summary Report Small Font per month.rpt","Canonical copy retained for exact duplicate group","Retain"
"IGroup/Reports/Combined Vat Summary Report Small Font.rpt","True","deeb116d0760abf770eb86e19680c9b3f5513cf6","51200","Combined Vat Summary Report Small Font.rpt","False","","False","False","","2","IGroup/Reports/Combined Vat Summary Report Small Font.rpt","Canonical copy retained for exact duplicate group","Retain"
"IGroup/Reports/Combined Vat Summary Report.rpt","True","69f8f34113ee56aea1fe7a18279b539f66683348","51200","Combined Vat Summary Report.rpt","False","","False","False","","2","IGroup/Reports/Combined Vat Summary Report.rpt","Canonical copy retained for exact duplicate group","Retain"
"IGroup/Reports/CombinedISByDoctor.rpt","True","90431d5b7343ff7a21dd740745a6c47ee2f5e3fb","87552","CombinedISByDoctor.rpt","False","","False","False","","5","IGroup/Reports/CombinedISByDoctor.rpt","Canonical copy retained for exact duplicate group","Retain"
"IGroup/Reports/CombinedReportDateWise.rpt","True","a08f76c8498ec9f96721e60e39713d1c4cca8f5f","49152","CombinedReportDateWise.rpt","False","","False","False","","2","IGroup/Reports/CombinedReportDateWise.rpt","Canonical copy retained for exact duplicate group","Retain"
"IGroup/Reports/CombinedSummaryStatementDateWise Latest.rpt","True","56a87b496e14af22c81576ea4dab7f7807194822","57856","CombinedSummaryStatementDateWise Latest.rpt","True","Archive-style filename","False","False","","2","IGroup/Reports/CombinedSummaryStatementDateWise Latest.rpt","Canonical copy retained for exact duplicate group","Retain"
"IGroup/Reports/CombinedSummaryStatementDateWise New.rpt","True","3ed2f8711a87aff355a58c50be368dbbbde4e192","56320","CombinedSummaryStatementDateWise New.rpt","False","","False","False","","2","IGroup/Reports/CombinedSummaryStatementDateWise New.rpt","Canonical copy retained for exact duplicate group","Retain"
"IGroup/Reports/CombinedSummaryStatementDateWise Newer.rpt","True","a1e171bbcc74b0fd204c08c9c6538a23f92c6327","57856","CombinedSummaryStatementDateWise Newer.rpt","False","","False","False","","2","IGroup/Reports/CombinedSummaryStatementDateWise Newer.rpt","Canonical copy retained for exact duplicate group","Retain"
"IGroup/Reports/CombinedSummaryStatementDateWise Old.rpt","True","06a4933d0528008f871804b8b7b7762794f30b83","51712","CombinedSummaryStatementDateWise Old.rpt","True","Archive-style filename","False","False","","2","IGroup/Reports/CombinedSummaryStatementDateWise Old.rpt","Canonical copy retained for exact duplicate group","Retain"
"IGroup/Reports/CombinedSummaryStatementDateWise Orig.rpt","True","c109bcf753a960c240aee326286be322fd600977","51200","CombinedSummaryStatementDateWise Orig.rpt","False","","False","False","","2","IGroup/Reports/CombinedSummaryStatementDateWise Orig.rpt","Canonical copy retained for exact duplicate group","Retain"
"IGroup/Reports/CombinedSummaryStatementDateWise Summary Latest.rpt","True","97fd9576dd1c89d6592b6fca349f06b538969034","57856","CombinedSummaryStatementDateWise Summary Latest.rpt","True","Archive-style filename","False","False","","2","IGroup/Reports/CombinedSummaryStatementDateWise Summary Latest.rpt","Canonical copy retained for exact duplicate group","Retain"
"IGroup/Reports/CombinedSummaryStatementDateWise WITH ADJUSTMENT.rpt","True","cb2cf34f5dc584737d1f41147d5bd6f172f4be0b","49664","CombinedSummaryStatementDateWise WITH ADJUSTMENT.rpt","False","","False","False","","2","IGroup/Reports/CombinedSummaryStatementDateWise WITH ADJUSTMENT.rpt","Canonical copy retained for exact duplicate group","Retain"
"IGroup/Reports/CombinedSummaryStatementDateWise.rpt","True","05a08b966ae6b2280445f7458ab2ee37670be8b5","49152","CombinedSummaryStatementDateWise.rpt","False","","False","False","","2","IGroup/Reports/CombinedSummaryStatementDateWise.rpt","Canonical copy retained for exact duplicate group","Retain"
"IGroup/Reports/CombinedSummaryStatementDateWiseAdjusted.rpt","True","6f18e7bfc063d1801c5c11086d2b706d0f239902","50688","CombinedSummaryStatementDateWiseAdjusted.rpt","False","","False","False","","2","IGroup/Reports/CombinedSummaryStatementDateWiseAdjusted.rpt","Canonical copy retained for exact duplicate group","Retain"
"IGroup/Reports/CombinedSummaryStatementDateWiseOld.rpt","True","9d706acc4278e48ff79eca1be8d1b387bacad32f","52224","CombinedSummaryStatementDateWiseOld.rpt","True","Archive-style filename","False","False","","4","IGroup/Reports/CombinedSummaryStatementDateWiseOld.rpt","Canonical copy retained for exact duplicate group","Retain"
"IGroup/Reports/CombinedSummaryStatementDateWiseTest.rpt","True","e42733f79f183181a1d5db74d707e26470d449b1","51200","CombinedSummaryStatementDateWiseTest.rpt","True","Archive-style filename","False","False","","1","","Archive-style filename retained pending runtime validation","Retain"
"IGroup/Reports/CompanyInvoice.rpt","True","d967518de209835383a4ab50fc91e66f0cbd873a","12446720","CompanyInvoice.rpt","False","","False","False","","1","","No static reference found; retained because reports are loaded dynamically","Retain"
"IGroup/Reports/CompanyStatement Orig.rpt","True","2dec893616858cb12b4dc6ddca6d570c410d9ce7","55296","CompanyStatement Orig.rpt","False","","False","False","","2","IGroup/Reports/CompanyStatement Orig.rpt","Canonical copy retained for exact duplicate group","Retain"
"IGroup/Reports/CompanyStatement.rpt","True","fefb980bdd4e60087a21f3dbb3c1df5325bd2224","53248","CompanyStatement.rpt","False","","False","False","","2","IGroup/Reports/CompanyStatement.rpt","Canonical copy retained for exact duplicate group","Retain"
"IGroup/Reports/CompanyStatement2.rpt","True","43838f7ce44db97debdef0dd65932a5ae8760a96","21504","CompanyStatement2.rpt","False","","False","False","","2","IGroup/Reports/CompanyStatement2.rpt","Canonical copy retained for exact duplicate group","Retain"
"IGroup/Reports/CompanyStatementDateWise.rpt","True","0c2eb26da177f6054d0e926ecebfc89dd38932e0","53760","CompanyStatementDateWise.rpt","False","","False","False","","2","IGroup/Reports/CompanyStatementDateWise.rpt","Canonical copy retained for exact duplicate group","Retain"
"IGroup/Reports/CompanyStatementOrig.rpt","True","6f1de245812576d28e1ac702905552969c9b8191","55296","CompanyStatementOrig.rpt","False","","False","False","","2","IGroup/Reports/CompanyStatementOrig.rpt","Canonical copy retained for exact duplicate group","Retain"
"IGroup/Reports/ConsumptionView.rpt","True","492787bcda21584a10a349136e02afdd9868842d","2199552","ConsumptionView.rpt","False","","False","False","","2","IGroup/Reports/ConsumptionView.rpt","Canonical copy retained for exact duplicate group","Retain"
"IGroup/Reports/Copy of ClinicBillPrint.rpt","True","c5b50b539c4bc22961c22a8e97cbe45fe576a8f9","14336","Copy of ClinicBillPrint.rpt","False","","False","False","","10","IGroup/Reports/InsClinicBillPrint.rpt","Exact duplicate retained pending filename/path validation","Retain"
"IGroup/Reports/Credit Income Summary per Cost Center Clinic Only Comparative Monthly.rpt","True","bb2eecb5790261bc259732948cb01f498ecc0069","64512","Credit Income Summary per Cost Center Clinic Only Comparative Monthly.rpt","False","","False","False","","2","IGroup/Reports/Credit Income Summary per Cost Center Clinic Only Comparative Monthly.rpt","Canonical copy retained for exact duplicate group","Retain"
"IGroup/Reports/Credit Income Summary per Cost Center Clinic Only.rpt","True","a9ac2d1531ee26d68d4a725cf7617e59c4a65ed2","226816","Credit Income Summary per Cost Center Clinic Only.rpt","False","","False","False","","2","IGroup/Reports/Credit Income Summary per Cost Center Clinic Only.rpt","Canonical copy retained for exact duplicate group","Retain"
"IGroup/Reports/Credit Income Summary per Cost Center per Department Total.rpt","True","cb1546285c5d1d6004a9eab06819278ce8fbdadf","70144","Credit Income Summary per Cost Center per Department Total.rpt","False","","False","False","","2","IGroup/Reports/Credit Income Summary per Cost Center per Department Total.rpt","Canonical copy retained for exact duplicate group","Retain"
"IGroup/Reports/Credit Income Summary per Cost Center per Department.rpt","True","edc6a34ff4c272856dfc9f7aa6a20e9011848714","73216","Credit Income Summary per Cost Center per Department.rpt","False","","False","False","","2","IGroup/Reports/Credit Income Summary per Cost Center per Department.rpt","Canonical copy retained for exact duplicate group","Retain"
"IGroup/Reports/CreditCoMonthlySubmission New.rpt","True","05e57d178e5b24c2770954da57ca82121c174e7f","55296","CreditCoMonthlySubmission New.rpt","False","","False","False","","2","IGroup/Reports/CreditCoMonthlySubmission New.rpt","Canonical copy retained for exact duplicate group","Retain"
"IGroup/Reports/CreditCoMonthlySubmission Orig.rpt","True","5d30f6f110eaabc96e8a16659082bb1099f27021","54784","CreditCoMonthlySubmission Orig.rpt","False","","False","False","","2","IGroup/Reports/CreditCoMonthlySubmission Orig.rpt","Canonical copy retained for exact duplicate group","Retain"
"IGroup/Reports/CreditCoMonthlySubmission(Manual).rpt","True","f109e66e814313cb7187a2b7811f19caffcfa602","55808","CreditCoMonthlySubmission(Manual).rpt","False","","False","False","","2","IGroup/Reports/CreditCoMonthlySubmission(Manual).rpt","Canonical copy retained for exact duplicate group","Retain"
"IGroup/Reports/CreditCoMonthlySubmission(Orig).rpt","True","9b72930aaf946e46dc67f475d2a1a881fd5fea0f","55808","CreditCoMonthlySubmission(Orig).rpt","False","","False","False","","2","IGroup/Reports/CreditCoMonthlySubmission(Orig).rpt","Canonical copy retained for exact duplicate group","Retain"
"IGroup/Reports/CreditCoMonthlySubmission.rpt","True","1f4d2529e0ea811b2026a33c4e7c959b4fa4dfd6","53760","CreditCoMonthlySubmission.rpt","False","","False","False","","1","","No static reference found; retained because reports are loaded dynamically","Retain"
"IGroup/Reports/CreditCoMonthlySubmission2.rpt","True","51c997dcf54b1d5a0e48f85268e061d4d9a3cad9","53248","CreditCoMonthlySubmission2.rpt","False","","False","False","","2","IGroup/Reports/CreditCoMonthlySubmission2.rpt","Canonical copy retained for exact duplicate group","Retain"
"IGroup/Reports/CreditCoMonthlySubmission4.rpt","True","a9686e8dfe3c1c6266272bee212f0491195f3128","53248","CreditCoMonthlySubmission4.rpt","False","","False","False","","2","IGroup/Reports/CreditCoMonthlySubmission4.rpt","Canonical copy retained for exact duplicate group","Retain"
"IGroup/Reports/CreditCoMonthlySubmissionOk.rpt","True","134e7d623a31beac094fdf49eb61a5ff915138a3","57344","CreditCoMonthlySubmissionOk.rpt","False","","False","False","","2","IGroup/Reports/CreditCoMonthlySubmissionOk.rpt","Canonical copy retained for exact duplicate group","Retain"
"IGroup/Reports/CreditCoMonthlySubmissionOrig.rpt","True","103d2fb2f57dbd7352c99c8fa62dc6158c9a84b1","52736","CreditCoMonthlySubmissionOrig.rpt","False","","False","False","","3","IGroup/Reports/CreditCoMonthlySubmissionOrig.rpt","Canonical copy retained for exact duplicate group","Retain"
"IGroup/Reports/CreditCoMonthlySubmissionSummary.rpt","True","b3da9e5c98e9e6a4231f20a5dfe5684887c333f8","53248","CreditCoMonthlySubmissionSummary.rpt","False","","False","False","","2","IGroup/Reports/CreditCoMonthlySubmissionSummary.rpt","Canonical copy retained for exact duplicate group","Retain"
"IGroup/Reports/CreditCoMonthlySubmissionSummaryOrig2.rpt","True","8e8e1c41b276b95c735a51e8adc3a6c149cdaf79","52736","CreditCoMonthlySubmissionSummaryOrig2.rpt","False","","False","False","","2","IGroup/Reports/CreditCoMonthlySubmissionSummaryOrig2.rpt","Canonical copy retained for exact duplicate group","Retain"
"IGroup/Reports/CreditCoMonthlySubmissionSummarywithoutvat.rpt","True","c64820410bdf93518b2db25e679ce412a007c551","54784","CreditCoMonthlySubmissionSummarywithoutvat.rpt","False","","False","False","","2","IGroup/Reports/CreditCoMonthlySubmissionSummarywithoutvat.rpt","Canonical copy retained for exact duplicate group","Retain"
"IGroup/Reports/CreditCoMonthlySubmissionTest.rpt","True","237aa2cbf5973e3c6152d1d720dab69a76a2ec6c","53760","CreditCoMonthlySubmissionTest.rpt","True","Archive-style filename","False","False","","1","","Archive-style filename retained pending runtime validation","Retain"
"IGroup/Reports/CreditCoMonthlySubmissionTransferredToDeleted.rpt","True","04c33c78b3ba0c07dad472fd604dc25c818afbe4","55808","CreditCoMonthlySubmissionTransferredToDeleted.rpt","False","","False","False","","1","","No static reference found; retained because reports are loaded dynamically","Retain"
"IGroup/Reports/CreditCoMonthlySubmissionwithvat.rpt","True","d12742debb5d3ec0052e8a74b19fc22f4e0beb93","52736","CreditCoMonthlySubmissionwithvat.rpt","False","","False","False","","2","IGroup/Reports/CreditCoMonthlySubmissionwithvat.rpt","Canonical copy retained for exact duplicate group","Retain"
"IGroup/Reports/CreditCoMonthlySubmissionwovat.rpt","True","a69924d4c39643442fd82e57ebf79813e8b28cbf","54784","CreditCoMonthlySubmissionwovat.rpt","False","","False","False","","2","IGroup/Reports/CreditCoMonthlySubmissionwovat.rpt","Canonical copy retained for exact duplicate group","Retain"
"IGroup/Reports/CreditDailyStatementReport.rpt","True","ccdcce2e744567f9ff396bbfcc0b43bc57527ec5","54272","CreditDailyStatementReport.rpt","False","","False","False","","2","IGroup/Reports/CreditDailyStatementReport.rpt","Canonical copy retained for exact duplicate group","Retain"
"IGroup/Reports/Daily Income Report.rpt","True","aa258953d4720e89a4dabe235fe3d46cfac863db","53248","Daily Income Report.rpt","False","","False","False","","3","IGroup/Reports/Daily Income Report.rpt","Canonical copy retained for exact duplicate group","Retain"
"IGroup/Reports/DailyReportDoctorWisePatients.rpt","True","fcdf86e64fe55240f9fab26419391abdc45374ed","51712","DailyReportDoctorWisePatients.rpt","False","","False","False","","2","IGroup/Reports/DailyReportDoctorWisePatients.rpt","Canonical copy retained for exact duplicate group","Retain"
"IGroup/Reports/DateWiseDutyDone.rpt","True","1cf72c4bc72937293e2dc3603ee891edc4d75182","18432","DateWiseDutyDone.rpt","False","","False","False","","5","IGroup/Reports/DateWiseDutyDone.rpt","Canonical copy retained for exact duplicate group","Retain"
"IGroup/Reports/DateWiseDutyDone1.rpt","True","2682118585eef82c7d52f8c6b67f4d5f5ebb70b0","17920","DateWiseDutyDone1.rpt","False","","False","False","","5","IGroup/Reports/DateWiseDutyDone1.rpt","Canonical copy retained for exact duplicate group","Retain"
"IGroup/Reports/DCBillPrint Original Latest Copy.rpt","True","167e2111a0758c8b6792e18a684473e926faedd1","12831744","DCBillPrint Original Latest Copy.rpt","True","Archive-style filename","False","False","","1","","Archive-style filename retained pending runtime validation","Retain"
"IGroup/Reports/DCBillPrint Original No Print Time.rpt","True","23758e6212110cd468a0610589dcec56aa87dd3c","12833792","DCBillPrint Original No Print Time.rpt","False","","False","False","","1","","No static reference found; retained because reports are loaded dynamically","Retain"
"IGroup/Reports/DCBillPrint.rpt","True","b3fba1da77d3757b7b5221570a734835fc821a6d","12833792","DCBillPrint.rpt","False","","False","True","Accounts/Reports/IGroup/DCBillPrint.vb:30; Accounts/Accounts.vbproj:1812; Accounts/Accounts.vbproj:2674","1","","Protected by static or project reference","Retain"
"IGroup/Reports/DCBillPrintGroup.rpt","True","0899af5094a396dcfbdabc6ab4026db6a1a54fdb","12811264","DCBillPrintGroup.rpt","False","","False","False","","1","","No static reference found; retained because reports are loaded dynamically","Retain"
"IGroup/Reports/DCBillPrintIbnSinaPolyclinic.rpt","True","143e9819e9666e672667267764a0a7e4ae335b58","12444672","DCBillPrintIbnSinaPolyclinic.rpt","False","","False","False","","1","","No static reference found; retained because reports are loaded dynamically","Retain"
"IGroup/Reports/DCBillPrintQR.rpt","True","f83a9d766e45d1cf5ba06197051cbcf67ef8554a","220672","DCBillPrintQR.rpt","False","","False","False","","2","IGroup/Reports/DCBillPrintQR.rpt","Canonical copy retained for exact duplicate group","Retain"
"IGroup/Reports/DCDriverLicenseForm.rpt","True","5748bcce8fff7afbff358cafb28946176fe76caf","16896","DCDriverLicenseForm.rpt","False","","False","False","","2","IGroup/Reports/DCDriverLicenseForm.rpt","Canonical copy retained for exact duplicate group","Retain"
"IGroup/Reports/DCHealthCardForm.rpt","True","2ec304d068f8d7fbd15d2e44d1126d37bc08cece","15872","DCHealthCardForm.rpt","False","","False","False","","2","IGroup/Reports/DCHealthCardForm.rpt","Canonical copy retained for exact duplicate group","Retain"
"IGroup/Reports/DCIqamaForm.rpt","True","d29953d514b6ada243c5db2f626920bc2146f731","14848","DCIqamaForm.rpt","False","","False","False","","1","","No static reference found; retained because reports are loaded dynamically","Retain"
"IGroup/Reports/DCMedicalReportForm.rpt","True","1a9d9229cb24a4af77dab4ff104de384b2f0c0e7","14336","DCMedicalReportForm.rpt","False","","False","False","","2","IGroup/Reports/DCMedicalReportForm.rpt","Canonical copy retained for exact duplicate group","Retain"
"IGroup/Reports/DCMedicalReportFormBackup.rpt","True","3161871dd31782e8ea56b0de0c5866cf458692a3","46592","DCMedicalReportFormBackup.rpt","True","Archive-style filename","False","False","","4","IGroup/Reports/DCMedicalReportFormBackup.rpt","Canonical copy retained for exact duplicate group","Retain"
"IGroup/Reports/DCMedicalReportFormOriginal.rpt","True","3161871dd31782e8ea56b0de0c5866cf458692a3","46592","DCMedicalReportFormOriginal.rpt","True","Archive-style filename","False","False","","4","IGroup/Reports/DCMedicalReportFormBackup.rpt","Unreferenced exact duplicate with archive-style name/path","QuarantineExactDuplicate"
"IGroup/Reports/DCOtherServices.rpt","True","8ff252b106091e8545de949dfbd32879a875e979","14336","DCOtherServices.rpt","False","","False","False","","2","IGroup/Reports/DCOtherServices.rpt","Canonical copy retained for exact duplicate group","Retain"
"IGroup/Reports/DCR.rpt","True","430bcc917974ca9880a07c6d9dbfb436e05cc267","18432","DCR.rpt","False","","False","False","","5","IGroup/Reports/DCR.rpt","Canonical copy retained for exact duplicate group","Retain"
"IGroup/Reports/DiagnosisCenter.rpt","True","f58cd5ab490f913cc6fbfcb941c54b2cf56ea442","11776","DiagnosisCenter.rpt","False","","False","False","","5","IGroup/Reports/DiagnosisCenter.rpt","Canonical copy retained for exact duplicate group","Retain"
"IGroup/Reports/DiagnosisTests Done for a given Period.rpt","True","691ba343eb2f608fdcab7531bd72f691251ae585","144384","DiagnosisTests Done for a given Period.rpt","False","","False","False","","2","IGroup/Reports/DiagnosisTests Done for a given Period.rpt","Canonical copy retained for exact duplicate group","Retain"
"IGroup/Reports/Diagnostic Test Summary.rpt","True","90ff52dc435700a49084b0949061aad78337cc35","51712","Diagnostic Test Summary.rpt","False","","False","True","Accounts/Reports/IGroup/Diagnostic Test Summary.vb:30; Accounts/PresentationLayer/Views/Forms/Reports/IGroup/DiagnosticTestSummary.vb:50; Accounts/Accounts.vbproj:1830; Accounts/Accounts.vbproj:2686","1","","Protected by static or project reference","Retain"
"IGroup/Reports/DisplayChartOfAccount.rpt","True","596b916bb3ed3bc664546fdbce7fa125cecf1c08","48128","DisplayChartOfAccount.rpt","False","","False","False","","3","IGroup/Reports/DisplayChartOfAccount.rpt","Canonical copy retained for exact duplicate group","Retain"
"IGroup/Reports/DisplayChartOfAccount1.rpt","True","c3bf2bdae6c275fdcdbff1ecb77f26ebade7dfe7","13824","DisplayChartOfAccount1.rpt","False","","False","False","","4","IGroup/Reports/DisplayChartOfAccount1.rpt","Canonical copy retained for exact duplicate group","Retain"
"IGroup/Reports/DisplayChartOfAccount2.rpt","True","9536899c93e2307579fb8f1af2e446f7169b55e8","14848","DisplayChartOfAccount2.rpt","False","","False","False","","3","IGroup/Reports/DisplayChartOfAccount2.rpt","Canonical copy retained for exact duplicate group","Retain"
"IGroup/Reports/DisplayChartOfAccount3.rpt","True","d596bd6b44ec4ea46eda874d686e90d0c2a4373d","48128","DisplayChartOfAccount3.rpt","False","","False","False","","3","IGroup/Reports/DisplayChartOfAccount3.rpt","Canonical copy retained for exact duplicate group","Retain"
"IGroup/Reports/DoctorMonthlyInvoice.rpt","True","a9e2a406b1130b4c3634c1770aaea95dec43a44d","76800","DoctorMonthlyInvoice.rpt","False","","False","False","","2","IGroup/Reports/DoctorMonthlyInvoice.rpt","Canonical copy retained for exact duplicate group","Retain"
"IGroup/Reports/Doctor's Comparative Income Per Month Cash Only.rpt","True","85372f52bdbd776bfebd51b401dc6644f2ac4b40","54272","Doctor's Comparative Income Per Month Cash Only.rpt","False","","False","False","","2","IGroup/Reports/Doctor's Comparative Income Per Month Cash Only.rpt","Canonical copy retained for exact duplicate group","Retain"
"IGroup/Reports/Doctor's Comparative Income Per Month Cash Only2.rpt","True","a8b95f14fe1d075d0bdb4b3cea22be442add4a10","54272","Doctor's Comparative Income Per Month Cash Only2.rpt","False","","False","False","","2","IGroup/Reports/Doctor's Comparative Income Per Month Cash Only2.rpt","Canonical copy retained for exact duplicate group","Retain"
"IGroup/Reports/Doctor's Comparative Income Per Month Per Service Cash Only.rpt","True","8bc4d4fa8249fcce27ac2eb110951df5b97e0065","54272","Doctor's Comparative Income Per Month Per Service Cash Only.rpt","False","","False","False","","2","IGroup/Reports/Doctor's Comparative Income Per Month Per Service Cash Only.rpt","Canonical copy retained for exact duplicate group","Retain"
"IGroup/Reports/Doctor's Comparative Income Per Month.rpt","True","b73dfeb9de6e3218cb325a8e7115e4307726c9a6","55808","Doctor's Comparative Income Per Month.rpt","False","","False","False","","2","IGroup/Reports/Doctor's Comparative Income Per Month.rpt","Canonical copy retained for exact duplicate group","Retain"
"IGroup/Reports/Doctor's Income Per Service New.rpt","True","d9f34f92478152b2092be7e09b26c8e2005f896c","53248","Doctor's Income Per Service New.rpt","False","","False","False","","2","IGroup/Reports/Doctor's Income Per Service New.rpt","Canonical copy retained for exact duplicate group","Retain"
"IGroup/Reports/Doctor's Income Per Service.rpt","True","d09eafe83c6af6efeaa8d478ddafda0ab648b688","55808","Doctor's Income Per Service.rpt","False","","False","False","","2","IGroup/Reports/Doctor's Income Per Service.rpt","Canonical copy retained for exact duplicate group","Retain"
"IGroup/Reports/DoctorsDailyIncomeReport old.rpt","True","e1495c146ab9db8a7ce0d3a597551f67ed86144e","51712","DoctorsDailyIncomeReport old.rpt","True","Archive-style filename","False","False","","2","IGroup/Reports/DoctorsDailyIncomeReport old.rpt","Canonical copy retained for exact duplicate group","Retain"
"IGroup/Reports/DoctorsDailyIncomeReport.rpt","True","703e8552b7e6b1ee2bfe8bfa3bc900e82159e02c","49152","DoctorsDailyIncomeReport.rpt","False","","False","False","","2","IGroup/Reports/DoctorsDailyIncomeReport.rpt","Canonical copy retained for exact duplicate group","Retain"
"IGroup/Reports/estInventoryReport.rpt","True","9f69a07609460ea4a6cbf638b5602f64d353a566","14336","estInventoryReport.rpt","False","","False","False","","5","IGroup/Reports/estInventoryReport.rpt","Canonical copy retained for exact duplicate group","Retain"
"IGroup/Reports/ExpiryList.rpt","True","930950a2185a097c5679f3e770e51de28027be2e","49664","ExpiryList.rpt","False","","False","False","","3","IGroup/Reports/ExpiryList.rpt","Canonical copy retained for exact duplicate group","Retain"
"IGroup/Reports/ExpiryListOriginal.rpt","True","b8f2838f7c26fc5b6c8c1a5fd82aeff2d0bcdd4b","51200","ExpiryListOriginal.rpt","True","Archive-style filename","False","False","","3","IGroup/Reports/ExpiryListOriginal.rpt","Canonical copy retained for exact duplicate group","Retain"
"IGroup/Reports/ExpiryListPeriodic.rpt","True","b3a9e4ad549ae3e4b0bd593ec67b41168abbde17","51200","ExpiryListPeriodic.rpt","False","","False","False","","3","IGroup/Reports/ExpiryListPeriodic.rpt","Canonical copy retained for exact duplicate group","Retain"
"IGroup/Reports/ExpiryListPeriodicOriginal.rpt","True","0f61691e82bc91af252aef2448e958b5a2d90333","51200","ExpiryListPeriodicOriginal.rpt","True","Archive-style filename","False","False","","3","IGroup/Reports/ExpiryListPeriodicOriginal.rpt","Canonical copy retained for exact duplicate group","Retain"
"IGroup/Reports/GraphicalPharmacyDailySalesInvoice.rpt","True","1c43c098dff63c3ff876d6706942eb0b08af7afa","1360896","GraphicalPharmacyDailySalesInvoice.rpt","False","","False","False","","5","IGroup/Reports/GraphicalPharmacyDailySalesInvoice.rpt","Canonical copy retained for exact duplicate group","Retain"
"IGroup/Reports/HR Employee Info Testing Only.rpt","True","014406244da90707f2ef437303f6c03831b7126e","108544","HR Employee Info Testing Only.rpt","False","","False","False","","1","","No static reference found; retained because reports are loaded dynamically","Retain"
"IGroup/Reports/HR Employee Info.rpt","True","afe09dedcaaee05253bdb93ea7cb3a5750b61444","140800","HR Employee Info.rpt","False","","False","True","Accounts/Reports/HR Employee Info.vb:30; Accounts/PresentationLayer/Presenters/ReportPresenter.vb:100; Accounts/PresentationLayer/Presenters/ApArEmReportPresenter.vb:71; Accounts/Accounts.vbproj:1770; Accounts/Accounts.vbproj:2646","2","Accounts/Reports/HR Employee Info.rpt","Protected by static or project reference","Retain"
"IGroup/Reports/HR IDCCard Size Back.rpt","True","e762821438be88ee40e92d53380dfa81572c61ec","3047936","HR IDCCard Size Back.rpt","False","","False","False","","2","IGroup/Reports/HR IDCCard Size Back.rpt","Canonical copy retained for exact duplicate group","Retain"
"IGroup/Reports/HR_ID List Final with lamination space.rpt","True","4c498646a1456dc15cf39db6e310827e5d763375","6890496","HR_ID List Final with lamination space.rpt","False","","False","False","","2","IGroup/Reports/HR_ID List Final with lamination space.rpt","Canonical copy retained for exact duplicate group","Retain"
"IGroup/Reports/HR_ID New Database List Final with lamination space New.rpt","True","1b7aea6a626b3212a2086a5efa56c8492faedef2","6918144","HR_ID New Database List Final with lamination space New.rpt","False","","False","False","","2","IGroup/Reports/HR_ID New Database List Final with lamination space New.rpt","Canonical copy retained for exact duplicate group","Retain"
"IGroup/Reports/HR_ID New Database List Final with lamination space.rpt","True","a5cd6b66a14dcaa35e7c90b9f7ce5bf7e103dcb9","6892032","HR_ID New Database List Final with lamination space.rpt","False","","False","False","","2","IGroup/Reports/HR_ID New Database List Final with lamination space.rpt","Canonical copy retained for exact duplicate group","Retain"
"IGroup/Reports/HR_IDList CCard Size Front.rpt","True","da092050c59e757163903c1a3506635082becdb8","6892544","HR_IDList CCard Size Front.rpt","False","","False","False","","2","IGroup/Reports/HR_IDList CCard Size Front.rpt","Canonical copy retained for exact duplicate group","Retain"
"IGroup/Reports/HR_IDList CCard Size.rpt","True","cf74f69044d2e7893817008a95bd14dd38645dc5","6889472","HR_IDList CCard Size.rpt","False","","False","False","","2","IGroup/Reports/HR_IDList CCard Size.rpt","Canonical copy retained for exact duplicate group","Retain"
"IGroup/Reports/HR_IDList Final Back Only.rpt","True","0709114fa6084e9cc1f4f97265732be94f7f72d0","3050496","HR_IDList Final Back Only.rpt","False","","False","False","","2","IGroup/Reports/HR_IDList Final Back Only.rpt","Canonical copy retained for exact duplicate group","Retain"
"IGroup/Reports/HR_IDList Final Back Only1.rpt","True","5777630fbd13372453899d06985a14a9437a67cb","3050496","HR_IDList Final Back Only1.rpt","False","","False","False","","2","IGroup/Reports/HR_IDList Final Back Only1.rpt","Canonical copy retained for exact duplicate group","Retain"
"IGroup/Reports/HR_IDList Final Back.rpt","True","fb4725c08a87507debce00cb4eb8185c1d1e1d2f","3048448","HR_IDList Final Back.rpt","False","","False","False","","2","IGroup/Reports/HR_IDList Final Back.rpt","Canonical copy retained for exact duplicate group","Retain"
"IGroup/Reports/HR_IDList Final Front.rpt","True","49efed887fa982882e73414fa5d4d9ff806e5159","6894080","HR_IDList Final Front.rpt","False","","False","False","","2","IGroup/Reports/HR_IDList Final Front.rpt","Canonical copy retained for exact duplicate group","Retain"
"IGroup/Reports/HR_IDList Final with lamination space.rpt","True","e28ed37d9146ca1a580c7ecaab03e50386d004f2","6892032","HR_IDList Final with lamination space.rpt","False","","False","False","","2","IGroup/Reports/HR_IDList Final with lamination space.rpt","Canonical copy retained for exact duplicate group","Retain"
"IGroup/Reports/HR_IDList Final.rpt","True","2461428d241ca305ee21ef432dbf253d32408338","6892032","HR_IDList Final.rpt","False","","False","False","","2","IGroup/Reports/HR_IDList Final.rpt","Canonical copy retained for exact duplicate group","Retain"
"IGroup/Reports/HR_IDList Final3.rpt","True","7ea8e33ed4602471c906b3a5831782685f3c0dfd","6892032","HR_IDList Final3.rpt","False","","False","False","","2","IGroup/Reports/HR_IDList Final3.rpt","Canonical copy retained for exact duplicate group","Retain"
"IGroup/Reports/HR_IDList.rpt","True","15d83de6a2ad4a2f9f8a12166b86495e09fc4d9d","821760","HR_IDList.rpt","False","","False","False","","2","IGroup/Reports/HR_IDList.rpt","Canonical copy retained for exact duplicate group","Retain"
"IGroup/Reports/HR_IDList2.rpt","True","f3b81329ec3128abfc572527db35d7a5400a08f2","3853824","HR_IDList2.rpt","False","","False","False","","2","IGroup/Reports/HR_IDList2.rpt","Canonical copy retained for exact duplicate group","Retain"
"IGroup/Reports/HR_IDListOrig.rpt","True","c8b2fa5ecf3356b1c8a451f0a2034b7dd4473743","785408","HR_IDListOrig.rpt","False","","False","False","","2","IGroup/Reports/HR_IDListOrig.rpt","Canonical copy retained for exact duplicate group","Retain"
"IGroup/Reports/HR_IDListOrig2.rpt","True","b38f85a2d2cbf62e66ec3880de011a0a0cc07e30","823808","HR_IDListOrig2.rpt","False","","False","False","","2","IGroup/Reports/HR_IDListOrig2.rpt","Canonical copy retained for exact duplicate group","Retain"
"IGroup/Reports/HREmployeeList Old.rpt","True","0cad0345656f42fb755a4b1f082738270df9b136","16384","HREmployeeList Old.rpt","True","Archive-style filename","False","False","","2","IGroup/Reports/HREmployeeList Old.rpt","Canonical copy retained for exact duplicate group","Retain"
"IGroup/Reports/HREmployeeList.rpt","True","a75935e0c046ebd7a467ef8f3427c1e09a87c234","48128","HREmployeeList.rpt","False","","False","False","","2","IGroup/Reports/HREmployeeList.rpt","Canonical copy retained for exact duplicate group","Retain"
"IGroup/Reports/HREmployeeSalaryDescription.rpt","True","2031291dc74f732f773f48a6e2d0cb2816d7ede1","15360","HREmployeeSalaryDescription.rpt","False","","False","False","","5","IGroup/Reports/HREmployeeSalaryDescription.rpt","Canonical copy retained for exact duplicate group","Retain"
"IGroup/Reports/HREmployeeShiftDetails.rpt","True","e07b32a3ef560a319c6d8835ba20bfac4b75e99c","14848","HREmployeeShiftDetails.rpt","False","","False","False","","5","IGroup/Reports/HREmployeeShiftDetails.rpt","Canonical copy retained for exact duplicate group","Retain"
"IGroup/Reports/HRMonthlyAttendence.rpt","True","741247c44d2ce6143bcc5cb81777b3ce386f4818","17408","HRMonthlyAttendence.rpt","False","","False","False","","5","IGroup/Reports/HRMonthlyAttendence.rpt","Canonical copy retained for exact duplicate group","Retain"
"IGroup/Reports/IBClinicServiceWiseSalesHistory.rpt","True","da73a4699f0f1fa4015b3c86cdd5330582b08da5","141312","IBClinicServiceWiseSalesHistory.rpt","False","","False","False","","1","","No static reference found; retained because reports are loaded dynamically","Retain"
"IGroup/Reports/IBCombined Date Wise (Monthly) Cash Only.rpt","True","8869ed34281d1e0adf4fe479ec7af3ef81937356","49664","IBCombined Date Wise (Monthly) Cash Only.rpt","False","","False","False","","2","IGroup/Reports/IBCombined Date Wise (Monthly) Cash Only.rpt","Canonical copy retained for exact duplicate group","Retain"
"IGroup/Reports/IBCombinedDoctorWiseSummaryStatement.rpt","True","0484b17f66514c5e3469bc22f4573fd2ed304692","49664","IBCombinedDoctorWiseSummaryStatement.rpt","False","","False","False","","2","IGroup/Reports/IBCombinedDoctorWiseSummaryStatement.rpt","Canonical copy retained for exact duplicate group","Retain"
"IGroup/Reports/IBCombinedDoctorWiseSummaryStatement2.rpt","True","bbcb0310bd52d527fc9b75e44555ff369f96b1d0","51712","IBCombinedDoctorWiseSummaryStatement2.rpt","False","","False","False","","2","IGroup/Reports/IBCombinedDoctorWiseSummaryStatement2.rpt","Canonical copy retained for exact duplicate group","Retain"
"IGroup/Reports/IBCombinedUserWiseSummaryStatement.rpt","True","ceea4a493df756851cdd3a2e1471e3ffd186f802","49664","IBCombinedUserWiseSummaryStatement.rpt","False","","False","False","","2","IGroup/Reports/IBCombinedUserWiseSummaryStatement.rpt","Canonical copy retained for exact duplicate group","Retain"
"IGroup/Reports/IBCombinedUserWiseSummaryStatementTest.rpt","True","5eba66cdcea1583de224325ccb2fa4deadb283d9","50176","IBCombinedUserWiseSummaryStatementTest.rpt","True","Archive-style filename","False","False","","1","","Archive-style filename retained pending runtime validation","Retain"
"IGroup/Reports/IBDailyReceptionInvoice.rpt","True","c2ba43973023baea7cc8c26e8769361f83224778","54272","IBDailyReceptionInvoice.rpt","False","","False","False","","2","IGroup/Reports/IBDailyReceptionInvoice.rpt","Canonical copy retained for exact duplicate group","Retain"
"IGroup/Reports/IBDailyReceptionInvoiceNew.rpt","True","850fd86caefd5347962900a3046974874654e48e","55808","IBDailyReceptionInvoiceNew.rpt","False","","False","False","","2","IGroup/Reports/IBDailyReceptionInvoiceNew.rpt","Canonical copy retained for exact duplicate group","Retain"
"IGroup/Reports/IBDailyReceptionInvoiceSummary.rpt","True","c41e1e22e64a785439b29b4ac1d62365bdaf27f1","53248","IBDailyReceptionInvoiceSummary.rpt","False","","False","False","","3","IGroup/Reports/IBDailyReceptionInvoiceSummary.rpt","Canonical copy retained for exact duplicate group","Retain"
"IGroup/Reports/IBDrivingLicenseSummary.rpt","True","71dac6121265fe83173047e5fff7137821e82313","48640","IBDrivingLicenseSummary.rpt","False","","False","False","","4","IGroup/Reports/IBDrivingLicenseSummary.rpt","Canonical copy retained for exact duplicate group","Retain"
"IGroup/Reports/IBEditingVatAdjustment.rpt","True","3dd5814ac4fcee4cfb1f21afb917b7e435bd1896","143360","IBEditingVatAdjustment.rpt","False","","False","False","","1","","No static reference found; retained because reports are loaded dynamically","Retain"
"IGroup/Reports/IBFoodDeliverySummary.rpt","True","160a3ef4f5b4bd708ac5a6513ff0a7a1479d4233","49664","IBFoodDeliverySummary.rpt","False","","False","False","","1","","No static reference found; retained because reports are loaded dynamically","Retain"
"IGroup/Reports/IBHealthCardSummary.rpt","True","1d531b54bcdacf7d8b03cc905a55452cd1b2fd99","48640","IBHealthCardSummary.rpt","False","","False","False","","4","IGroup/Reports/IBHealthCardSummary.rpt","Canonical copy retained for exact duplicate group","Retain"
"IGroup/Reports/IBIqamaSummary.rpt","True","d129c74497c0dca452491d43f1cbdd90cb6e70a7","48640","IBIqamaSummary.rpt","False","","False","False","","4","IGroup/Reports/IBIqamaSummary.rpt","Canonical copy retained for exact duplicate group","Retain"
"IGroup/Reports/IBLabSamplePrinting.rpt","True","d1218807cbed9a6b38d88bb0c0fba478dab7e944","16384","IBLabSamplePrinting.rpt","False","","False","True","Accounts/Reports/IGroup/IBLabSamplePrinting.vb:30; Accounts/Accounts.vbproj:1836; Accounts/Accounts.vbproj:2690","1","","Protected by static or project reference","Retain"
"IGroup/Reports/IBLabSamplePrinting2.rpt","True","c46bec13f20770af184ba9adff8b41b9d87956cc","18432","IBLabSamplePrinting2.rpt","False","","False","False","","2","IGroup/Reports/IBLabSamplePrinting2.rpt","Canonical copy retained for exact duplicate group","Retain"
"IGroup/Reports/IBLabSamplePrintingOrig.rpt","True","33af3b080cc1a264b2cf70ee2e2a98f12a540d55","18432","IBLabSamplePrintingOrig.rpt","False","","False","False","","2","IGroup/Reports/IBLabSamplePrintingOrig.rpt","Canonical copy retained for exact duplicate group","Retain"
"IGroup/Reports/IBLabSamplePrintingOriginal - Copy.rpt","True","dc9665c2bc2a280afc0b074dfb925ee8bc0cc4b8","18432","IBLabSamplePrintingOriginal - Copy.rpt","True","Archive-style filename","False","False","","2","IGroup/Reports/IBLabSamplePrintingOriginal.rpt","Unreferenced exact duplicate with archive-style name/path","QuarantineExactDuplicate"
"IGroup/Reports/IBLabSamplePrintingOriginal.rpt","True","dc9665c2bc2a280afc0b074dfb925ee8bc0cc4b8","18432","IBLabSamplePrintingOriginal.rpt","True","Archive-style filename","False","False","","2","IGroup/Reports/IBLabSamplePrintingOriginal.rpt","Canonical copy retained for exact duplicate group","Retain"
"IGroup/Reports/IBLabSamplePrintingTest.rpt","True","ab7e2bb958d166c71878bfa672d613a40f2c6f0f","18432","IBLabSamplePrintingTest.rpt","True","Archive-style filename","False","False","","1","","Archive-style filename retained pending runtime validation","Retain"
"IGroup/Reports/IBSalesManSummary Manual.rpt","True","16c4cf8e7e4f2873c1197b04d652cbdaac1b827f","52224","IBSalesManSummary Manual.rpt","False","","False","False","","2","IGroup/Reports/IBSalesManSummary Manual.rpt","Canonical copy retained for exact duplicate group","Retain"
"IGroup/Reports/IBSalesManSummary.rpt","True","ee3b694ffcdebbbd5db0e9f1f4cbaf7bfb62e5bf","52224","IBSalesManSummary.rpt","False","","False","False","","2","IGroup/Reports/IBSalesManSummary.rpt","Canonical copy retained for exact duplicate group","Retain"
"IGroup/Reports/IBSalesManSummaryTest.rpt","True","30619d54425e345da055e400473ba69f95e2b767","54272","IBSalesManSummaryTest.rpt","True","Archive-style filename","False","False","","2","IGroup/Reports/IBSalesManSummaryTest.rpt","Canonical copy retained for exact duplicate group","Retain"
"IGroup/Reports/IBSalesManSummaryX.rpt","True","9c4fb8d121d90fdc87988fa4ea680a2592b7faec","50688","IBSalesManSummaryX.rpt","False","","False","False","","3","IGroup/Reports/IBSalesManSummaryX.rpt","Canonical copy retained for exact duplicate group","Retain"
"IGroup/Reports/IGroup Payroll Report.rpt","True","31420db27c1f67e87ce54e1891e47a201e85183a","94720","IGroup Payroll Report.rpt","False","","False","False","","2","IGroup/Reports/IGroup Payroll Report.rpt","Canonical copy retained for exact duplicate group","Retain"
"IGroup/Reports/Income Summary Pharmacy.rpt","True","98203d98a703b63cb5e87a375eeb2b00ca6ff31e","56832","Income Summary Pharmacy.rpt","False","","False","False","","2","IGroup/Reports/Income Summary Pharmacy.rpt","Canonical copy retained for exact duplicate group","Retain"
"IGroup/Reports/Injection Consumption (based on invoice items) (detailed).rpt","True","efad5a24bf2d03b3183c7411ffcda98980d83d61","76288","Injection Consumption (based on invoice items) (detailed).rpt","False","","False","False","","2","IGroup/Reports/Injection Consumption (based on invoice items) (detailed).rpt","Canonical copy retained for exact duplicate group","Retain"
"IGroup/Reports/Injection Consumption (based on invoice items) Summarized.rpt","True","1681633f8eb9cca1cbeba885cd4c701487764525","108032","Injection Consumption (based on invoice items) Summarized.rpt","False","","False","False","","2","IGroup/Reports/Injection Consumption (based on invoice items) Summarized.rpt","Canonical copy retained for exact duplicate group","Retain"
"IGroup/Reports/Injection Consumption (based on invoice items).rpt","True","5c06c784e395f644844b3cba0cfe17f19041b010","75264","Injection Consumption (based on invoice items).rpt","False","","False","False","","1","","No static reference found; retained because reports are loaded dynamically","Retain"
"IGroup/Reports/Injection Consumption based on Item Used.rpt","True","6df53565f11b4afca7d2de12a3aadc5ba1a9634f","66048","Injection Consumption based on Item Used.rpt","False","","False","False","","2","IGroup/Reports/Injection Consumption based on Item Used.rpt","Canonical copy retained for exact duplicate group","Retain"
"IGroup/Reports/Injection Consumption based on sales.rpt","True","e736309a6add3ac22f3a863cdf0b1d1dc3ee003d","59392","Injection Consumption based on sales.rpt","False","","False","False","","2","IGroup/Reports/Injection Consumption based on sales.rpt","Canonical copy retained for exact duplicate group","Retain"
"IGroup/Reports/Injection Consumption.rpt","True","a3e8338d6c67e32e132d018ab53bde662e433d4d","107520","Injection Consumption.rpt","False","","False","False","","2","IGroup/Reports/Injection Consumption.rpt","Canonical copy retained for exact duplicate group","Retain"
"IGroup/Reports/Injection Cost Consumption.rpt","True","87a84f45f608ce7d9570dce6b8b8ee14f7973629","166912","Injection Cost Consumption.rpt","False","","False","False","","2","IGroup/Reports/Injection Cost Consumption.rpt","Canonical copy retained for exact duplicate group","Retain"
"IGroup/Reports/Injection Qty. Consumption.rpt","True","f8898695a838b4d514485ab4c118843771cb92e5","108544","Injection Qty. Consumption.rpt","False","","False","False","","2","IGroup/Reports/Injection Qty. Consumption.rpt","Canonical copy retained for exact duplicate group","Retain"
"IGroup/Reports/Injections Consumed for a given period  Items (itemized).rpt","True","a6bc13fb4105bca66fe683b07f909bddfaa95f28","331776","Injections Consumed for a given period  Items (itemized).rpt","False","","False","False","","2","IGroup/Reports/Injections Consumed for a given period  Items (itemized).rpt","Canonical copy retained for exact duplicate group","Retain"
"IGroup/Reports/Injections Consumed for a given period (itemized).rpt","True","0fa83bc0b5564eb8bb0633fcaf2475928d88ccf3","332800","Injections Consumed for a given period (itemized).rpt","False","","False","False","","2","IGroup/Reports/Injections Consumed for a given period (itemized).rpt","Canonical copy retained for exact duplicate group","Retain"
"IGroup/Reports/Injections Transfered to ER for a given period  Items (itemized).rpt","True","2330f96067201ea33cf3ea80be41cae23c0929c4","61952","Injections Transfered to ER for a given period  Items (itemized).rpt","False","","False","False","","2","IGroup/Reports/Injections Transfered to ER for a given period  Items (itemized).rpt","Canonical copy retained for exact duplicate group","Retain"
"IGroup/Reports/Injections Transfered to ER for a given period  Items (summarized).rpt","True","c376c38dc5b2a42635b505b7439d3f19ec9354b5","62976","Injections Transfered to ER for a given period  Items (summarized).rpt","False","","False","False","","2","IGroup/Reports/Injections Transfered to ER for a given period  Items (summarized).rpt","Canonical copy retained for exact duplicate group","Retain"
"IGroup/Reports/Injections Transferred to ER 2.rpt","True","7025e0edf50e4a1a4d543b9bafd6c78769e7ece1","62464","Injections Transferred to ER 2.rpt","False","","False","False","","2","IGroup/Reports/Injections Transferred to ER 2.rpt","Canonical copy retained for exact duplicate group","Retain"
"IGroup/Reports/Injections Transferred to ER for a given period  Items (itemized).rpt","True","9d736a132355bf553f7ca79492140ff81e30b6d3","60928","Injections Transferred to ER for a given period  Items (itemized).rpt","False","","False","False","","2","IGroup/Reports/Injections Transferred to ER for a given period  Items (itemized).rpt","Canonical copy retained for exact duplicate group","Retain"
"IGroup/Reports/Injections Transferred to ER.rpt","True","2aaae6ee2efa771b19809961baebdd9155068e26","61952","Injections Transferred to ER.rpt","False","","False","False","","2","IGroup/Reports/Injections Transferred to ER.rpt","Canonical copy retained for exact duplicate group","Retain"
"IGroup/Reports/InsClinicBillPrint.rpt","True","c5b50b539c4bc22961c22a8e97cbe45fe576a8f9","14336","InsClinicBillPrint.rpt","False","","False","False","","10","IGroup/Reports/InsClinicBillPrint.rpt","Canonical copy retained for exact duplicate group","Retain"
"IGroup/Reports/InsClinicBillPrint1.rpt","True","1ed2d0240e36e9f41870e36d8d419f23189fb6b0","13312","InsClinicBillPrint1.rpt","False","","False","False","","5","IGroup/Reports/InsClinicBillPrint1.rpt","Canonical copy retained for exact duplicate group","Retain"
"IGroup/Reports/InsPharmacyInvoicePrint.rpt","True","680f8aa1ab6edc14d3af5c3b8c4a23de558a340b","12288","InsPharmacyInvoicePrint.rpt","False","","False","False","","5","IGroup/Reports/InsPharmacyInvoicePrint.rpt","Canonical copy retained for exact duplicate group","Retain"
"IGroup/Reports/InsPharmacyInvoicePrint1.rpt","True","7347246662ff9df8419c455b6db91491f7dafd6d","11776","InsPharmacyInvoicePrint1.rpt","False","","False","False","","5","IGroup/Reports/InsPharmacyInvoicePrint1.rpt","Canonical copy retained for exact duplicate group","Retain"
"IGroup/Reports/InsuranceActualSummary.rpt","True","41b64549e45e62638441e6a1381a24f7ab28e950","21504","InsuranceActualSummary.rpt","False","","False","False","","5","IGroup/Reports/InsuranceActualSummary.rpt","Canonical copy retained for exact duplicate group","Retain"
"IGroup/Reports/InsuranceBupaEclaim.rpt","True","03c5e912fb65ef30e175db3ab64304e2e269ab90","17408","InsuranceBupaEclaim.rpt","False","","False","False","","5","IGroup/Reports/InsuranceBupaEclaim.rpt","Canonical copy retained for exact duplicate group","Retain"
"IGroup/Reports/InsuranceBupaEclaimRep.rpt","True","3cbe177b4ca82339c343af6d46b52b0f3b543353","19456","InsuranceBupaEclaimRep.rpt","False","","False","False","","5","IGroup/Reports/InsuranceBupaEclaimRep.rpt","Canonical copy retained for exact duplicate group","Retain"
"IGroup/Reports/InsuranceCompanyReport.rpt","True","87c12a510762a0177767776bc841e97fb2e61471","32768","InsuranceCompanyReport.rpt","False","","False","False","","5","IGroup/Reports/InsuranceCompanyReport.rpt","Canonical copy retained for exact duplicate group","Retain"
"IGroup/Reports/INSURANCEGlobeMedEclaim.rpt","True","270765abe3f384788394af65321803f3f79dff3a","17920","INSURANCEGlobeMedEclaim.rpt","False","","False","False","","5","IGroup/Reports/INSURANCEGlobeMedEclaim.rpt","Canonical copy retained for exact duplicate group","Retain"
"IGroup/Reports/InsuranceMonthlySubmission.rpt","True","88f64e03f348af26a7e738c2583a465cf2d4bc3a","18432","InsuranceMonthlySubmission.rpt","False","","False","False","","5","IGroup/Reports/InsuranceMonthlySubmission.rpt","Canonical copy retained for exact duplicate group","Retain"
"IGroup/Reports/InsurancePriceList.rpt","True","9839d1625e6013bbb2193eb629a1a4fd5cfc0792","87040","InsurancePriceList.rpt","False","","False","False","","5","IGroup/Reports/InsurancePriceList.rpt","Canonical copy retained for exact duplicate group","Retain"
"IGroup/Reports/InsuranceStatement.rpt","True","3207cb1f6bac5aae44b2e1a280ba29b07c3ec7c7","21504","InsuranceStatement.rpt","False","","False","False","","5","IGroup/Reports/InsuranceStatement.rpt","Canonical copy retained for exact duplicate group","Retain"
"IGroup/Reports/InsuranceSummary.rpt","True","a554147bbb33b63fefcebfec2411060cda138563","20992","InsuranceSummary.rpt","False","","False","False","","5","IGroup/Reports/InsuranceSummary.rpt","Canonical copy retained for exact duplicate group","Retain"
"IGroup/Reports/InsuranceSummaryOfAccount.rpt","True","aa459705847b64a13aaffadd709d9afd9cd49fb3","144896","InsuranceSummaryOfAccount.rpt","False","","False","False","","5","IGroup/Reports/InsuranceSummaryOfAccount.rpt","Canonical copy retained for exact duplicate group","Retain"
"IGroup/Reports/Inventory Report at Clinic for a given date (summarized).rpt","True","249eb31e52861ac0337df12985e09e0856617d1a","209920","Inventory Report at Clinic for a given date (summarized).rpt","False","","False","False","","2","IGroup/Reports/Inventory Report at Clinic for a given date (summarized).rpt","Canonical copy retained for exact duplicate group","Retain"
"IGroup/Reports/Inventory Report at Pharmacy for a given date (summarized).rpt","True","660406859fd3197797dd9a9cfe76802e11c057b5","206848","Inventory Report at Pharmacy for a given date (summarized).rpt","False","","False","False","","2","IGroup/Reports/Inventory Report at Pharmacy for a given date (summarized).rpt","Canonical copy retained for exact duplicate group","Retain"
"IGroup/Reports/Inventory Report at Stock Room for a given date (summarized).rpt","True","73e885811222b26effe8cccc19af5b543f3e4aad","169472","Inventory Report at Stock Room for a given date (summarized).rpt","False","","False","False","","2","IGroup/Reports/Inventory Report at Stock Room for a given date (summarized).rpt","Canonical copy retained for exact duplicate group","Retain"
"IGroup/Reports/Inventory Report for a given date.rpt","True","19653e486e7583590a47e9f93a63f7f354b5218c","109056","Inventory Report for a given date.rpt","False","","False","False","","2","IGroup/Reports/Inventory Report for a given date.rpt","Canonical copy retained for exact duplicate group","Retain"
"IGroup/Reports/Inventory Report for a specified Ending Date Clinic New.rpt","True","4ea52ea2d8113e03531e49e56b9d6f7fd900e1e8","91648","Inventory Report for a specified Ending Date Clinic New.rpt","False","","False","False","","2","IGroup/Reports/Inventory Report for a specified Ending Date Clinic New.rpt","Canonical copy retained for exact duplicate group","Retain"
"IGroup/Reports/Inventory Report for a specified Ending Date Clinic New2.rpt","True","0d3a8eff3fda39982e2127a083363bf85f0c9bf8","148992","Inventory Report for a specified Ending Date Clinic New2.rpt","False","","False","False","","2","IGroup/Reports/Inventory Report for a specified Ending Date Clinic New2.rpt","Canonical copy retained for exact duplicate group","Retain"
"IGroup/Reports/Inventory Report for a specified Ending Date Clinic.rpt","True","1f05c900f6c0f9fe62604a0ecdb4855d5047ce30","90112","Inventory Report for a specified Ending Date Clinic.rpt","False","","False","False","","2","IGroup/Reports/Inventory Report for a specified Ending Date Clinic.rpt","Canonical copy retained for exact duplicate group","Retain"
"IGroup/Reports/Inventory Report for a specified Ending Date Pharmacy.rpt","True","76133deaab524b8e49daf1ca7f2880dc0947bf01","104448","Inventory Report for a specified Ending Date Pharmacy.rpt","False","","False","False","","1","","No static reference found; retained because reports are loaded dynamically","Retain"
"IGroup/Reports/Inventory Report for a specified Ending Date.rpt","True","04023819bcec92605e12e1a75de08cb0b2c194d1","88576","Inventory Report for a specified Ending Date.rpt","False","","False","False","","2","IGroup/Reports/Inventory Report for a specified Ending Date.rpt","Canonical copy retained for exact duplicate group","Retain"
"IGroup/Reports/Inventory Report for ER except Cleaning Materials for a given date (summarized).rpt","True","d00df2b790bb2f157ac65843258d5fd0439445eb","67072","Inventory Report for ER except Cleaning Materials for a given date (summarized).rpt","False","","False","False","","2","IGroup/Reports/Inventory Report for ER except Cleaning Materials for a given date (summarized).rpt","Canonical copy retained for exact duplicate group","Retain"
"IGroup/Reports/Inventory Report for except Cleaning Materials for a given date (summarized).rpt","True","8bf70930236b283531d31489998da1ad6935bc67","55808","Inventory Report for except Cleaning Materials for a given date (summarized).rpt","False","","False","False","","2","IGroup/Reports/Inventory Report for except Cleaning Materials for a given date (summarized).rpt","Canonical copy retained for exact duplicate group","Retain"
"IGroup/Reports/Inventory Report for Injection for a given date (detailed).rpt","True","f0548ace0b5e63cb669edf18e368df84b2ec763b","60416","Inventory Report for Injection for a given date (detailed).rpt","False","","False","False","","2","IGroup/Reports/Inventory Report for Injection for a given date (detailed).rpt","Canonical copy retained for exact duplicate group","Retain"
"IGroup/Reports/Inventory Report for Injection for a given date (summarized).rpt","True","e60e5db25866f50a492c23810127e31ddf022b55","60416","Inventory Report for Injection for a given date (summarized).rpt","False","","False","False","","2","IGroup/Reports/Inventory Report for Injection for a given date (summarized).rpt","Canonical copy retained for exact duplicate group","Retain"
"IGroup/Reports/Inventory Report for Injection for a given date.rpt","True","f62d2bf0ee7509f647197368326524f31299d1e4","59392","Inventory Report for Injection for a given date.rpt","False","","False","False","","2","IGroup/Reports/Inventory Report for Injection for a given date.rpt","Canonical copy retained for exact duplicate group","Retain"
"IGroup/Reports/Inventory Report for Injections at ER for a given date (summarized).rpt","True","89f0a3b10205fa5623a9f89b7ce7b95467b5abcf","67072","Inventory Report for Injections at ER for a given date (summarized).rpt","False","","False","False","","2","IGroup/Reports/Inventory Report for Injections at ER for a given date (summarized).rpt","Canonical copy retained for exact duplicate group","Retain"
"IGroup/Reports/Inventory Report for testing.rpt","True","c2b682693335eecaf5f0f8691d29d3ede04512d4","65024","Inventory Report for testing.rpt","False","","False","False","","3","IGroup/Reports/Inventory Report for testing.rpt","Canonical copy retained for exact duplicate group","Retain"
"IGroup/Reports/InvoiceSummaryTimeWiseGraph.rpt","True","6366d78d54bf2f251df1b0f12aa9c1a1b87fd150","31744","InvoiceSummaryTimeWiseGraph.rpt","False","","False","False","","5","IGroup/Reports/InvoiceSummaryTimeWiseGraph.rpt","Canonical copy retained for exact duplicate group","Retain"
"IGroup/Reports/Iqama-Baladiya-DriversLicenseTests Done for a given Period.rpt","True","a533befff6bc157c6adbd9341de82cb276a3fc13","295936","Iqama-Baladiya-DriversLicenseTests Done for a given Period.rpt","False","","False","False","","2","IGroup/Reports/Iqama-Baladiya-DriversLicenseTests Done for a given Period.rpt","Canonical copy retained for exact duplicate group","Retain"
"IGroup/Reports/ISP/ATM-Cash Income Summary Per Month Per Service Per Doctor Multple.rpt","True","a212ba02138217ba474cdb17abdbc601808d513a","57856","ATM-Cash Income Summary Per Month Per Service Per Doctor Multple.rpt","False","","False","False","","2","IGroup/Reports/ISP/ATM-Cash Income Summary Per Month Per Service Per Doctor Multple.rpt","Canonical copy retained for exact duplicate group","Retain"
"IGroup/Reports/ISP/ATM-Cash Income Summary Per Month Per Service Per Doctor.rpt","True","831a7a3c85c3d1f66d79227c230fbf61d52cc6d4","57856","ATM-Cash Income Summary Per Month Per Service Per Doctor.rpt","False","","False","False","","2","IGroup/Reports/ISP/ATM-Cash Income Summary Per Month Per Service Per Doctor.rpt","Canonical copy retained for exact duplicate group","Retain"
"IGroup/Reports/ISP/ATM-Cash Income Summary Per Month Per Service.rpt","True","6101ff98f65a37759de3a33c60f6cd87cc753853","57856","ATM-Cash Income Summary Per Month Per Service.rpt","False","","False","False","","2","IGroup/Reports/ISP/ATM-Cash Income Summary Per Month Per Service.rpt","Canonical copy retained for exact duplicate group","Retain"
"IGroup/Reports/ISP/ATM-Cash Income Summary Per Month Summary Per Department per Service.rpt","True","56a261e6d4e0b35c7a6263886c877a8442090df3","59904","ATM-Cash Income Summary Per Month Summary Per Department per Service.rpt","False","","False","False","","2","IGroup/Reports/ISP/ATM-Cash Income Summary Per Month Summary Per Department per Service.rpt","Canonical copy retained for exact duplicate group","Retain"
"IGroup/Reports/ISP/ATM-Cash Income Summary Per Month Summary Per Month Per Service Per Doctor.rpt","True","957657477d16de928197beb634422b63d84eefb4","59904","ATM-Cash Income Summary Per Month Summary Per Month Per Service Per Doctor.rpt","False","","False","False","","2","IGroup/Reports/ISP/ATM-Cash Income Summary Per Month Summary Per Month Per Service Per Doctor.rpt","Canonical copy retained for exact duplicate group","Retain"
"IGroup/Reports/ISP/ATM-Cash Income Summary Per Month Summary Per Month Per Service.rpt","True","e290f9c18eb1170237beb9b2e9c1f5349c124ba9","57856","ATM-Cash Income Summary Per Month Summary Per Month Per Service.rpt","False","","False","False","","2","IGroup/Reports/ISP/ATM-Cash Income Summary Per Month Summary Per Month Per Service.rpt","Canonical copy retained for exact duplicate group","Retain"
"IGroup/Reports/ISP/ATM-Cash Income Summary Statement Per Month Post Final Summary Per Department per Service.rpt","True","97db664c372f79b61a4855c4c0f6f7bc2392b0f8","56832","ATM-Cash Income Summary Statement Per Month Post Final Summary Per Department per Service.rpt","False","","False","False","","2","IGroup/Reports/ISP/ATM-Cash Income Summary Statement Per Month Post Final Summary Per Department per Service.rpt","Canonical copy retained for exact duplicate group","Retain"
"IGroup/Reports/ISP/ATM-Cash Income Summary Statement Per Month Post Final Summary Per Department per Service2.rpt","True","227441544b0078d4b9ec773fb849bac688383ed6","59904","ATM-Cash Income Summary Statement Per Month Post Final Summary Per Department per Service2.rpt","False","","False","False","","2","IGroup/Reports/ISP/ATM-Cash Income Summary Statement Per Month Post Final Summary Per Department per Service2.rpt","Canonical copy retained for exact duplicate group","Retain"
"IGroup/Reports/ISP/ATM-Cash Income Summary Statement Per Month Post Final Summary Per Department per Service3.rpt","True","1b1af2c761c08404f64ca0416604724cb8d23f96","59904","ATM-Cash Income Summary Statement Per Month Post Final Summary Per Department per Service3.rpt","False","","False","False","","2","IGroup/Reports/ISP/ATM-Cash Income Summary Statement Per Month Post Final Summary Per Department per Service3.rpt","Canonical copy retained for exact duplicate group","Retain"
"IGroup/Reports/ISP/ATM-Cash Income Summary Statement Per Month Post Final Summary Per Department per ServiceTest.rpt","True","ab2b0751d84288492cf275d4b7d79433e9e09241","59392","ATM-Cash Income Summary Statement Per Month Post Final Summary Per Department per ServiceTest.rpt","True","Archive-style filename","False","False","","2","IGroup/Reports/ISP/ATM-Cash Income Summary Statement Per Month Post Final Summary Per Department per ServiceTest.rpt","Canonical copy retained for exact duplicate group","Retain"
"IGroup/Reports/ISP/ATM-Cash Income Summary Statement Per Month Post Final Summary Per Hour per Doctor with VAT.rpt","True","13a74198dc46d13c9bdf7c63f8795e3f2e98d908","57856","ATM-Cash Income Summary Statement Per Month Post Final Summary Per Hour per Doctor with VAT.rpt","False","","False","False","","2","IGroup/Reports/ISP/ATM-Cash Income Summary Statement Per Month Post Final Summary Per Hour per Doctor with VAT.rpt","Canonical copy retained for exact duplicate group","Retain"
"IGroup/Reports/ISP/ATM-Cash Income Summary Statement Per Month Post Final Summary Per Hour per Doctor without VAT.rpt","True","8ad5509bc857b494002df238ca68f0b35c4c1107","59904","ATM-Cash Income Summary Statement Per Month Post Final Summary Per Hour per Doctor without VAT.rpt","False","","False","False","","2","IGroup/Reports/ISP/ATM-Cash Income Summary Statement Per Month Post Final Summary Per Hour per Doctor without VAT.rpt","Canonical copy retained for exact duplicate group","Retain"
"IGroup/Reports/ISP/ATM-Cash Income Summary Statement Per Month Post Final Summary Per Hour per Doctor.rpt","True","d133f586be461dcc733635cad7ce30b48c00b179","57856","ATM-Cash Income Summary Statement Per Month Post Final Summary Per Hour per Doctor.rpt","False","","False","False","","2","IGroup/Reports/ISP/ATM-Cash Income Summary Statement Per Month Post Final Summary Per Hour per Doctor.rpt","Canonical copy retained for exact duplicate group","Retain"
"IGroup/Reports/ISP/ATM-Cash Income Summary Statement Per Month Post Final Summary Per Hour per Service.rpt","True","2a5ae35558896cc96457b2e6fea44f7f90ef58b8","57856","ATM-Cash Income Summary Statement Per Month Post Final Summary Per Hour per Service.rpt","False","","False","False","","2","IGroup/Reports/ISP/ATM-Cash Income Summary Statement Per Month Post Final Summary Per Hour per Service.rpt","Canonical copy retained for exact duplicate group","Retain"
"IGroup/Reports/ISP/ATM-Cash Income Summary Statement Per Month Post Final Summary Per Hour per Service2.rpt","True","7c296f603585ada9a2b67ccb4eb5064e988b103d","59904","ATM-Cash Income Summary Statement Per Month Post Final Summary Per Hour per Service2.rpt","False","","False","False","","2","IGroup/Reports/ISP/ATM-Cash Income Summary Statement Per Month Post Final Summary Per Hour per Service2.rpt","Canonical copy retained for exact duplicate group","Retain"
"IGroup/Reports/ISP/ATM-Cash Income Summary Statement Per Month Post Final Summary.rpt","True","54b93e242a890b5db34416c9a5c91481b1c476ad","60416","ATM-Cash Income Summary Statement Per Month Post Final Summary.rpt","False","","False","False","","2","IGroup/Reports/ISP/ATM-Cash Income Summary Statement Per Month Post Final Summary.rpt","Canonical copy retained for exact duplicate group","Retain"
"IGroup/Reports/ISP/ATM-Cash Summary Statement Per Month Post Final Summary 2.rpt","True","17641ba73dc98b730f10b6391290f3e9d7ba42a2","60416","ATM-Cash Summary Statement Per Month Post Final Summary 2.rpt","False","","False","False","","2","IGroup/Reports/ISP/ATM-Cash Summary Statement Per Month Post Final Summary 2.rpt","Canonical copy retained for exact duplicate group","Retain"
"IGroup/Reports/ISP/ATM-Cash Summary Statement Per Month Post Final Summary Without Pharmacy.rpt","True","74136a5d7f99dfdbcbabcc38dfba75460b78159e","58368","ATM-Cash Summary Statement Per Month Post Final Summary Without Pharmacy.rpt","False","","False","False","","2","IGroup/Reports/ISP/ATM-Cash Summary Statement Per Month Post Final Summary Without Pharmacy.rpt","Canonical copy retained for exact duplicate group","Retain"
"IGroup/Reports/ISP/ATM-Cash Summary Statement Per Month Post Final Summary.rpt","True","bc0d13fe7118924c6e4b3b83144db3b163be513e","58368","ATM-Cash Summary Statement Per Month Post Final Summary.rpt","False","","False","False","","2","IGroup/Reports/ISP/ATM-Cash Summary Statement Per Month Post Final Summary.rpt","Canonical copy retained for exact duplicate group","Retain"
"IGroup/Reports/ISP/ATM-CashIncomePerDepartmentPostSummary.rpt","True","3c4f4bd47f1c954a181465924b32a0ad615bbb88","52736","ATM-CashIncomePerDepartmentPostSummary.rpt","False","","False","False","","2","IGroup/Reports/ISP/ATM-CashIncomePerDepartmentPostSummary.rpt","Canonical copy retained for exact duplicate group","Retain"
"IGroup/Reports/ISP/ATM-CashIncomePostSummary.rpt","True","9b15aad1da0e68f215a7e87fbbf9b1dee90e7566","51712","ATM-CashIncomePostSummary.rpt","False","","False","False","","2","IGroup/Reports/ISP/ATM-CashIncomePostSummary.rpt","Canonical copy retained for exact duplicate group","Retain"
"IGroup/Reports/ISP/ATM-CashIncomePostSummaryClinic.rpt","True","b60729c2c3f210416ed893203f4c23d909e0d1e4","52224","ATM-CashIncomePostSummaryClinic.rpt","False","","False","False","","2","IGroup/Reports/ISP/ATM-CashIncomePostSummaryClinic.rpt","Canonical copy retained for exact duplicate group","Retain"
"IGroup/Reports/ISP/ATM-CashIncomePostSummaryPharmacy.rpt","True","566def92efb24e468be286c6f1d6ec1d2b5b3105","52224","ATM-CashIncomePostSummaryPharmacy.rpt","False","","False","False","","2","IGroup/Reports/ISP/ATM-CashIncomePostSummaryPharmacy.rpt","Canonical copy retained for exact duplicate group","Retain"
"IGroup/Reports/ISP/ATM-CashIncomePostSummaryPharmacyDetailed.rpt","True","ec7fd3d80aef65a97717a239ce2fdbc037daeef7","52224","ATM-CashIncomePostSummaryPharmacyDetailed.rpt","False","","False","False","","2","IGroup/Reports/ISP/ATM-CashIncomePostSummaryPharmacyDetailed.rpt","Canonical copy retained for exact duplicate group","Retain"
"IGroup/Reports/ISP/ATM-CashIncomeSummaryPerDayBasedOnInvDetails.rpt","True","8d4e5be33d2457404b42c8fec22d0120790e2f96","52736","ATM-CashIncomeSummaryPerDayBasedOnInvDetails.rpt","False","","False","False","","2","IGroup/Reports/ISP/ATM-CashIncomeSummaryPerDayBasedOnInvDetails.rpt","Canonical copy retained for exact duplicate group","Retain"
"IGroup/Reports/ISP/ATM-CashIncomeSummaryPerDoctorBasedOnInvDetails.rpt","True","bd4a611bac56a988bba5369f2485c6ba9eb5b569","51200","ATM-CashIncomeSummaryPerDoctorBasedOnInvDetails.rpt","False","","False","False","","2","IGroup/Reports/ISP/ATM-CashIncomeSummaryPerDoctorBasedOnInvDetails.rpt","Canonical copy retained for exact duplicate group","Retain"
"IGroup/Reports/ISP/ATM-CashIncomeSummaryPerDoctorBasedOnInvDetails_summary.rpt","True","a64eb034585a0ac741706ba50ac3b404cc30fc3b","51200","ATM-CashIncomeSummaryPerDoctorBasedOnInvDetails_summary.rpt","False","","False","False","","2","IGroup/Reports/ISP/ATM-CashIncomeSummaryPerDoctorBasedOnInvDetails_summary.rpt","Canonical copy retained for exact duplicate group","Retain"
"IGroup/Reports/ISP/ATM-CashIncomeSummaryPerDoctorBasedOnInvDetails_summaryPerService for a given period range..rpt","True","bea6dbff69e09d1bf5aad217af78bdd216715d71","59392","ATM-CashIncomeSummaryPerDoctorBasedOnInvDetails_summaryPerService for a given period range..rpt","False","","False","False","","2","IGroup/Reports/ISP/ATM-CashIncomeSummaryPerDoctorBasedOnInvDetails_summaryPerService for a given period range..rpt","Canonical copy retained for exact duplicate group","Retain"
"IGroup/Reports/ISP/ATM-CashIncomeSummaryPerDoctorBasedOnInvDetails_summaryPerService landscape mode.rpt","True","9a6589185cb4f2d4f8d7bfcad5dac15f050de8bd","52736","ATM-CashIncomeSummaryPerDoctorBasedOnInvDetails_summaryPerService landscape mode.rpt","False","","False","False","","2","IGroup/Reports/ISP/ATM-CashIncomeSummaryPerDoctorBasedOnInvDetails_summaryPerService landscape mode.rpt","Canonical copy retained for exact duplicate group","Retain"
"IGroup/Reports/ISP/ATM-CashIncomeSummaryPerDoctorBasedOnInvDetails_summaryPerService.rpt","True","c09f4023b0c010b7104244a9f64ab1b0c49fb9df","52736","ATM-CashIncomeSummaryPerDoctorBasedOnInvDetails_summaryPerService.rpt","False","","False","False","","2","IGroup/Reports/ISP/ATM-CashIncomeSummaryPerDoctorBasedOnInvDetails_summaryPerService.rpt","Canonical copy retained for exact duplicate group","Retain"
"IGroup/Reports/ISP/ATM-CashIncomeSummaryStatementPerDay.rpt","True","4048785ea83843c80e790f0d874dc2ba8a2a7464","50688","ATM-CashIncomeSummaryStatementPerDay.rpt","False","","False","False","","2","IGroup/Reports/ISP/ATM-CashIncomeSummaryStatementPerDay.rpt","Canonical copy retained for exact duplicate group","Retain"
"IGroup/Reports/ISP/ATM-CashIncomeSummaryStatementPerDayPerDoctor.rpt","True","39af43788c11ce1ba0253418f3257b9cbdede1d5","52736","ATM-CashIncomeSummaryStatementPerDayPerDoctor.rpt","False","","False","False","","2","IGroup/Reports/ISP/ATM-CashIncomeSummaryStatementPerDayPerDoctor.rpt","Canonical copy retained for exact duplicate group","Retain"
"IGroup/Reports/ISP/ATM-ClinicDailyReceptionInvoiceSummaryTest.rpt","True","343e34eae46e7222f900d2f0cf4135d5463eacd4","52224","ATM-ClinicDailyReceptionInvoiceSummaryTest.rpt","True","Archive-style filename","False","False","","2","IGroup/Reports/ISP/ATM-ClinicDailyReceptionInvoiceSummaryTest.rpt","Canonical copy retained for exact duplicate group","Retain"
"IGroup/Reports/ISP/ATM-ClinicDailyReceptionUserWise111.rpt","True","8d849ace9ccc803278721c17e7893dd951237b97","51712","ATM-ClinicDailyReceptionUserWise111.rpt","False","","False","False","","6","IGroup/Reports/ISP/ATM-ClinicDailyReceptionUserWise111.rpt","Canonical copy retained for exact duplicate group","Retain"
"IGroup/Reports/ISP/ATM-ClinicDailyReceptionUserWise3.rpt","True","94c6292fcbea32fda99ad37401ebcf9ed7350c1e","54784","ATM-ClinicDailyReceptionUserWise3.rpt","False","","False","False","","7","IGroup/Reports/ClinicDailyReceptionUserWise3.rpt","Exact duplicate retained pending filename/path validation","Retain"
"IGroup/Reports/ISP/ATM-ClinicDailyReceptionUserWiseNew.rpt","True","59f1fe625f2def1031bef1d906bcc5de3f0af9e3","51200","ATM-ClinicDailyReceptionUserWiseNew.rpt","False","","False","False","","3","IGroup/Reports/ISP/ATM-ClinicDailyReceptionUserWiseNew.rpt","Canonical copy retained for exact duplicate group","Retain"
"IGroup/Reports/ISP/ATM-Company Summary Statement Per Month Post Final Summary Except Self Sale.rpt","True","5ad7cc114573c1830a9e3eaa5d5e5743dd4cf510","58880","ATM-Company Summary Statement Per Month Post Final Summary Except Self Sale.rpt","False","","False","False","","2","IGroup/Reports/ISP/ATM-Company Summary Statement Per Month Post Final Summary Except Self Sale.rpt","Canonical copy retained for exact duplicate group","Retain"
"IGroup/Reports/ISP/ATM-Company Summary Statement Per Month Post Final Summary.rpt","True","a8a596884ea863af9793a22e2582a16641443fa8","58368","ATM-Company Summary Statement Per Month Post Final Summary.rpt","False","","False","False","","2","IGroup/Reports/ISP/ATM-Company Summary Statement Per Month Post Final Summary.rpt","Canonical copy retained for exact duplicate group","Retain"
"IGroup/Reports/ISP/ATM-Company Summary Statement Per Month Post Summary.rpt","True","1856ce084086d67c825ead8097127188e5986eac","60928","ATM-Company Summary Statement Per Month Post Summary.rpt","False","","False","False","","2","IGroup/Reports/ISP/ATM-Company Summary Statement Per Month Post Summary.rpt","Canonical copy retained for exact duplicate group","Retain"
"IGroup/Reports/ISP/ATM-Company Summary StatementPer Month Post Summary.rpt","True","0edfc5be15080af3f75960379143d4a472991aa9","58880","ATM-Company Summary StatementPer Month Post Summary.rpt","False","","False","False","","2","IGroup/Reports/ISP/ATM-Company Summary StatementPer Month Post Summary.rpt","Canonical copy retained for exact duplicate group","Retain"
"IGroup/Reports/ISP/ATM-CompanySummaryStatement per Month.rpt","True","82f181f312fef5fdb50b372358bb2ff86501a6ed","55296","ATM-CompanySummaryStatement per Month.rpt","False","","False","False","","2","IGroup/Reports/ISP/ATM-CompanySummaryStatement per Month.rpt","Canonical copy retained for exact duplicate group","Retain"
"IGroup/Reports/ISP/ATM-CompanySummaryStatementPerMonthlyPostSummary Format 2.rpt","True","cea2fcf3e652d8e296184bd0cc8d28fc5ba69345","53248","ATM-CompanySummaryStatementPerMonthlyPostSummary Format 2.rpt","False","","False","False","","2","IGroup/Reports/ISP/ATM-CompanySummaryStatementPerMonthlyPostSummary Format 2.rpt","Canonical copy retained for exact duplicate group","Retain"
"IGroup/Reports/ISP/ATM-CompanySummaryStatementPerMonthlyPostSummary Format 2b.rpt","True","5a642e19231aa02db594fe8eaafc46d2c5a8f6d0","52224","ATM-CompanySummaryStatementPerMonthlyPostSummary Format 2b.rpt","False","","False","False","","2","IGroup/Reports/ISP/ATM-CompanySummaryStatementPerMonthlyPostSummary Format 2b.rpt","Canonical copy retained for exact duplicate group","Retain"
"IGroup/Reports/ISP/ATM-CompanySummaryStatementPerMonthlyPostSummary Format 2BA.rpt","True","aaa22de3f67217d887b490787092f45bef96321a","59392","ATM-CompanySummaryStatementPerMonthlyPostSummary Format 2BA.rpt","False","","False","False","","2","IGroup/Reports/ISP/ATM-CompanySummaryStatementPerMonthlyPostSummary Format 2BA.rpt","Canonical copy retained for exact duplicate group","Retain"
"IGroup/Reports/ISP/ATM-CompanySummaryStatementPerMonthlyPostSummary Summarized New per invoice.rpt","True","c2ceabe471929cfb9309f5f87b542127cf3b8191","58880","ATM-CompanySummaryStatementPerMonthlyPostSummary Summarized New per invoice.rpt","False","","False","False","","2","IGroup/Reports/ISP/ATM-CompanySummaryStatementPerMonthlyPostSummary Summarized New per invoice.rpt","Canonical copy retained for exact duplicate group","Retain"
"IGroup/Reports/ISP/ATM-CompanySummaryStatementPerMonthlyPostSummary Summarized New.rpt","True","2b40a584ae6a3847b1717335a587c9d0f2c40d08","58880","ATM-CompanySummaryStatementPerMonthlyPostSummary Summarized New.rpt","False","","False","False","","2","IGroup/Reports/ISP/ATM-CompanySummaryStatementPerMonthlyPostSummary Summarized New.rpt","Canonical copy retained for exact duplicate group","Retain"
"IGroup/Reports/ISP/ATM-CompanySummaryStatementPerMonthlyPostSummary Summarized per Invoice New.rpt","True","d3c334a1bfd39246133451ef965e65b1097ed11f","58368","ATM-CompanySummaryStatementPerMonthlyPostSummary Summarized per Invoice New.rpt","False","","False","False","","2","IGroup/Reports/ISP/ATM-CompanySummaryStatementPerMonthlyPostSummary Summarized per Invoice New.rpt","Canonical copy retained for exact duplicate group","Retain"
"IGroup/Reports/ISP/ATM-CompanySummaryStatementPerMonthlyPostSummary Summarized per Invoice.rpt","True","ba3a8097e7fbb6a4fc447aa5b4e826e04a76dc62","58880","ATM-CompanySummaryStatementPerMonthlyPostSummary Summarized per Invoice.rpt","False","","False","False","","2","IGroup/Reports/ISP/ATM-CompanySummaryStatementPerMonthlyPostSummary Summarized per Invoice.rpt","Canonical copy retained for exact duplicate group","Retain"
"IGroup/Reports/ISP/ATM-CompanySummaryStatementPerMonthlyPostSummary.rpt","True","eb215a0875a578ed2f818b553a07896de115c61d","54272","ATM-CompanySummaryStatementPerMonthlyPostSummary.rpt","False","","False","False","","2","IGroup/Reports/ISP/ATM-CompanySummaryStatementPerMonthlyPostSummary.rpt","Canonical copy retained for exact duplicate group","Retain"
"IGroup/Reports/ISP/ATM-CompanySummaryStatementPerMonthlyPostSummary2.rpt","True","72f706a0327e50b41ac74fe27df840604ca633b6","52224","ATM-CompanySummaryStatementPerMonthlyPostSummary2.rpt","False","","False","False","","2","IGroup/Reports/ISP/ATM-CompanySummaryStatementPerMonthlyPostSummary2.rpt","Canonical copy retained for exact duplicate group","Retain"
"IGroup/Reports/ISP/ATM-CompanySummaryStatementPerMonthlyPostSummaryByTransNo.rpt","True","d581acf57b8db72fbaffa2933a316e081953e5fa","52736","ATM-CompanySummaryStatementPerMonthlyPostSummaryByTransNo.rpt","False","","False","False","","2","IGroup/Reports/ISP/ATM-CompanySummaryStatementPerMonthlyPostSummaryByTransNo.rpt","Canonical copy retained for exact duplicate group","Retain"
"IGroup/Reports/ISP/ATM-CompanySummaryStatementPerMonthlyPostSummaryNew.rpt","True","6e14844439e722b985c31d82657b311d0a5d6c29","54272","ATM-CompanySummaryStatementPerMonthlyPostSummaryNew.rpt","False","","False","False","","2","IGroup/Reports/ISP/ATM-CompanySummaryStatementPerMonthlyPostSummaryNew.rpt","Canonical copy retained for exact duplicate group","Retain"
"IGroup/Reports/ISP/ATM-CompanySummaryStatementPerMonthSingleCompany(onNewTable).rpt","True","390f591fd5c41d18e41e1eb077034257d31924c6","54784","ATM-CompanySummaryStatementPerMonthSingleCompany(onNewTable).rpt","False","","False","False","","2","IGroup/Reports/ISP/ATM-CompanySummaryStatementPerMonthSingleCompany(onNewTable).rpt","Canonical copy retained for exact duplicate group","Retain"
"IGroup/Reports/ISP/ATM-CompanySummaryStatementPerMonthSingleCompany(onNewTable)Detailed.rpt","True","6b26eea869e2ec4b64d92541ad5f29de29a19e6a","55296","ATM-CompanySummaryStatementPerMonthSingleCompany(onNewTable)Detailed.rpt","False","","False","False","","2","IGroup/Reports/ISP/ATM-CompanySummaryStatementPerMonthSingleCompany(onNewTable)Detailed.rpt","Canonical copy retained for exact duplicate group","Retain"
"IGroup/Reports/ISP/ATM-CompanySummaryStatementPerMonthSingleCompany.rpt","True","eb97b7bce9b2bcbb88732533cd6476e8619ab122","55296","ATM-CompanySummaryStatementPerMonthSingleCompany.rpt","False","","False","False","","2","IGroup/Reports/ISP/ATM-CompanySummaryStatementPerMonthSingleCompany.rpt","Canonical copy retained for exact duplicate group","Retain"
"IGroup/Reports/ISP/ATM-Credit Income Summary per Company N Pharma.rpt","True","40996e8f008a9033e59ae6e79fba602faf8cf5dc","53248","ATM-Credit Income Summary per Company N Pharma.rpt","False","","False","False","","2","IGroup/Reports/ISP/ATM-Credit Income Summary per Company N Pharma.rpt","Canonical copy retained for exact duplicate group","Retain"
"IGroup/Reports/ISP/ATM-CreditIncomePostSummaryClinicNPharma.rpt","True","3a63eb0d15eef2c0d18ad81a97da126a5a1e976b","52224","ATM-CreditIncomePostSummaryClinicNPharma.rpt","False","","False","False","","2","IGroup/Reports/ISP/ATM-CreditIncomePostSummaryClinicNPharma.rpt","Canonical copy retained for exact duplicate group","Retain"
"IGroup/Reports/ISP/ATM-IBCombinedUserWiseSummaryStatementTest.rpt","True","f9ffbb1166e73331f604046b267b7e33a5802ae6","51200","ATM-IBCombinedUserWiseSummaryStatementTest.rpt","True","Archive-style filename","False","False","","2","IGroup/Reports/ISP/ATM-IBCombinedUserWiseSummaryStatementTest.rpt","Canonical copy retained for exact duplicate group","Retain"
"IGroup/Reports/ISP/ATM-Pharmacy Summary Statement Per Month Post Final Summary.rpt","True","a71af2e6c900a1a854c7ff1423087172a3e7cf34","58368","ATM-Pharmacy Summary Statement Per Month Post Final Summary.rpt","False","","False","False","","2","IGroup/Reports/ISP/ATM-Pharmacy Summary Statement Per Month Post Final Summary.rpt","Canonical copy retained for exact duplicate group","Retain"
"IGroup/Reports/ISP/ATM-Summary Statement Per Month Post Final Summary.rpt","True","25286480533f0a1a6dcecff883cc52aed0312c6d","58368","ATM-Summary Statement Per Month Post Final Summary.rpt","False","","False","False","","2","IGroup/Reports/ISP/ATM-Summary Statement Per Month Post Final Summary.rpt","Canonical copy retained for exact duplicate group","Retain"
"IGroup/Reports/ISP/CashCompanySummaryStatementDetailed.rpt","True","7af07223f45363b92ec3bcfbeba11d442bfd77ea","51712","CashCompanySummaryStatementDetailed.rpt","False","","False","False","","2","IGroup/Reports/ISP/CashCompanySummaryStatementDetailed.rpt","Canonical copy retained for exact duplicate group","Retain"
"IGroup/Reports/ISP/CashCompanySummaryStatementDetailedEntered as Credit.rpt","True","da0eb7efe5a4333926e0336eee11d44b6bdb3cbc","52224","CashCompanySummaryStatementDetailedEntered as Credit.rpt","False","","False","False","","2","IGroup/Reports/ISP/CashCompanySummaryStatementDetailedEntered as Credit.rpt","Canonical copy retained for exact duplicate group","Retain"
"IGroup/Reports/ISP/Clinic Cash Income per Service per Doctor per Hour Period.rpt","True","a4487c4d5986aa2a0695889681ee9ac56d0de37d","51200","Clinic Cash Income per Service per Doctor per Hour Period.rpt","False","","False","False","","2","IGroup/Reports/ISP/Clinic Cash Income per Service per Doctor per Hour Period.rpt","Canonical copy retained for exact duplicate group","Retain"
"IGroup/Reports/ISP/Clinic Cash Income per Service per Doctor per Month.rpt","True","bbaa6cce85ac06a23677d815290118ad5e898392","53248","Clinic Cash Income per Service per Doctor per Month.rpt","False","","False","False","","2","IGroup/Reports/ISP/Clinic Cash Income per Service per Doctor per Month.rpt","Canonical copy retained for exact duplicate group","Retain"
"IGroup/Reports/ISP/Clinic Cash Income per Service per Doctor per Period Single Doctor per item.rpt","True","67efc2a3e5299b900a77a1bce9bdc8458e6d6f52","51200","Clinic Cash Income per Service per Doctor per Period Single Doctor per item.rpt","False","","False","False","","2","IGroup/Reports/ISP/Clinic Cash Income per Service per Doctor per Period Single Doctor per item.rpt","Canonical copy retained for exact duplicate group","Retain"
"IGroup/Reports/ISP/Clinic Cash Income per Service per Doctor per Period Single Doctor.rpt","True","fe3f29add6a56d1d14d7dd608edad4fc26bab520","52736","Clinic Cash Income per Service per Doctor per Period Single Doctor.rpt","False","","False","False","","2","IGroup/Reports/ISP/Clinic Cash Income per Service per Doctor per Period Single Doctor.rpt","Canonical copy retained for exact duplicate group","Retain"
"IGroup/Reports/ISP/Clinic Cash Income per Service per Doctor per Period.rpt","True","b21cfd32451da337950fe45268a96d885391ac8e","53248","Clinic Cash Income per Service per Doctor per Period.rpt","False","","False","False","","2","IGroup/Reports/ISP/Clinic Cash Income per Service per Doctor per Period.rpt","Canonical copy retained for exact duplicate group","Retain"
"IGroup/Reports/ISP/CompanySummaryStatement.rpt","True","5d9c96b57c4ca95524b5706091f657baed8e8ccd","51200","CompanySummaryStatement.rpt","False","","False","False","","2","IGroup/Reports/ISP/CompanySummaryStatement.rpt","Canonical copy retained for exact duplicate group","Retain"
"IGroup/Reports/ISP/Doctors Cash & Credit Income per Service per Month per given Doctor.rpt","True","e03c2a0d5300a4df93a7acb883404f8643415cab","98816","Doctors Cash & Credit Income per Service per Month per given Doctor.rpt","False","","False","False","","2","IGroup/Reports/ISP/Doctors Cash & Credit Income per Service per Month per given Doctor.rpt","Canonical copy retained for exact duplicate group","Retain"
"IGroup/Reports/ISP/Doctors Cash and Credit Income per Service per given Doctor.rpt","True","eb767f58fcfaabf4c5c11fe1a0d9081528047539","91136","Doctors Cash and Credit Income per Service per given Doctor.rpt","False","","False","False","","2","IGroup/Reports/ISP/Doctors Cash and Credit Income per Service per given Doctor.rpt","Canonical copy retained for exact duplicate group","Retain"
"IGroup/Reports/ISP/Doctors Cash Income per Service per Doctor per Month.rpt","True","7cb79bc5cfc9f77913dcaedaaf3f88746e36ca3e","51200","Doctors Cash Income per Service per Doctor per Month.rpt","False","","False","False","","2","IGroup/Reports/ISP/Doctors Cash Income per Service per Doctor per Month.rpt","Canonical copy retained for exact duplicate group","Retain"
"IGroup/Reports/ISP/Doctors Cash Income per Service per Doctor.rpt","True","6d19bf6d50d94df97cbfb4a85dc371480342fb95","51200","Doctors Cash Income per Service per Doctor.rpt","False","","False","False","","2","IGroup/Reports/ISP/Doctors Cash Income per Service per Doctor.rpt","Canonical copy retained for exact duplicate group","Retain"
"IGroup/Reports/ISP/Doctors Cash Income per Service per given Doctor.rpt","True","4867ede2e24a44f26890191e89b253afcd05ba44","89088","Doctors Cash Income per Service per given Doctor.rpt","False","","False","False","","2","IGroup/Reports/ISP/Doctors Cash Income per Service per given Doctor.rpt","Canonical copy retained for exact duplicate group","Retain"
"IGroup/Reports/ISP/Doctors Cash Income per Service per given Doctor2.rpt","True","dc015188643eebeb9dafaefa9112c3d4b915be4d","87552","Doctors Cash Income per Service per given Doctor2.rpt","False","","False","False","","2","IGroup/Reports/ISP/Doctors Cash Income per Service per given Doctor2.rpt","Canonical copy retained for exact duplicate group","Retain"
"IGroup/Reports/ISP/Doctors Cash Income per Service per Month per given Doctor.rpt","True","8ee71358ec269a6e7d6295991e93cb862459c12a","101376","Doctors Cash Income per Service per Month per given Doctor.rpt","False","","False","False","","2","IGroup/Reports/ISP/Doctors Cash Income per Service per Month per given Doctor.rpt","Canonical copy retained for exact duplicate group","Retain"
"IGroup/Reports/ISP/Doctors Cash Income per Service.rpt","True","bfc0c51315f1a60bc41f90ce7e16b1ef0f5b787a","89088","Doctors Cash Income per Service.rpt","False","","False","False","","2","IGroup/Reports/ISP/Doctors Cash Income per Service.rpt","Canonical copy retained for exact duplicate group","Retain"
"IGroup/Reports/ISP/Doctors Credit Income per Service per given Doctor.rpt","True","5308fa75c56de24b5c3439f1f35e72df3b5ff630","89088","Doctors Credit Income per Service per given Doctor.rpt","False","","False","False","","2","IGroup/Reports/ISP/Doctors Credit Income per Service per given Doctor.rpt","Canonical copy retained for exact duplicate group","Retain"
"IGroup/Reports/ISP/Doctors Credit Income per Service per given Doctor2.rpt","True","44dce09ce50b6048415402f796177a25f03f361c","89600","Doctors Credit Income per Service per given Doctor2.rpt","False","","False","False","","2","IGroup/Reports/ISP/Doctors Credit Income per Service per given Doctor2.rpt","Canonical copy retained for exact duplicate group","Retain"
"IGroup/Reports/ISP/Doctors Credit Income per Service per Month per given Doctor.rpt","True","f679b3e0df3790f85a16251472c1802354ae9f40","88576","Doctors Credit Income per Service per Month per given Doctor.rpt","False","","False","False","","2","IGroup/Reports/ISP/Doctors Credit Income per Service per Month per given Doctor.rpt","Canonical copy retained for exact duplicate group","Retain"
"IGroup/Reports/ISP/Doctors Credit Income per Service.rpt","True","2e81672264b62c6ceed91b1665d857a957a8066e","89088","Doctors Credit Income per Service.rpt","False","","False","False","","2","IGroup/Reports/ISP/Doctors Credit Income per Service.rpt","Canonical copy retained for exact duplicate group","Retain"
"IGroup/Reports/ISP/Doctors Income Per Service.rpt","True","16bac2f45d29832b72d4bb46b4d167c229be6161","60928","Doctors Income Per Service.rpt","False","","False","False","","2","IGroup/Reports/ISP/Doctors Income Per Service.rpt","Canonical copy retained for exact duplicate group","Retain"
"IGroup/Reports/ISP/ItemMovementReportPeriodic.rpt","True","fed2d2f4492de472cdc723b0566951fb60c60ea6","51712","ItemMovementReportPeriodic.rpt","False","","False","False","","2","IGroup/Reports/ISP/ItemMovementReportPeriodic.rpt","Canonical copy retained for exact duplicate group","Retain"
"IGroup/Reports/ISP/ItemMovementReportPeriodic1.rpt","True","c4d1e4e94d636af64d3a1db767e04ecdda80fb3d","54272","ItemMovementReportPeriodic1.rpt","False","","False","False","","2","IGroup/Reports/ISP/ItemMovementReportPeriodic1.rpt","Canonical copy retained for exact duplicate group","Retain"
"IGroup/Reports/ISP/ItemMovementReportPeriodic2.rpt","True","16db0f026789d02aeca6bbf970052b5951a2d375","53248","ItemMovementReportPeriodic2.rpt","False","","False","False","","2","IGroup/Reports/ISP/ItemMovementReportPeriodic2.rpt","Canonical copy retained for exact duplicate group","Retain"
"IGroup/Reports/ISP/ItemMovementReportPeriodicNew.rpt","True","e68193d32103a52f09f55f6091a42d61820137a4","51200","ItemMovementReportPeriodicNew.rpt","False","","False","False","","2","IGroup/Reports/ISP/ItemMovementReportPeriodicNew.rpt","Canonical copy retained for exact duplicate group","Retain"
"IGroup/Reports/ISP/National Day Services for a given period  Items (itemized).rpt","True","9ca75fc3e610af64e9859ef5067966350f89af20","59392","National Day Services for a given period  Items (itemized).rpt","False","","False","False","","2","IGroup/Reports/ISP/National Day Services for a given period  Items (itemized).rpt","Canonical copy retained for exact duplicate group","Retain"
"IGroup/Reports/ISP/No of Diagnostic Test services per Month.rpt","True","added601aab2ee70bc784c174e0e83f88f8fcd2e","52736","No of Diagnostic Test services per Month.rpt","False","","False","True","Accounts/Reports/IGroup/No of Diagnostic Test services per Month.vb:30; Accounts/Accounts.vbproj:1860; Accounts/Accounts.vbproj:2706","2","IGroup/Reports/ISP/No of Diagnostic Test services per Month.rpt","Protected by static or project reference","Retain"
"IGroup/Reports/ISP/No of services per Day.rpt","True","dac70e0d6ed7025ce10020b217daf3dfee0c012a","51200","No of services per Day.rpt","False","","False","False","","2","IGroup/Reports/ISP/No of services per Day.rpt","Canonical copy retained for exact duplicate group","Retain"
"IGroup/Reports/ISP/No of services per Day1.rpt","True","5b57562f24350509ca544aefa50e9be7bedffefa","52224","No of services per Day1.rpt","False","","False","False","","2","IGroup/Reports/ISP/No of services per Day1.rpt","Canonical copy retained for exact duplicate group","Retain"
"IGroup/Reports/ISP/No of services per Day2.rpt","True","d96258f1babee42c67322ecb6494016ccbf5576b","52224","No of services per Day2.rpt","False","","False","False","","2","IGroup/Reports/ISP/No of services per Day2.rpt","Canonical copy retained for exact duplicate group","Retain"
"IGroup/Reports/ISP/No of services per month Diagnostic Services.rpt","True","862c265fec976160e7d56b5cfca81664286b02a6","52736","No of services per month Diagnostic Services.rpt","False","","False","False","","2","IGroup/Reports/ISP/No of services per month Diagnostic Services.rpt","Canonical copy retained for exact duplicate group","Retain"
"IGroup/Reports/ISP/No. of Patients per clinic Single Doctor.rpt","True","2635cf72b8fe99edf7544fecd5543964bd7ed7d1","218112","No. of Patients per clinic Single Doctor.rpt","False","","False","False","","2","IGroup/Reports/ISP/No. of Patients per clinic Single Doctor.rpt","Canonical copy retained for exact duplicate group","Retain"
"IGroup/Reports/ISP/No. of Patients per doctor per day.rpt","True","0084cf1643c5e74d471ae8f260d4f52cf7fcd439","79872","No. of Patients per doctor per day.rpt","False","","False","False","","2","IGroup/Reports/ISP/No. of Patients per doctor per day.rpt","Canonical copy retained for exact duplicate group","Retain"
"IGroup/Reports/ISP/Payroll Report Per Month Per Employee.rpt","True","01791bddca9bd1ea519d691e5dc084f376e241ad","95744","Payroll Report Per Month Per Employee.rpt","False","","False","False","","2","IGroup/Reports/ISP/Payroll Report Per Month Per Employee.rpt","Canonical copy retained for exact duplicate group","Retain"
"IGroup/Reports/ISP/PurchaseOrderAnalysis.rpt","True","6cec18205f1c93263d4fdd72d07c5638681cb723","17408","PurchaseOrderAnalysis.rpt","False","","False","False","","2","IGroup/Reports/ISP/PurchaseOrderAnalysis.rpt","Canonical copy retained for exact duplicate group","Retain"
"IGroup/Reports/ISP/Report1.rpt","True","5dd559d9c6189a0767d86dc46598d49193e6a82f","48128","Report1.rpt","False","","False","False","","2","IGroup/Reports/ISP/Report1.rpt","Canonical copy retained for exact duplicate group","Retain"
"IGroup/Reports/ISP/Statement of Employee Payroll.rpt","True","56a667740a3e274e633c3b7196a8b86e90697e70","88064","Statement of Employee Payroll.rpt","False","","False","True","Accounts/Reports/IGroup/Statement of Employee Payroll.vb:30; Accounts/Accounts.vbproj:1926; Accounts/Accounts.vbproj:2750","2","IGroup/Reports/ISP/Statement of Employee Payroll.rpt","Protected by static or project reference","Retain"
"IGroup/Reports/ISP/temp.rpt","True","299455b4adaf9b90aa9038551cfe00e809cb0443","60416","temp.rpt","False","","False","False","","2","IGroup/Reports/ISP/temp.rpt","Canonical copy retained for exact duplicate group","Retain"
"IGroup/Reports/ISP/TEST.rpt","True","287dcee68f9cc4e194f0689901ab08b231e939e0","60416","TEST.rpt","True","Archive-style filename","False","False","","2","IGroup/Reports/ISP/TEST.rpt","Canonical copy retained for exact duplicate group","Retain"
"IGroup/Reports/ISP/test2.rpt","True","e952676c8835d080950b817de21f5a8d5679e691","60416","test2.rpt","True","Archive-style filename","False","False","","2","IGroup/Reports/ISP/test2.rpt","Canonical copy retained for exact duplicate group","Retain"
"IGroup/Reports/ISP/trial.rpt","True","2881f642043ffb277bc3678490f36867c05464b0","52736","trial.rpt","True","Archive-style filename","False","False","","2","IGroup/Reports/ISP/trial.rpt","Canonical copy retained for exact duplicate group","Retain"
"IGroup/Reports/ISP/VatAdjustedDailyInvoices.rpt","True","8ee00f12fcbbe228a3466d2feb851afbf5d0c643","56832","VatAdjustedDailyInvoices.rpt","False","","False","False","","2","IGroup/Reports/ISP/VatAdjustedDailyInvoices.rpt","Canonical copy retained for exact duplicate group","Retain"
"IGroup/Reports/ISP/VatAdjustedDailyInvoicesFinal.rpt","True","5ecfc5a3c3c6bc582d1344fd09eef06c8e78255d","52224","VatAdjustedDailyInvoicesFinal.rpt","False","","False","False","","2","IGroup/Reports/ISP/VatAdjustedDailyInvoicesFinal.rpt","Canonical copy retained for exact duplicate group","Retain"
"IGroup/Reports/ISP/VatAdjustedDailyInvoicesNew.rpt","True","d2d754aca9ae2fdc5d9aa686cf02204ac93130d2","55808","VatAdjustedDailyInvoicesNew.rpt","False","","False","False","","2","IGroup/Reports/ISP/VatAdjustedDailyInvoicesNew.rpt","Canonical copy retained for exact duplicate group","Retain"
"IGroup/Reports/ISP/VatAdjustedDailyInvoicesNew2.rpt","True","2bed26ade6b0477ed19c6ca78961352bcce3136c","57856","VatAdjustedDailyInvoicesNew2.rpt","False","","False","False","","2","IGroup/Reports/ISP/VatAdjustedDailyInvoicesNew2.rpt","Canonical copy retained for exact duplicate group","Retain"
"IGroup/Reports/ISP/VatAdjustedDailyInvoicesNew3.rpt","True","8f54289975ab55261c0a9553d7aac4edb7ac691d","55808","VatAdjustedDailyInvoicesNew3.rpt","False","","False","False","","2","IGroup/Reports/ISP/VatAdjustedDailyInvoicesNew3.rpt","Canonical copy retained for exact duplicate group","Retain"
"IGroup/Reports/ISP/VatAdjustedInvoices.rpt","True","61a45adb79a6aac6fdf80e5c72365c8b2faa0fad","53760","VatAdjustedInvoices.rpt","False","","False","False","","2","IGroup/Reports/ISP/VatAdjustedInvoices.rpt","Canonical copy retained for exact duplicate group","Retain"
"IGroup/Reports/ISP/VatAdjustedInvoices4thQuarter.rpt","True","720254670443cdc2a9058c0f8c28451ac0c81dba","53248","VatAdjustedInvoices4thQuarter.rpt","False","","False","False","","2","IGroup/Reports/ISP/VatAdjustedInvoices4thQuarter.rpt","Canonical copy retained for exact duplicate group","Retain"
"IGroup/Reports/ISP/VatAdjustedInvoicesNew.rpt","True","e352f2eeb5d557bdc8dafa789cb45ec9fedb30cb","53760","VatAdjustedInvoicesNew.rpt","False","","False","False","","2","IGroup/Reports/ISP/VatAdjustedInvoicesNew.rpt","Canonical copy retained for exact duplicate group","Retain"
"IGroup/Reports/ISP/VatAdjustedInvoicesVatSubmission.rpt","True","d495e19d0a971c36623c9414709508179cabd9a6","53760","VatAdjustedInvoicesVatSubmission.rpt","False","","False","False","","2","IGroup/Reports/ISP/VatAdjustedInvoicesVatSubmission.rpt","Canonical copy retained for exact duplicate group","Retain"
"IGroup/Reports/ISP/VatAdjustedInvoicesVatSubmission2.rpt","True","6aba65401f46d375f8c7f289950a04cf837c6655","51712","VatAdjustedInvoicesVatSubmission2.rpt","False","","False","False","","2","IGroup/Reports/ISP/VatAdjustedInvoicesVatSubmission2.rpt","Canonical copy retained for exact duplicate group","Retain"
"IGroup/Reports/ISP/VatPurchases4thQuarter.rpt","True","a5317703fae8355f79912343602a0289b8d90eea","48640","VatPurchases4thQuarter.rpt","False","","False","False","","2","IGroup/Reports/ISP/VatPurchases4thQuarter.rpt","Canonical copy retained for exact duplicate group","Retain"
"IGroup/Reports/ISP/Warehouse Summary Usage.rpt","True","8cb1e6806f779edc9f782ef6eb0290cac5848c3b","53248","Warehouse Summary Usage.rpt","False","","False","False","","2","IGroup/Reports/ISP/Warehouse Summary Usage.rpt","Canonical copy retained for exact duplicate group","Retain"
"IGroup/Reports/ItemMovementReport.rpt","True","3ddaf206ec791edbefac13458c55b023ec7e3ba3","15872","ItemMovementReport.rpt","False","","False","False","","5","IGroup/Reports/ItemMovementReport.rpt","Canonical copy retained for exact duplicate group","Retain"
"IGroup/Reports/ItemMovementReportFromOS.rpt","True","6c7cc393be303777e84bd2572bc4bfac1d79817d","50688","ItemMovementReportFromOS.rpt","False","","False","False","","3","IGroup/Reports/ItemMovementReportFromOS.rpt","Canonical copy retained for exact duplicate group","Retain"
"IGroup/Reports/ItemMovementReportPeriodic.rpt","True","cde5ae5dbda06b9a9e46ce777433ef22b2253533","51712","ItemMovementReportPeriodic.rpt","False","","False","False","","3","IGroup/Reports/ItemMovementReportPeriodic.rpt","Canonical copy retained for exact duplicate group","Retain"
"IGroup/Reports/ItemMovementReportPeriodicOrig.rpt","True","69a483009ccb90e3a4f398d372e8747497d9c341","52736","ItemMovementReportPeriodicOrig.rpt","False","","False","False","","3","IGroup/Reports/ItemMovementReportPeriodicOrig.rpt","Canonical copy retained for exact duplicate group","Retain"
"IGroup/Reports/ItemPriceList.rpt","True","3f592b37f1a80aee19c19cd6d352c9891505ef2f","1161728","ItemPriceList.rpt","False","","False","False","","5","IGroup/Reports/ItemPriceList.rpt","Canonical copy retained for exact duplicate group","Retain"
"IGroup/Reports/ItemWisePurchaseHistory.rpt","True","9b2631d46b8356320b08f8387e4747fd441b0ec5","49664","ItemWisePurchaseHistory.rpt","False","","False","False","","3","IGroup/Reports/ItemWisePurchaseHistory.rpt","Canonical copy retained for exact duplicate group","Retain"
"IGroup/Reports/Lab Summary Report by Invoice (Friday Only).rpt","True","db0144a7868fe2f1ef718f9a90036669df0615a0","57344","Lab Summary Report by Invoice (Friday Only).rpt","False","","False","False","","2","IGroup/Reports/Lab Summary Report by Invoice (Friday Only).rpt","Canonical copy retained for exact duplicate group","Retain"
"IGroup/Reports/Lab Summary Report by Invoice Summary per Month.rpt","True","d732960f57fad3217a767a527dccb081b5f8babf","179712","Lab Summary Report by Invoice Summary per Month.rpt","False","","False","False","","2","IGroup/Reports/Lab Summary Report by Invoice Summary per Month.rpt","Canonical copy retained for exact duplicate group","Retain"
"IGroup/Reports/Lab Summary Report by Invoice with amount (Friday Only).rpt","True","6e4f90ee8957731568caec88e444edf1e708bf68","57344","Lab Summary Report by Invoice with amount (Friday Only).rpt","False","","False","False","","2","IGroup/Reports/Lab Summary Report by Invoice with amount (Friday Only).rpt","Canonical copy retained for exact duplicate group","Retain"
"IGroup/Reports/Lab Summary Report by Lab Test (Friday Only).rpt","True","d23e846e37e27951cd90f8a341484786232a48ed","57856","Lab Summary Report by Lab Test (Friday Only).rpt","False","","False","False","","2","IGroup/Reports/Lab Summary Report by Lab Test (Friday Only).rpt","Canonical copy retained for exact duplicate group","Retain"
"IGroup/Reports/Lab Summary Report by Lab Tests (Friday Only).rpt","True","2506fa9e1e0ae9f26658e098ce39f79f3bb77cc1","55808","Lab Summary Report by Lab Tests (Friday Only).rpt","False","","False","False","","2","IGroup/Reports/Lab Summary Report by Lab Tests (Friday Only).rpt","Canonical copy retained for exact duplicate group","Retain"
"IGroup/Reports/Lab Summary Report.rpt","True","1d7a31ee9b39b6fef6bbcee0a152d573fe1ee4ee","56320","Lab Summary Report.rpt","False","","False","False","","2","IGroup/Reports/Lab Summary Report.rpt","Canonical copy retained for exact duplicate group","Retain"
"IGroup/Reports/LabInvp001.rpt","True","ae1534be523360633ebd5cdad8ef0474519b86e5","57856","LabInvp001.rpt","False","","False","False","","2","IGroup/Reports/LabInvp001.rpt","Canonical copy retained for exact duplicate group","Retain"
"IGroup/Reports/Laboratory Tests Done for a given Period per nationality.rpt","True","4a4b921a5358cfd9e69c572dbf5476584bc9db79","206848","Laboratory Tests Done for a given Period per nationality.rpt","False","","False","False","","2","IGroup/Reports/Laboratory Tests Done for a given Period per nationality.rpt","Canonical copy retained for exact duplicate group","Retain"
"IGroup/Reports/Laboratory Tests Done for a given Period per Unknown Nationality.rpt","True","f2908ed47b39b2ad97f171f5b5bef8353689baf5","76288","Laboratory Tests Done for a given Period per Unknown Nationality.rpt","False","","False","False","","2","IGroup/Reports/Laboratory Tests Done for a given Period per Unknown Nationality.rpt","Canonical copy retained for exact duplicate group","Retain"
"IGroup/Reports/Laboratory Tests Done for a given Period.rpt","True","44059e349d057d25767b880fb292452e01ea40d1","99840","Laboratory Tests Done for a given Period.rpt","False","","False","False","","1","","No static reference found; retained because reports are loaded dynamically","Retain"
"IGroup/Reports/Laboratory Tests Done for a given Service Per Period.rpt","True","0f9d2d2f4bc5a13fc431c78128d2b9eeef903745","58880","Laboratory Tests Done for a given Service Per Period.rpt","False","","False","False","","1","","No static reference found; retained because reports are loaded dynamically","Retain"
"IGroup/Reports/LabPlain.rpt","True","80b3329559cb6814884425c1a4e385c666568a89","55808","LabPlain.rpt","False","","False","False","","2","IGroup/Reports/LabPlain.rpt","Canonical copy retained for exact duplicate group","Retain"
"IGroup/Reports/ListofDailyPatients.rpt","True","e7e332a6c7f063ef9f0f950d32f53ca1bd85c7d4","48640","ListofDailyPatients.rpt","False","","False","False","","3","IGroup/Reports/ListofDailyPatients.rpt","Canonical copy retained for exact duplicate group","Retain"
"IGroup/Reports/ListofDailyPatients2.rpt","True","1487d7e414c8591ef4c92ecdb1a019fec3367e9e","50176","ListofDailyPatients2.rpt","False","","False","False","","3","IGroup/Reports/ListofDailyPatients2.rpt","Canonical copy retained for exact duplicate group","Retain"
"IGroup/Reports/ListofDailyPatientsNewFormat.rpt","True","e83daa42ee1b2fc597caa32c7d3a378c0bc2d3cd","50688","ListofDailyPatientsNewFormat.rpt","False","","False","False","","2","IGroup/Reports/ListofDailyPatientsNewFormat.rpt","Canonical copy retained for exact duplicate group","Retain"
"IGroup/Reports/ListofDailyPatientsNewFormat2.rpt","True","1e7ebc799d70ea85577585315e6a409626dccf9f","48640","ListofDailyPatientsNewFormat2.rpt","False","","False","False","","2","IGroup/Reports/ListofDailyPatientsNewFormat2.rpt","Canonical copy retained for exact duplicate group","Retain"
"IGroup/Reports/ListofDailyPatientsOrig2.rpt","True","4181a8917b987b1c52a98d00d7d313e59d679352","48640","ListofDailyPatientsOrig2.rpt","False","","False","False","","2","IGroup/Reports/ListofDailyPatientsOrig2.rpt","Canonical copy retained for exact duplicate group","Retain"
"IGroup/Reports/ListofDailyPatientsPerDoctor.rpt","True","34d72a0058d79d5896ebc53bad59e33a723edca2","51712","ListofDailyPatientsPerDoctor.rpt","False","","False","False","","3","IGroup/Reports/ListofDailyPatientsPerDoctor.rpt","Canonical copy retained for exact duplicate group","Retain"
"IGroup/Reports/ListofMonthlyPatients.rpt","True","f7d6fb7d0315ea0ea3f1d09666ba9f10b0c3e32b","48128","ListofMonthlyPatients.rpt","False","","False","False","","3","IGroup/Reports/ListofMonthlyPatients.rpt","Canonical copy retained for exact duplicate group","Retain"
"IGroup/Reports/MedicalServicePriceList.rpt","True","a12e211b7b5dd44a78a8ea4ad6ccb92d15b65232","119296","MedicalServicePriceList.rpt","False","","False","False","","5","IGroup/Reports/MedicalServicePriceList.rpt","Canonical copy retained for exact duplicate group","Retain"
"IGroup/Reports/MedicalServicePriceListCash.rpt","True","e4bcbf426235515d60d0363621544df8414b920c","48640","MedicalServicePriceListCash.rpt","False","","False","False","","2","IGroup/Reports/MedicalServicePriceListCash.rpt","Canonical copy retained for exact duplicate group","Retain"
"IGroup/Reports/MedicalServicePriceListCredit.rpt","True","d3cd599d884e5cfb446ff56063034cd01a43184a","118784","MedicalServicePriceListCredit.rpt","False","","False","False","","5","IGroup/Reports/MedicalServicePriceListCredit.rpt","Canonical copy retained for exact duplicate group","Retain"
"IGroup/Reports/Mine/ClinicBillPrint.rpt","True","bcc8be23da80b56b705d3b453ac184f4647160b0","14848","ClinicBillPrint.rpt","False","","False","False","","5","IGroup/Reports/Mine/ClinicBillPrint.rpt","Canonical copy retained for exact duplicate group","Retain"
"IGroup/Reports/Mine/ClinicBillPrint1.rpt","True","11b23defe0932a34bae764412a29fa10c079ec5f","14848","ClinicBillPrint1.rpt","False","","False","False","","3","IGroup/Reports/Mine/ClinicBillPrint1.rpt","Canonical copy retained for exact duplicate group","Retain"
"IGroup/Reports/Mine/ClinicDailyReceptionDoctorWise.rpt","True","e65a7cf009ca7be8ee9f105f15875477c1ccc8fb","51200","ClinicDailyReceptionDoctorWise.rpt","False","","False","False","","7","IGroup/Reports/ClinicDailyReceptionDoctorWise.rpt","Exact duplicate retained pending filename/path validation","Retain"
"IGroup/Reports/Mine/ClinicDailyReceptionInvoice (2).rpt","True","09e6bc3c959a144658b90ec29847a84f3eedee64","56320","ClinicDailyReceptionInvoice (2).rpt","True","Archive-style filename","False","False","","2","IGroup/Reports/Mine/ClinicDailyReceptionInvoice (2).rpt","Canonical copy retained for exact duplicate group","Retain"
"IGroup/Reports/Mine/ClinicDailyReceptionInvoice.rpt","True","9e0924b38854b50ad7fdd81d4b8881bdd3d4e230","54784","ClinicDailyReceptionInvoice.rpt","False","","False","False","","2","IGroup/Reports/Mine/ClinicDailyReceptionInvoice.rpt","Canonical copy retained for exact duplicate group","Retain"
"IGroup/Reports/Mine/ClinicDailyReceptionInvoiceER.rpt","True","da86a1f43e0079c320372acacba8b4627a7cd2b0","54272","ClinicDailyReceptionInvoiceER.rpt","False","","False","False","","2","IGroup/Reports/Mine/ClinicDailyReceptionInvoiceER.rpt","Canonical copy retained for exact duplicate group","Retain"
"IGroup/Reports/Mine/ClinicDailyReceptionInvoiceMine.rpt","True","2d090b9e890f4c822ae42cf2988ca18f952d33b8","54272","ClinicDailyReceptionInvoiceMine.rpt","False","","False","False","","2","IGroup/Reports/Mine/ClinicDailyReceptionInvoiceMine.rpt","Canonical copy retained for exact duplicate group","Retain"
"IGroup/Reports/Mine/ClinicDailyReceptionInvoicePerDate.rpt","True","5ff1b20c686728d641799ceac848a108abe62bb8","53760","ClinicDailyReceptionInvoicePerDate.rpt","False","","False","False","","4","IGroup/Reports/Mine/ClinicDailyReceptionInvoicePerDate.rpt","Canonical copy retained for exact duplicate group","Retain"
"IGroup/Reports/Mine/ClinicDailyReceptionInvoicePerInvoice.rpt","True","d0fd722685b6f5511bf12802bd45b31369a068c0","56832","ClinicDailyReceptionInvoicePerInvoice.rpt","False","","False","False","","2","IGroup/Reports/Mine/ClinicDailyReceptionInvoicePerInvoice.rpt","Canonical copy retained for exact duplicate group","Retain"
"IGroup/Reports/Mine/ClinicDailyReceptionUserWise(gross).rpt","True","806e822a2425d8fac4cf708b9555a732845790d6","53760","ClinicDailyReceptionUserWise(gross).rpt","False","","False","False","","2","IGroup/Reports/Mine/ClinicDailyReceptionUserWise(gross).rpt","Canonical copy retained for exact duplicate group","Retain"
"IGroup/Reports/Mine/ClinicDailyReceptionUserWise.rpt","True","4fa9864cff31abc4ed3a79cc6d76dbb24ca8697c","54784","ClinicDailyReceptionUserWise.rpt","False","","False","False","","2","IGroup/Reports/Mine/ClinicDailyReceptionUserWise.rpt","Canonical copy retained for exact duplicate group","Retain"
"IGroup/Reports/Mine/ClinicDailyReceptionUserWise2.rpt","True","5436033757d19d27ea255fb2d45b60381de61e23","54272","ClinicDailyReceptionUserWise2.rpt","False","","False","False","","2","IGroup/Reports/Mine/ClinicDailyReceptionUserWise2.rpt","Canonical copy retained for exact duplicate group","Retain"
"IGroup/Reports/Mine/ClinicReceptionCollection.rpt","True","a04889223c191ad0e995caff64b12b784d5d86c7","53760","ClinicReceptionCollection.rpt","False","","False","False","","3","IGroup/Reports/Mine/ClinicReceptionCollection.rpt","Canonical copy retained for exact duplicate group","Retain"
"IGroup/Reports/Mine/Combined Clinic Cash Income Only per day per Branch with Before Vat Total.rpt","True","a79509b334f49802617998887911d97cc7644551","190976","Combined Clinic Cash Income Only per day per Branch with Before Vat Total.rpt","False","","False","False","","2","IGroup/Reports/Mine/Combined Clinic Cash Income Only per day per Branch with Before Vat Total.rpt","Canonical copy retained for exact duplicate group","Retain"
"IGroup/Reports/Mine/Combined Clinic Cash Income Only per day per Branch.rpt","True","d2a0dff5b4f5db47aa52eefeff9e2b2b29325060","93184","Combined Clinic Cash Income Only per day per Branch.rpt","False","","False","False","","2","IGroup/Reports/Mine/Combined Clinic Cash Income Only per day per Branch.rpt","Canonical copy retained for exact duplicate group","Retain"
"IGroup/Reports/Mine/Combined Clinic Cash Income Only per day per center with Before Vat Total.rpt","True","e4a92b7b2bf43fdd52801317f61439478005bb85","141824","Combined Clinic Cash Income Only per day per center with Before Vat Total.rpt","False","","False","False","","2","IGroup/Reports/Mine/Combined Clinic Cash Income Only per day per center with Before Vat Total.rpt","Canonical copy retained for exact duplicate group","Retain"
"IGroup/Reports/Mine/Combined Clinic Cash Income per day per Branch (with detailed discount).rpt","True","201634a6d1ba9f8ab5fe8d4a5772be097683e7d8","159232","Combined Clinic Cash Income per day per Branch (with detailed discount).rpt","False","","False","False","","2","IGroup/Reports/Mine/Combined Clinic Cash Income per day per Branch (with detailed discount).rpt","Canonical copy retained for exact duplicate group","Retain"
"IGroup/Reports/Mine/Combined Clinic Cash Income per day per Branch Old Format.rpt","True","66dd9c32dadb0ff9420a67edc53c2432ec416240","150528","Combined Clinic Cash Income per day per Branch Old Format.rpt","False","","False","False","","2","IGroup/Reports/Mine/Combined Clinic Cash Income per day per Branch Old Format.rpt","Canonical copy retained for exact duplicate group","Retain"
"IGroup/Reports/Mine/Combined Clinic Cash Income per user per Branch (with detailed discount).rpt","True","0c7551c54a9d25bf76d00304a90b5c29718491ee","92672","Combined Clinic Cash Income per user per Branch (with detailed discount).rpt","False","","False","False","","2","IGroup/Reports/Mine/Combined Clinic Cash Income per user per Branch (with detailed discount).rpt","Canonical copy retained for exact duplicate group","Retain"
"IGroup/Reports/Mine/Combined Clinic Cash Income per user per Center (with detailed discount).rpt","True","bb14b993e686d2881988986de3f8eb99683cdc69","92672","Combined Clinic Cash Income per user per Center (with detailed discount).rpt","False","","False","False","","2","IGroup/Reports/Mine/Combined Clinic Cash Income per user per Center (with detailed discount).rpt","Canonical copy retained for exact duplicate group","Retain"
"IGroup/Reports/Mine/Combined Income Report Cash & Credit per user (with detailed discount).rpt","True","915427c032bd20979134480ecc00890d41d91cf5","92160","Combined Income Report Cash & Credit per user (with detailed discount).rpt","False","","False","False","","2","IGroup/Reports/Mine/Combined Income Report Cash & Credit per user (with detailed discount).rpt","Canonical copy retained for exact duplicate group","Retain"
"IGroup/Reports/Mine/Combined Income Report Cash & Credit per user per Center (with detailed discount).rpt","True","c2390e5b1ea7c7de05881f8d508f987fb685dafe","93184","Combined Income Report Cash & Credit per user per Center (with detailed discount).rpt","False","","False","False","","2","IGroup/Reports/Mine/Combined Income Report Cash & Credit per user per Center (with detailed discount).rpt","Canonical copy retained for exact duplicate group","Retain"
"IGroup/Reports/Mine/Combined Income Report Cash & Credit per user.rpt","True","257dfd593e7c158432caadc49316513694dc3985","93184","Combined Income Report Cash & Credit per user.rpt","False","","False","False","","2","IGroup/Reports/Mine/Combined Income Report Cash & Credit per user.rpt","Canonical copy retained for exact duplicate group","Retain"
"IGroup/Reports/Mine/Combined Income Report Cash Only per day with Before Vat Total.rpt","True","86e0cd4573cee6ea94eff32eb50b89ca65a1d802","140800","Combined Income Report Cash Only per day with Before Vat Total.rpt","False","","False","False","","2","IGroup/Reports/Mine/Combined Income Report Cash Only per day with Before Vat Total.rpt","Canonical copy retained for exact duplicate group","Retain"
"IGroup/Reports/Mine/Combined Income Report Cash Only per user per Invoice.rpt","True","cb4a031480129dc3d65cf1275ae88cdef254e2e2","126464","Combined Income Report Cash Only per user per Invoice.rpt","False","","False","False","","2","IGroup/Reports/Mine/Combined Income Report Cash Only per user per Invoice.rpt","Canonical copy retained for exact duplicate group","Retain"
"IGroup/Reports/Mine/Combined Income Report Cash Only per user with Before Vat Total.rpt","True","a9fcc9b4bbebef52926eba0f4c4cb9a77b0a4ac2","93696","Combined Income Report Cash Only per user with Before Vat Total.rpt","False","","False","False","","2","IGroup/Reports/Mine/Combined Income Report Cash Only per user with Before Vat Total.rpt","Canonical copy retained for exact duplicate group","Retain"
"IGroup/Reports/Mine/Combined Income Report Cash Only per user.rpt","True","5e55e0f8a4769a9f29dfb1273c9969fdd3d12708","92160","Combined Income Report Cash Only per user.rpt","False","","False","False","","2","IGroup/Reports/Mine/Combined Income Report Cash Only per user.rpt","Canonical copy retained for exact duplicate group","Retain"
"IGroup/Reports/Mine/Combined Income Report Cash per user per Center (with detailed discount).rpt","True","d11c40ff12f34d45368ebb2072aca8dc17a051d9","92160","Combined Income Report Cash per user per Center (with detailed discount).rpt","False","","False","False","","2","IGroup/Reports/Mine/Combined Income Report Cash per user per Center (with detailed discount).rpt","Canonical copy retained for exact duplicate group","Retain"
"IGroup/Reports/Mine/CombinedSummaryStatementDateWise.rpt","True","b36d35ce3ab5c91bcdf5809ea7799f90bc4d78d6","54272","CombinedSummaryStatementDateWise.rpt","False","","False","False","","2","IGroup/Reports/Mine/CombinedSummaryStatementDateWise.rpt","Canonical copy retained for exact duplicate group","Retain"
"IGroup/Reports/Mine/CreditCoMonthlySubmission.rpt","True","a50534a4dc0ef7607fa2aa12226d1a9b066ef8a8","52224","CreditCoMonthlySubmission.rpt","False","","False","False","","2","IGroup/Reports/Mine/CreditCoMonthlySubmission.rpt","Canonical copy retained for exact duplicate group","Retain"
"IGroup/Reports/Mine/DCBillPrint.rpt","True","5a509309ba37fbccb7f56d91b9e7ed79a1d65d56","14848","DCBillPrint.rpt","False","","False","True","Accounts/Reports/IGroup/DCBillPrint.vb:30; Accounts/Accounts.vbproj:1812; Accounts/Accounts.vbproj:2674","2","IGroup/Reports/Mine/DCBillPrint.rpt","Protected by static or project reference","Retain"
"IGroup/Reports/Mine/Dental Services Price List.rpt","True","4d7098a9c1b334c89c7348004b2d6eaf08aa9ecd","87040","Dental Services Price List.rpt","False","","False","False","","2","IGroup/Reports/Mine/Dental Services Price List.rpt","Canonical copy retained for exact duplicate group","Retain"
"IGroup/Reports/Mine/Dr. Noma Patients.rpt","True","e63081d4722bb2f29b1d55eca4e1aae9a552f7a7","48640","Dr. Noma Patients.rpt","False","","False","False","","2","IGroup/Reports/Mine/Dr. Noma Patients.rpt","Canonical copy retained for exact duplicate group","Retain"
"IGroup/Reports/Mine/Final/Combined Clinic Cash Income Only per day per Branch.rpt","True","e739f91056d55ef94f8a8a4758921e87fa32fde6","201216","Combined Clinic Cash Income Only per day per Branch.rpt","False","","False","False","","2","IGroup/Reports/Mine/Final/Combined Clinic Cash Income Only per day per Branch.rpt","Canonical copy retained for exact duplicate group","Retain"
"IGroup/Reports/Mine/Final/Combined Clinic Cash Income Only per day per Center.rpt","True","f00a51e6e98c65ad6164a7a0a0336371ef381cc8","178176","Combined Clinic Cash Income Only per day per Center.rpt","False","","False","False","","2","IGroup/Reports/Mine/Final/Combined Clinic Cash Income Only per day per Center.rpt","Canonical copy retained for exact duplicate group","Retain"
"IGroup/Reports/Mine/Final/Combined Clinic Cash Income Only per day per User per Center.rpt","True","df538fe206ede51c4c5593808628e10eb48d2da5","93696","Combined Clinic Cash Income Only per day per User per Center.rpt","False","","False","False","","2","IGroup/Reports/Mine/Final/Combined Clinic Cash Income Only per day per User per Center.rpt","Canonical copy retained for exact duplicate group","Retain"
"IGroup/Reports/Mine/IBDailyReceptionInvoice.rpt","True","ee5c6c765661ae04b2407842664057550c13c234","53248","IBDailyReceptionInvoice.rpt","False","","False","False","","2","IGroup/Reports/Mine/IBDailyReceptionInvoice.rpt","Canonical copy retained for exact duplicate group","Retain"
"IGroup/Reports/Mine/IBDrivingLicenseSummary.rpt","True","ef391c1f16260f93244c2817c3f0eb72e39bd760","48640","IBDrivingLicenseSummary.rpt","False","","False","False","","2","IGroup/Reports/Mine/IBDrivingLicenseSummary.rpt","Canonical copy retained for exact duplicate group","Retain"
"IGroup/Reports/Mine/IBHealthCardSummary.rpt","True","e4c91e87bc5abaf570a061364a00edd5b1ca18a8","48640","IBHealthCardSummary.rpt","False","","False","False","","2","IGroup/Reports/Mine/IBHealthCardSummary.rpt","Canonical copy retained for exact duplicate group","Retain"
"IGroup/Reports/Mine/IBIqamaSummary.rpt","True","6685a2b318e932d9cd5dfc768f669c72f8f36eef","48640","IBIqamaSummary.rpt","False","","False","False","","2","IGroup/Reports/Mine/IBIqamaSummary.rpt","Canonical copy retained for exact duplicate group","Retain"
"IGroup/Reports/Mine/IBSalesManSummary.rpt","True","a3e4fa87acbbcc91d50f0e56db8b97d29d156842","49664","IBSalesManSummary.rpt","False","","False","False","","2","IGroup/Reports/Mine/IBSalesManSummary.rpt","Canonical copy retained for exact duplicate group","Retain"
"IGroup/Reports/Mine/LabInvp001.rpt","True","908b90dfa516a5591b46b557a118bccf6b69f09c","52736","LabInvp001.rpt","False","","False","False","","4","IGroup/Reports/Mine/LabInvp001.rpt","Canonical copy retained for exact duplicate group","Retain"
"IGroup/Reports/Mine/LabInvp0011.rpt","True","3fa5f8849373089817a0f27bdc03aa257f05d73b","53248","LabInvp0011.rpt","False","","False","False","","3","IGroup/Reports/Mine/LabInvp0011.rpt","Canonical copy retained for exact duplicate group","Retain"
"IGroup/Reports/Mine/Laboratory Price List.rpt","True","04bbd0d1e3c8a956c18b2f1b7a11de59fe1a6ac1","91648","Laboratory Price List.rpt","False","","False","False","","2","IGroup/Reports/Mine/Laboratory Price List.rpt","Canonical copy retained for exact duplicate group","Retain"
"IGroup/Reports/Mine/Medical Services Price List ER.rpt","True","7bf09758fbabf4c1f992c357b680988e65bb6bb5","88576","Medical Services Price List ER.rpt","False","","False","False","","2","IGroup/Reports/Mine/Medical Services Price List ER.rpt","Canonical copy retained for exact duplicate group","Retain"
"IGroup/Reports/Mine/Medical Services Price List with Auto Discount.rpt","True","e9c449bae223a6b79d59fac93f9a5d2b29943846","87552","Medical Services Price List with Auto Discount.rpt","False","","False","False","","2","IGroup/Reports/Mine/Medical Services Price List with Auto Discount.rpt","Canonical copy retained for exact duplicate group","Retain"
"IGroup/Reports/Mine/Medical Services Price List.rpt","True","143f4d45bc13a2eaa4819122ec2c7478098ffe44","103424","Medical Services Price List.rpt","False","","False","False","","1","","No static reference found; retained because reports are loaded dynamically","Retain"
"IGroup/Reports/Mine/MOH IB Report Per Month.rpt","True","b41f7be89915a3efaa3d9d13749d92fe7be5a386","191488","MOH IB Report Per Month.rpt","False","","False","False","","2","IGroup/Reports/Mine/MOH IB Report Per Month.rpt","Canonical copy retained for exact duplicate group","Retain"
"IGroup/Reports/Mine/MOH IB Report.rpt","True","00023437ca787c396d462ca6fbdb7f14f821ce5f","75776","MOH IB Report.rpt","False","","False","False","","2","IGroup/Reports/Mine/MOH IB Report.rpt","Canonical copy retained for exact duplicate group","Retain"
"IGroup/Reports/Mine/MOH Report per Doctor.rpt","True","9779d0380a1252365b037334be3109ac36b8422a","113664","MOH Report per Doctor.rpt","False","","False","False","","5","IGroup/Reports/MOH Report per Doctor.rpt","Exact duplicate retained pending filename/path validation","Retain"
"IGroup/Reports/Mine/MOH Report.rpt","True","f8ef5a961be1c5ee89832210ed311c097e30e2ce","96768","MOH Report.rpt","False","","False","False","","2","IGroup/Reports/Mine/MOH Report.rpt","Canonical copy retained for exact duplicate group","Retain"
"IGroup/Reports/Mine/PharmacyDailySalesInvoice (2).rpt","True","e65942539322d2c030cd4f34b5cc72c7a43b3093","54784","PharmacyDailySalesInvoice (2).rpt","True","Archive-style filename","False","False","","2","IGroup/Reports/Mine/PharmacyDailySalesInvoice (2).rpt","Canonical copy retained for exact duplicate group","Retain"
"IGroup/Reports/Mine/PharmacyDailySalesInvoice.rpt","True","15535030a020284056e92f95f8d97c91298b18a4","54784","PharmacyDailySalesInvoice.rpt","False","","False","False","","2","IGroup/Reports/Mine/PharmacyDailySalesInvoice.rpt","Canonical copy retained for exact duplicate group","Retain"
"IGroup/Reports/Mine/PharmacyInvoicePrintBig.rpt","True","6a0270478d3790a3932dc25d9d3cca66547e1daa","13312","PharmacyInvoicePrintBig.rpt","False","","False","False","","2","IGroup/Reports/Mine/PharmacyInvoicePrintBig.rpt","Canonical copy retained for exact duplicate group","Retain"
"IGroup/Reports/Mine/Revenue Collection Per Center per Doctor New.rpt","True","1e178ca6939e2208b1fb74abf22f0c9a01f7ba8c","96256","Revenue Collection Per Center per Doctor New.rpt","False","","False","False","","2","IGroup/Reports/Mine/Revenue Collection Per Center per Doctor New.rpt","Canonical copy retained for exact duplicate group","Retain"
"IGroup/Reports/Mine/Revenue Collection Per Center per Doctor per Period.rpt","True","0d969c6f0a89944da51497321a42906d95dbc428","55296","Revenue Collection Per Center per Doctor per Period.rpt","False","","False","False","","2","IGroup/Reports/Mine/Revenue Collection Per Center per Doctor per Period.rpt","Canonical copy retained for exact duplicate group","Retain"
"IGroup/Reports/Mine/Revenue Collection Per Center per Doctor.rpt","True","7d6201a968584832379319e8a54b85f372c00f4d","90112","Revenue Collection Per Center per Doctor.rpt","False","","False","False","","2","IGroup/Reports/Mine/Revenue Collection Per Center per Doctor.rpt","Canonical copy retained for exact duplicate group","Retain"
"IGroup/Reports/Mine/XrayPlainReport.rpt","True","cf86aefdfc484f1eb1dda7807fc2c44f3d3cc576","48640","XrayPlainReport.rpt","False","","False","False","","4","IGroup/Reports/Mine/XrayPlainReport.rpt","Canonical copy retained for exact duplicate group","Retain"
"IGroup/Reports/MOH IB Report Final - Copy.rpt","True","4a72b17f268e75f0c63a7469e492035619d49071","66048","MOH IB Report Final - Copy.rpt","True","Archive-style filename","False","False","","2","IGroup/Reports/MOH IB Report Final - Copy.rpt","Canonical copy retained for exact duplicate group","Retain"
"IGroup/Reports/MOH IB Report Final.rpt","True","37e3b8f4cb835f0db34e458ed51f94be89bacc9b","51712","MOH IB Report Final.rpt","False","","False","False","","1","","No static reference found; retained because reports are loaded dynamically","Retain"
"IGroup/Reports/MOH IB Report Final1.rpt","True","3a8507e6bf3e3b5997c2916b9c7c8e6a820bc335","52736","MOH IB Report Final1.rpt","False","","False","False","","2","IGroup/Reports/MOH IB Report Final1.rpt","Canonical copy retained for exact duplicate group","Retain"
"IGroup/Reports/MOH IB Report.rpt","True","d0550f76f9c9f4eeede6b9b0728556d10dd084ea","68608","MOH IB Report.rpt","False","","False","False","","2","IGroup/Reports/MOH IB Report.rpt","Canonical copy retained for exact duplicate group","Retain"
"IGroup/Reports/MOH Patient List.rpt","True","b008b7bb6e254ccbc0bcb566ee38c536724d023d","829440","MOH Patient List.rpt","False","","False","False","","2","IGroup/Reports/MOH Patient List.rpt","Canonical copy retained for exact duplicate group","Retain"
"IGroup/Reports/MOH Report Clinic.rpt","True","ad470fc729af4e4273178c64f5e51e5af91b8af5","48640","MOH Report Clinic.rpt","False","","False","False","","2","IGroup/Reports/MOH Report Clinic.rpt","Canonical copy retained for exact duplicate group","Retain"
"IGroup/Reports/MOH Report Final per doctor per service.rpt","True","348e0debe93c2929f23cdff748cde9ddde42443c","706048","MOH Report Final per doctor per service.rpt","False","","False","False","","2","IGroup/Reports/MOH Report Final per doctor per service.rpt","Canonical copy retained for exact duplicate group","Retain"
"IGroup/Reports/MOH Report Final per doctor.rpt","True","99db453896916e34e58f171821920d45bc79b490","705536","MOH Report Final per doctor.rpt","False","","False","False","","1","","No static reference found; retained because reports are loaded dynamically","Retain"
"IGroup/Reports/MOH Report Final.rpt","True","c41dfd7367be5c309fa3755bb6ccc637e9fae55a","474112","MOH Report Final.rpt","False","","False","False","","1","","No static reference found; retained because reports are loaded dynamically","Retain"
"IGroup/Reports/MOH Report per Doctor per service.rpt","True","405f035fe52a2cbc21e96072635091b0e85ca54f","119808","MOH Report per Doctor per service.rpt","False","","False","False","","2","IGroup/Reports/MOH Report per Doctor per service.rpt","Canonical copy retained for exact duplicate group","Retain"
"IGroup/Reports/MOH Report per Doctor per vaccine service.rpt","True","749a0a857a42cf04b0192c3365e7551e6ab79fbb","119808","MOH Report per Doctor per vaccine service.rpt","False","","False","False","","2","IGroup/Reports/MOH Report per Doctor per vaccine service.rpt","Canonical copy retained for exact duplicate group","Retain"
"IGroup/Reports/MOH Report per Doctor.rpt","True","9779d0380a1252365b037334be3109ac36b8422a","113664","MOH Report per Doctor.rpt","False","","False","False","","5","IGroup/Reports/MOH Report per Doctor.rpt","Canonical copy retained for exact duplicate group","Retain"
"IGroup/Reports/MOH Report.rpt","True","96e157b5a6f54a69a6c57b8b6aaaf00bf9f81b50","98304","MOH Report.rpt","False","","False","False","","2","IGroup/Reports/MOH Report.rpt","Canonical copy retained for exact duplicate group","Retain"
"IGroup/Reports/MOHReportClinic.rpt","True","9eeb7c705c14a9235335859b0c28c59e720be332","48640","MOHReportClinic.rpt","False","","False","False","","2","IGroup/Reports/MOHReportClinic.rpt","Canonical copy retained for exact duplicate group","Retain"
"IGroup/Reports/No of Consultation & Followup Service per Doctor.rpt","True","b8fc39d158844d42dfe3c4f49d3fa07fb00cf9d3","55296","No of Consultation & Followup Service per Doctor.rpt","False","","False","False","","1","","No static reference found; retained because reports are loaded dynamically","Retain"
"IGroup/Reports/No of Diagnosis Services per Day.rpt","True","736ef4f5b4eb176b58484633057003a69d3e7fc6","51200","No of Diagnosis Services per Day.rpt","False","","False","False","","1","","No static reference found; retained because reports are loaded dynamically","Retain"
"IGroup/Reports/No of Diagnosis Services per Month.rpt","True","3804bf29a12c80dbb1c5921e9857f57f7b6a544a","51200","No of Diagnosis Services per Month.rpt","False","","False","False","","1","","No static reference found; retained because reports are loaded dynamically","Retain"
"IGroup/Reports/No of Iqama-Baladiya Services per Month.rpt","True","f305a336c2feb4edd21405f5532842f93d8fd629","51200","No of Iqama-Baladiya Services per Month.rpt","False","","False","False","","1","","No static reference found; retained because reports are loaded dynamically","Retain"
"IGroup/Reports/No of Lab-Xray services-patients per Month per clinic.rpt","True","4632712a4e1334c85c31ed6081eb18dbff7b6468","51200","No of Lab-Xray services-patients per Month per clinic.rpt","False","","False","False","","1","","No static reference found; retained because reports are loaded dynamically","Retain"
"IGroup/Reports/No of New Patients Consultation & Followup Service per Doctor.rpt","True","66bae6a28b316976ea82b61f353ab24a742be139","53760","No of New Patients Consultation & Followup Service per Doctor.rpt","False","","False","False","","1","","No static reference found; retained because reports are loaded dynamically","Retain"
"IGroup/Reports/No of New Patients Per week Per Month Doctor.rpt","True","33ab6f506c24e86bbfbea5ae4027ed980c7a79f1","53248","No of New Patients Per week Per Month Doctor.rpt","False","","False","False","","1","","No static reference found; retained because reports are loaded dynamically","Retain"
"IGroup/Reports/No of Patients Consultation & Followup Service per Doctor.rpt","True","31096f5f4c41d6f903e79de0f9ec31e926154b93","53248","No of Patients Consultation & Followup Service per Doctor.rpt","False","","False","False","","1","","No static reference found; retained because reports are loaded dynamically","Retain"
"IGroup/Reports/No of services per Month per clinic.rpt","True","e8b121710effe941ebb88566530c30e5871dc987","50176","No of services per Month per clinic.rpt","False","","False","False","","1","","No static reference found; retained because reports are loaded dynamically","Retain"
"IGroup/Reports/No of services per Month per single clinic.rpt","True","8b4663844512f455a5e0800c97e857240cdbb6f5","51712","No of services per Month per single clinic.rpt","False","","False","False","","1","","No static reference found; retained because reports are loaded dynamically","Retain"
"IGroup/Reports/No of services-invoice per Month per clinic.rpt","True","a0094b703303db942d175d6cc7ee232961ac46d4","50688","No of services-invoice per Month per clinic.rpt","False","","False","False","","1","","No static reference found; retained because reports are loaded dynamically","Retain"
"IGroup/Reports/No of services-invoice per Month Single Doctor.rpt","True","14800dec0e6c4a16fe47471a301e4e5fc94a797c","52224","No of services-invoice per Month Single Doctor.rpt","False","","False","False","","1","","No static reference found; retained because reports are loaded dynamically","Retain"
"IGroup/Reports/No of services-patients per Month per clinic.rpt","True","e4a7a2394d89b4e3cfa8f8f62d1571e5dbc0ec2a","51200","No of services-patients per Month per clinic.rpt","False","","False","False","","1","","No static reference found; retained because reports are loaded dynamically","Retain"
"IGroup/Reports/No of services-patients per Month Single Doctor.rpt","True","c56a68038e3e726375606a0047477e2eb35a9ffe","52736","No of services-patients per Month Single Doctor.rpt","False","","False","False","","1","","No static reference found; retained because reports are loaded dynamically","Retain"
"IGroup/Reports/No of services-patients per Month Single Doctorrpt.rpt","True","167494aca7e1f1a569c5124079c4f6df06550682","52224","No of services-patients per Month Single Doctorrpt.rpt","False","","False","False","","1","","No static reference found; retained because reports are loaded dynamically","Retain"
"IGroup/Reports/No PHotos.rpt","True","6fa9db530478f4c813fcbb310a2a8113f72d29ae","6889984","No PHotos.rpt","False","","False","False","","2","IGroup/Reports/No PHotos.rpt","Canonical copy retained for exact duplicate group","Retain"
"IGroup/Reports/OpeningStock.rpt","True","125fcdb39947ecb4bc277db6a546b21e3910e9b4","15872","OpeningStock.rpt","False","","False","False","","5","IGroup/Reports/OpeningStock.rpt","Canonical copy retained for exact duplicate group","Retain"
"IGroup/Reports/OpeningStockDifference.rpt","True","9484a079bc90b2e952331255336d0accb4b7670a","15360","OpeningStockDifference.rpt","False","","False","False","","5","IGroup/Reports/OpeningStockDifference.rpt","Canonical copy retained for exact duplicate group","Retain"
"IGroup/Reports/PatientBookingSchedule.rpt","True","a3f37a652ac1a83367a9f0ecb37d7d71f28cc5f7","37376","PatientBookingSchedule.rpt","False","","False","False","","5","IGroup/Reports/PatientBookingSchedule.rpt","Canonical copy retained for exact duplicate group","Retain"
"IGroup/Reports/PatientBookingSchedule1.rpt","True","09197caf8a25202ba2399470fbcd865947485e93","37376","PatientBookingSchedule1.rpt","False","","False","False","","5","IGroup/Reports/PatientBookingSchedule1.rpt","Canonical copy retained for exact duplicate group","Retain"
"IGroup/Reports/PatientCaseSheet.rpt","True","a7e013eda4a69bd78bf71fe3250fb0157352fe87","1160192","PatientCaseSheet.rpt","False","","False","False","","1","","No static reference found; retained because reports are loaded dynamically","Retain"
"IGroup/Reports/PatientCaseSheetOrig.rpt","True","0cd38de189eceef296c1454095b0530670edbace","1160192","PatientCaseSheetOrig.rpt","False","","False","False","","1","","No static reference found; retained because reports are loaded dynamically","Retain"
"IGroup/Reports/PatientDentalCaseSheet.rpt","True","f20ebe3585c0ecb77a0e9a1a1c738c3f6c913c7b","11776","PatientDentalCaseSheet.rpt","False","","False","False","","5","IGroup/Reports/PatientDentalCaseSheet.rpt","Canonical copy retained for exact duplicate group","Retain"
"IGroup/Reports/PatientDermoCaseSheet.rpt","True","d94187ec4439cc182871c8d8525ef22aed0bab41","11776","PatientDermoCaseSheet.rpt","False","","False","False","","5","IGroup/Reports/PatientDermoCaseSheet.rpt","Canonical copy retained for exact duplicate group","Retain"
"IGroup/Reports/PatientList Range.rpt","True","ef465ca673b54c26c51d62261620be8015cbc16c","10752","PatientList Range.rpt","False","","False","False","","3","IGroup/Reports/PatientList Range.rpt","Canonical copy retained for exact duplicate group","Retain"
"IGroup/Reports/PatientList.rpt","True","be03a38a4ffb4229fd174608c7a0dba3bb00b61f","10752","PatientList.rpt","False","","False","False","","5","IGroup/Reports/PatientList.rpt","Canonical copy retained for exact duplicate group","Retain"
"IGroup/Reports/Payroll Report Per Employee Per Month.rpt","True","fcb397e58675fbee10a365410563fe6b6bdfc5ba","102912","Payroll Report Per Employee Per Month.rpt","False","","False","False","","2","IGroup/Reports/Payroll Report Per Employee Per Month.rpt","Canonical copy retained for exact duplicate group","Retain"
"IGroup/Reports/Payroll Report Per Employee.rpt","True","77885c82242e33a6e161c40c4bc4ad41d677ed61","59904","Payroll Report Per Employee.rpt","False","","False","False","","2","IGroup/Reports/Payroll Report Per Employee.rpt","Canonical copy retained for exact duplicate group","Retain"
"IGroup/Reports/Payroll Report Per EmployeeTotal.rpt","True","3f7e46768d0704a77f10baa4b43a47c70039cb9b","104448","Payroll Report Per EmployeeTotal.rpt","False","","False","False","","2","IGroup/Reports/Payroll Report Per EmployeeTotal.rpt","Canonical copy retained for exact duplicate group","Retain"
"IGroup/Reports/Payroll Report Statement Detail Per Employee per Month.rpt","True","b8ed4af61b86285a6525f3b10c4b34e0de23a9ca","86528","Payroll Report Statement Detail Per Employee per Month.rpt","False","","False","False","","2","IGroup/Reports/Payroll Report Statement Detail Per Employee per Month.rpt","Canonical copy retained for exact duplicate group","Retain"
"IGroup/Reports/PaySlip.rpt","True","3b2488d72d365170b9df918e83abb67a1f182395","25600","PaySlip.rpt","False","","False","False","","5","IGroup/Reports/PaySlip.rpt","Canonical copy retained for exact duplicate group","Retain"
"IGroup/Reports/Phar_SalesInvoice_DateWiseBar.rpt","True","a98d5d4d7805d999b936771d311b47e9deeea606","20992","Phar_SalesInvoice_DateWiseBar.rpt","False","","False","False","","5","IGroup/Reports/Phar_SalesInvoice_DateWiseBar.rpt","Canonical copy retained for exact duplicate group","Retain"
"IGroup/Reports/Phar_SalesInvoice_Detailed.rpt","True","3aa12a4388aa49ed842a622d655b6a1cf47405f1","18944","Phar_SalesInvoice_Detailed.rpt","False","","False","False","","5","IGroup/Reports/Phar_SalesInvoice_Detailed.rpt","Canonical copy retained for exact duplicate group","Retain"
"IGroup/Reports/Phar_SalesInvoice_DetailedPieChart.rpt","True","4074b6d381a99fa3c240818406135ccddf25747f","18432","Phar_SalesInvoice_DetailedPieChart.rpt","False","","False","False","","5","IGroup/Reports/Phar_SalesInvoice_DetailedPieChart.rpt","Canonical copy retained for exact duplicate group","Retain"
"IGroup/Reports/Pharmacy Cost of Sales for a given date Range.rpt","True","63a11598919edbdf09fdd25765b6595fb6a0f8fa","73728","Pharmacy Cost of Sales for a given date Range.rpt","False","","False","False","","2","IGroup/Reports/Pharmacy Cost of Sales for a given date Range.rpt","Canonical copy retained for exact duplicate group","Retain"
"IGroup/Reports/Pharmacy.rpt","True","a70595604d2375714b1ad95f373e98e7cec34b5e","53760","Pharmacy.rpt","False","","False","False","","2","IGroup/Reports/Pharmacy.rpt","Canonical copy retained for exact duplicate group","Retain"
"IGroup/Reports/PharmacyCreditStatement.rpt","True","a881a9a2f352aba963150508cca65dfa150ec6ac","87040","PharmacyCreditStatement.rpt","False","","False","False","","5","IGroup/Reports/PharmacyCreditStatement.rpt","Canonical copy retained for exact duplicate group","Retain"
"IGroup/Reports/PharmacyDailySalesInvoice - Copy.rpt","True","d8996cb2cdc80f7a6957ce83a93807e137522a19","173568","PharmacyDailySalesInvoice - Copy.rpt","True","Archive-style filename","False","False","","5","IGroup/Reports/PharmacyDailySalesInvoice - Copy.rpt","Canonical copy retained for exact duplicate group","Retain"
"IGroup/Reports/PharmacyDailySalesInvoice.rpt","True","6816a1b720a683693c6e085084b7eddb87f33413","54272","PharmacyDailySalesInvoice.rpt","False","","False","False","","2","IGroup/Reports/PharmacyDailySalesInvoice.rpt","Canonical copy retained for exact duplicate group","Retain"
"IGroup/Reports/PharmacyDailySalesInvoice1.rpt","True","ed9f55773eb22006c3f4f7ad39bed36cd9a7e526","16896","PharmacyDailySalesInvoice1.rpt","False","","False","False","","5","IGroup/Reports/PharmacyDailySalesInvoice1.rpt","Canonical copy retained for exact duplicate group","Retain"
"IGroup/Reports/PharmacyDailySalesInvoiceSummary.rpt","True","80485714f1ef036b57eb55663726263d51dde9bb","53760","PharmacyDailySalesInvoiceSummary.rpt","False","","False","False","","3","IGroup/Reports/PharmacyDailySalesInvoiceSummary.rpt","Canonical copy retained for exact duplicate group","Retain"
"IGroup/Reports/PharmacyDailySalesInvoiceSummaryTimeWise.rpt","True","1ab802961a834213122a1994e8b9c0ec8829dc0e","22016","PharmacyDailySalesInvoiceSummaryTimeWise.rpt","False","","False","False","","5","IGroup/Reports/PharmacyDailySalesInvoiceSummaryTimeWise.rpt","Canonical copy retained for exact duplicate group","Retain"
"IGroup/Reports/PharmacyDailySalesInvoiceSummaryTimeWise1.rpt","True","5dc18a621562f23d23394e091e2973378649ac89","20480","PharmacyDailySalesInvoiceSummaryTimeWise1.rpt","False","","False","False","","5","IGroup/Reports/PharmacyDailySalesInvoiceSummaryTimeWise1.rpt","Canonical copy retained for exact duplicate group","Retain"
"IGroup/Reports/PharmacyDailySalesUserWise.rpt","True","7e5e31049ae377e02c92ca6ac4f92c28050e085f","53248","PharmacyDailySalesUserWise.rpt","False","","False","False","","4","IGroup/Reports/PharmacyDailySalesUserWise.rpt","Canonical copy retained for exact duplicate group","Retain"
"IGroup/Reports/PharmacyDateWiseVATStatement.rpt","True","2e89c41832965d329002d6c23c6f62b9fbfd70a3","50176","PharmacyDateWiseVATStatement.rpt","False","","False","False","","2","IGroup/Reports/PharmacyDateWiseVATStatement.rpt","Canonical copy retained for exact duplicate group","Retain"
"IGroup/Reports/PharmacyDosageArabic 10 x 5.rpt","True","afbd3b112930694f7a24d5919be66c7ec826fb63","9216","PharmacyDosageArabic 10 x 5.rpt","False","","False","False","","3","IGroup/Reports/PharmacyDosageArabic 10 x 5.rpt","Canonical copy retained for exact duplicate group","Retain"
"IGroup/Reports/PharmacyDosageArabic 6 x 4.rpt","True","21172fba915b1ca5b7dd439cd408747ae7cdb373","11264","PharmacyDosageArabic 6 x 4.rpt","False","","False","False","","3","IGroup/Reports/PharmacyDosageArabic 6 x 4.rpt","Canonical copy retained for exact duplicate group","Retain"
"IGroup/Reports/PharmacyDosageArabic 9 x 4.rpt","True","4f2003a579345bbb33554d94a898df8bbd5bc96e","15360","PharmacyDosageArabic 9 x 4.rpt","False","","False","False","","3","IGroup/Reports/PharmacyDosageArabic 9 x 4.rpt","Canonical copy retained for exact duplicate group","Retain"
"IGroup/Reports/PharmacyDosageArabic.rpt","True","97f1a1e1a9bd099f1307275638b596127b38bd6f","15360","PharmacyDosageArabic.rpt","False","","False","False","","3","IGroup/Reports/PharmacyDosageArabic.rpt","Canonical copy retained for exact duplicate group","Retain"
"IGroup/Reports/PharmacyDosageArabic2.rpt","True","a6f75907b17b8aca2ef29e0487a7b7f95d13f247","11264","PharmacyDosageArabic2.rpt","False","","False","False","","3","IGroup/Reports/PharmacyDosageArabic2.rpt","Canonical copy retained for exact duplicate group","Retain"
"IGroup/Reports/PharmacyDosageArabicxxx.rpt","True","53f2f6de164d4bddabc6226ff5abfda58a0f9695","8704","PharmacyDosageArabicxxx.rpt","False","","False","False","","5","IGroup/Reports/PharmacyDosageArabicxxx.rpt","Canonical copy retained for exact duplicate group","Retain"
"IGroup/Reports/PharmacyIEDateWise.rpt","True","2a6470c86ac19da7ba5145c43ab6c42bfbee4689","86016","PharmacyIEDateWise.rpt","False","","False","False","","5","IGroup/Reports/PharmacyIEDateWise.rpt","Canonical copy retained for exact duplicate group","Retain"
"IGroup/Reports/PharmacyIEDetailed.rpt","True","04d9df63b14eb4a56036a23edda3a0d6091c0a4a","86016","PharmacyIEDetailed.rpt","False","","False","False","","5","IGroup/Reports/PharmacyIEDetailed.rpt","Canonical copy retained for exact duplicate group","Retain"
"IGroup/Reports/PharmacyInvoicePrintBig.rpt","True","772281db919d1e2c116e8dfcaa201489854e7095","221184","PharmacyInvoicePrintBig.rpt","False","","False","False","","1","","No static reference found; retained because reports are loaded dynamically","Retain"
"IGroup/Reports/PharmacyInvoicePrintSmall.rpt","True","1283c8e3332235022400915bf07fc0f1c3f8ea5c","12288","PharmacyInvoicePrintSmall.rpt","False","","False","False","","5","IGroup/Reports/PharmacyInvoicePrintSmall.rpt","Canonical copy retained for exact duplicate group","Retain"
"IGroup/Reports/PharmacyItemWiseSalesHistory.rpt","True","580a8818e567b9b54713b97fb9000eb95a590c9b","52736","PharmacyItemWiseSalesHistory.rpt","False","","False","False","","3","IGroup/Reports/PharmacyItemWiseSalesHistory.rpt","Canonical copy retained for exact duplicate group","Retain"
"IGroup/Reports/PharmacyItemWiseSalesHistorySummary.rpt","True","350ebeca94aad84cd46e0b7541caf5bff0f59063","51200","PharmacyItemWiseSalesHistorySummary.rpt","False","","False","False","","3","IGroup/Reports/PharmacyItemWiseSalesHistorySummary.rpt","Canonical copy retained for exact duplicate group","Retain"
"IGroup/Reports/PharmacyPatientProfile.rpt","True","481c7a8f988ed1f0854403741036a90b1f07d987","54784","PharmacyPatientProfile.rpt","False","","False","False","","5","IGroup/Reports/PharmacyPatientProfile.rpt","Canonical copy retained for exact duplicate group","Retain"
"IGroup/Reports/PharmacyPurchaseVATStatement.rpt","True","d78d2be73e71c10dd1136de5952560323d8080d3","48640","PharmacyPurchaseVATStatement.rpt","False","","False","False","","2","IGroup/Reports/PharmacyPurchaseVATStatement.rpt","Canonical copy retained for exact duplicate group","Retain"
"IGroup/Reports/PharmacySummaryStatementDateWise.rpt","True","6eb03971d515d8375d59f83f078dd08245306a51","50176","PharmacySummaryStatementDateWise.rpt","False","","False","False","","2","IGroup/Reports/PharmacySummaryStatementDateWise.rpt","Canonical copy retained for exact duplicate group","Retain"
"IGroup/Reports/PMR Entries per Doctor.rpt","True","325bcac262157c9ddc13dc605f3a732d77633b99","53760","PMR Entries per Doctor.rpt","False","","False","False","","2","IGroup/Reports/PMR Entries per Doctor.rpt","Canonical copy retained for exact duplicate group","Retain"
"IGroup/Reports/PMRDcafBlank.rpt","True","fe69350d315e52d788e47fe2c4cd8a54c35e34bf","256000","PMRDcafBlank.rpt","False","","False","False","","5","IGroup/Reports/PMRDcafBlank.rpt","Canonical copy retained for exact duplicate group","Retain"
"IGroup/Reports/PMRLaboratoryTestRequest.rpt","True","04db53f78b6503fc5c8102e03bb7027e05aab056","139264","PMRLaboratoryTestRequest.rpt","False","","False","False","","1","","No static reference found; retained because reports are loaded dynamically","Retain"
"IGroup/Reports/PMROcaf.rpt","True","fff452cacbc2dff2402598e5c108f86e40667780","779776","PMROcaf.rpt","False","","False","False","","5","IGroup/Reports/PMROcaf.rpt","Canonical copy retained for exact duplicate group","Retain"
"IGroup/Reports/PMRPatientDentalProfile.rpt","True","0730806025534084c412c6ec90c517901d788924","84992","PMRPatientDentalProfile.rpt","False","","False","False","","5","IGroup/Reports/PMRPatientDentalProfile.rpt","Canonical copy retained for exact duplicate group","Retain"
"IGroup/Reports/PMRPatientProfile.rpt","True","9e67e7db9334d2d8cf10de83bdb26312b544b026","56320","PMRPatientProfile.rpt","False","","False","False","","1","","No static reference found; retained because reports are loaded dynamically","Retain"
"IGroup/Reports/PMRPatientProfileNewTest.rpt","True","fa39cd1a3e23f6b352b15e298351c4d06a0e1363","56320","PMRPatientProfileNewTest.rpt","True","Archive-style filename","False","False","","1","","Archive-style filename retained pending runtime validation","Retain"
"IGroup/Reports/PMRPatientProfileOrig.rpt","True","ac656de7313bdf7b12f6f9f7e3fbf41675b6adf2","55808","PMRPatientProfileOrig.rpt","False","","False","False","","2","IGroup/Reports/PMRPatientProfileOrig.rpt","Canonical copy retained for exact duplicate group","Retain"
"IGroup/Reports/PMRPatientProfileOriginalOld.rpt","True","d60086882956083629889ebfe591620e7280dbee","53760","PMRPatientProfileOriginalOld.rpt","True","Archive-style filename","False","False","","1","","Archive-style filename retained pending runtime validation","Retain"
"IGroup/Reports/PMRPatientProfileTest.rpt","True","4536fe9e299c69844e893b32438116380e207447","56320","PMRPatientProfileTest.rpt","True","Archive-style filename","False","False","","1","","Archive-style filename retained pending runtime validation","Retain"
"IGroup/Reports/PMRPatientSickLeave.rpt","True","7b567c3c4176d0c41ed23ea4f57b24614f8dcf08","790528","PMRPatientSickLeave.rpt","False","","False","False","","2","IGroup/Reports/PMRPatientSickLeave.rpt","Canonical copy retained for exact duplicate group","Retain"
"IGroup/Reports/PMRPatientSickLeaveOrig.rpt","True","e8e8c981aa59448229f64ec88f14ed645be9fb15","102912","PMRPatientSickLeaveOrig.rpt","False","","False","False","","2","IGroup/Reports/PMRPatientSickLeaveOrig.rpt","Canonical copy retained for exact duplicate group","Retain"
"IGroup/Reports/PMRPharmacyMedicineNCPrescription.rpt","True","eb5b15d593e61a9af701cef7a83aad487b06a79e","14336","PMRPharmacyMedicineNCPrescription.rpt","False","","False","False","","2","IGroup/Reports/PMRPharmacyMedicineNCPrescription.rpt","Canonical copy retained for exact duplicate group","Retain"
"IGroup/Reports/PMRPharmacyMedicinePrescription.rpt","True","747dd05003088d526886dacea832f0a0f682901e","139776","PMRPharmacyMedicinePrescription.rpt","False","","False","True","Accounts/Reports/PMRPharmacyMedicinePrescription.vb:30; Accounts/Accounts.vbproj:1974; Accounts/Accounts.vbproj:2782","1","","Protected by static or project reference","Retain"
"IGroup/Reports/PMRPharmacyMedicinePrescriptionWithGeneric.rpt","True","495309a6fae2b1f966a6915c483d2b6ed1f1c9f2","71680","PMRPharmacyMedicinePrescriptionWithGeneric.rpt","False","","False","False","","2","IGroup/Reports/PMRPharmacyMedicinePrescriptionWithGeneric.rpt","Canonical copy retained for exact duplicate group","Retain"
"IGroup/Reports/PMRPharmacyPrescriptionBlank.rpt","True","fd9007679e0e5658cdf9dac160ea1b5f4de739d6","15360","PMRPharmacyPrescriptionBlank.rpt","False","","False","False","","5","IGroup/Reports/PMRPharmacyPrescriptionBlank.rpt","Canonical copy retained for exact duplicate group","Retain"
"IGroup/Reports/PMRUcaf.rpt","True","6cefd6745f0064b5762724a9343f9d49fdaf348d","19968","PMRUcaf.rpt","False","","False","False","","5","IGroup/Reports/PMRUcaf.rpt","Canonical copy retained for exact duplicate group","Retain"
"IGroup/Reports/PMRUcafBlank.rpt","True","68edc361b7d80a47a573137b16f296d6dc424da5","22016","PMRUcafBlank.rpt","False","","False","False","","5","IGroup/Reports/PMRUcafBlank.rpt","Canonical copy retained for exact duplicate group","Retain"
"IGroup/Reports/PMRUcafTest.rpt","True","ee0f558e06a02f6aafc411d95acf6cde320f9457","22016","PMRUcafTest.rpt","True","Archive-style filename","False","False","","1","","Archive-style filename retained pending runtime validation","Retain"
"IGroup/Reports/POAnalysis.rpt","True","6e030d6a15ca0e417a721917d432d9398296eda8","17920","POAnalysis.rpt","False","","False","False","","3","IGroup/Reports/POAnalysis.rpt","Canonical copy retained for exact duplicate group","Retain"
"IGroup/Reports/Posting/Cash & Credit Income Summary per Cost Center per Department.rpt","True","0652ee9aa81c7485063db4fde53ed0563d35944b","838656","Cash & Credit Income Summary per Cost Center per Department.rpt","False","","False","False","","2","IGroup/Reports/Posting/Cash & Credit Income Summary per Cost Center per Department.rpt","Canonical copy retained for exact duplicate group","Retain"
"IGroup/Reports/Posting/Cash & Credit Income Summary per Cost Center per Month.rpt","True","0e495f5601007a3233cde95521522bfdb3dac7d2","89600","Cash & Credit Income Summary per Cost Center per Month.rpt","False","","False","False","","2","IGroup/Reports/Posting/Cash & Credit Income Summary per Cost Center per Month.rpt","Canonical copy retained for exact duplicate group","Retain"
"IGroup/Reports/Posting/Cash Income Summary per Cost Center per Department.rpt","True","3976eac06477576684c7f8924a20ec74e9602749","245760","Cash Income Summary per Cost Center per Department.rpt","False","","False","False","","2","IGroup/Reports/Posting/Cash Income Summary per Cost Center per Department.rpt","Canonical copy retained for exact duplicate group","Retain"
"IGroup/Reports/Posting/Cash Income Summary per Cost Center per Month.rpt","True","e8b54fbf0591efd76425268c2af9d4896555f5c3","727040","Cash Income Summary per Cost Center per Month.rpt","False","","False","False","","2","IGroup/Reports/Posting/Cash Income Summary per Cost Center per Month.rpt","Canonical copy retained for exact duplicate group","Retain"
"IGroup/Reports/Posting/Combined Vat Summary Report Small Font per month Cash & Credit.rpt","True","5291c0057aef4fc6a71673836d643e54e976f3cd","53760","Combined Vat Summary Report Small Font per month Cash & Credit.rpt","False","","False","False","","2","IGroup/Reports/Posting/Combined Vat Summary Report Small Font per month Cash & Credit.rpt","Canonical copy retained for exact duplicate group","Retain"
"IGroup/Reports/Posting/Credit Income Summary per Cost Center per Company.rpt","True","185cf3b2301504b1e39a7588ae44e2cee521306d","63488","Credit Income Summary per Cost Center per Company.rpt","False","","False","False","","2","IGroup/Reports/Posting/Credit Income Summary per Cost Center per Company.rpt","Canonical copy retained for exact duplicate group","Retain"
"IGroup/Reports/Posting/Credit Income Summary per Cost Center per Department per Company Small Font Trial.rpt","True","eabcf546bef7d0eeda55823b3629e74aa7bcaed0","62976","Credit Income Summary per Cost Center per Department per Company Small Font Trial.rpt","True","Archive-style filename","False","False","","2","IGroup/Reports/Posting/Credit Income Summary per Cost Center per Department per Company Small Font Trial.rpt","Canonical copy retained for exact duplicate group","Retain"
"IGroup/Reports/Posting/Credit Income Summary per Cost Center per Department per Company Small Font.rpt","True","e4c2f0d9f27168dfc35017127c448d2925d453c1","342016","Credit Income Summary per Cost Center per Department per Company Small Font.rpt","False","","False","False","","2","IGroup/Reports/Posting/Credit Income Summary per Cost Center per Department per Company Small Font.rpt","Canonical copy retained for exact duplicate group","Retain"
"IGroup/Reports/Posting/Credit Income Summary per Cost Center per Department per Company.rpt","True","b4526150d989a93fdc83d05900f167d8168e795a","75264","Credit Income Summary per Cost Center per Department per Company.rpt","False","","False","False","","1","","No static reference found; retained because reports are loaded dynamically","Retain"
"IGroup/Reports/Posting/Credit Income Summary per Cost Center per Month.rpt","True","f14caf90366e19465a98d9485428252d80546002","82944","Credit Income Summary per Cost Center per Month.rpt","False","","False","False","","2","IGroup/Reports/Posting/Credit Income Summary per Cost Center per Month.rpt","Canonical copy retained for exact duplicate group","Retain"
"IGroup/Reports/Posting/Credit Income Summary per Cost Center per Period.rpt","True","7f07b53ba30ce715bfd877bb6164d0ba7fac6565","78848","Credit Income Summary per Cost Center per Period.rpt","False","","False","False","","2","IGroup/Reports/Posting/Credit Income Summary per Cost Center per Period.rpt","Canonical copy retained for exact duplicate group","Retain"
"IGroup/Reports/Posting/Credit Income Summary per Month.rpt","True","015d8438613f358b92e2837f6d717e773387bb1f","80896","Credit Income Summary per Month.rpt","False","","False","False","","2","IGroup/Reports/Posting/Credit Income Summary per Month.rpt","Canonical copy retained for exact duplicate group","Retain"
"IGroup/Reports/Posting/Credit Own Sale-Revenue.rpt","True","266e7e4fa31f8f55a61894eb4121df569ec384e9","78848","Credit Own Sale-Revenue.rpt","False","","False","False","","2","IGroup/Reports/Posting/Credit Own Sale-Revenue.rpt","Canonical copy retained for exact duplicate group","Retain"
"IGroup/Reports/Posting/test.rpt","True","bf06d109454ff4be7003e93219d6d8347e36f0de","82944","test.rpt","True","Archive-style filename","False","False","","1","","Archive-style filename retained pending runtime validation","Retain"
"IGroup/Reports/Posting/VAT Report Cash & Credit per Month Small Font.rpt","True","e9d72c48574be92975ee2efd0f47c91aa1065b4f","818176","VAT Report Cash & Credit per Month Small Font.rpt","False","","False","False","","2","IGroup/Reports/Posting/VAT Report Cash & Credit per Month Small Font.rpt","Canonical copy retained for exact duplicate group","Retain"
"IGroup/Reports/Posting/VAT Report Cash & Credit per Month.rpt","True","f7b8da8b22c6ee4d0bf186a7f54c32d706cfd29c","840704","VAT Report Cash & Credit per Month.rpt","False","","False","False","","2","IGroup/Reports/Posting/VAT Report Cash & Credit per Month.rpt","Canonical copy retained for exact duplicate group","Retain"
"IGroup/Reports/Posting/VAT Report Cash Only per Department Small Font.rpt","True","fa2e3162a8d520b656f81d6770589a330ca84190","755712","VAT Report Cash Only per Department Small Font.rpt","False","","False","False","","2","IGroup/Reports/Posting/VAT Report Cash Only per Department Small Font.rpt","Canonical copy retained for exact duplicate group","Retain"
"IGroup/Reports/Posting/VAT Report Cash Only per Month Small Font.rpt","True","7152f149b00cb303aaffd2ab9032d292bd2edcf5","753664","VAT Report Cash Only per Month Small Font.rpt","False","","False","False","","2","IGroup/Reports/Posting/VAT Report Cash Only per Month Small Font.rpt","Canonical copy retained for exact duplicate group","Retain"
"IGroup/Reports/Posting/VAT Report Credit Only per Department per Month Small Font.rpt","True","b68def9908354bc2e35d56dbaf175d41f6352f81","90624","VAT Report Credit Only per Department per Month Small Font.rpt","False","","False","False","","2","IGroup/Reports/Posting/VAT Report Credit Only per Department per Month Small Font.rpt","Canonical copy retained for exact duplicate group","Retain"
"IGroup/Reports/Posting/VAT Report Credit Only per Month Small Font.rpt","True","dddae8e2c20ebc404d56fa065661fc72bbb16caa","751104","VAT Report Credit Only per Month Small Font.rpt","False","","False","False","","2","IGroup/Reports/Posting/VAT Report Credit Only per Month Small Font.rpt","Canonical copy retained for exact duplicate group","Retain"
"IGroup/Reports/PurchaseOrder.rpt","True","6be8cfe4f57c3b3babd0ecdabe34b48354307f5a","15872","PurchaseOrder.rpt","False","","False","False","","5","IGroup/Reports/PurchaseOrder.rpt","Canonical copy retained for exact duplicate group","Retain"
"IGroup/Reports/PurchaseOrderAnalysis.rpt","True","90b12631e00139fd05502b2ffba27aefb8d498a5","51200","PurchaseOrderAnalysis.rpt","False","","False","False","","3","IGroup/Reports/PurchaseOrderAnalysis.rpt","Canonical copy retained for exact duplicate group","Retain"
"IGroup/Reports/PurchaseReport.rpt","True","772653f20ecab0eb074cb9c98197ef99ec93db00","54784","PurchaseReport.rpt","False","","False","False","","2","IGroup/Reports/PurchaseReport.rpt","Canonical copy retained for exact duplicate group","Retain"
"IGroup/Reports/PurchaseReturnReport.rpt","True","96d7f97ef12046682c2efd84cbf4d7110bd5f22b","54272","PurchaseReturnReport.rpt","False","","False","False","","3","IGroup/Reports/PurchaseReturnReport.rpt","Canonical copy retained for exact duplicate group","Retain"
"IGroup/Reports/PurchaseSummaryClinic.rpt","True","e6860bbdc00c4f19d9bd57409bea77196cbebf30","19456","PurchaseSummaryClinic.rpt","False","","False","False","","1","","No static reference found; retained because reports are loaded dynamically","Retain"
"IGroup/Reports/PurchaseSummaryReport.rpt","True","071324a0006f42d0862dbce5bb1b8141f74988e1","17408","PurchaseSummaryReport.rpt","False","","False","False","","1","","No static reference found; retained because reports are loaded dynamically","Retain"
"IGroup/Reports/QRCODE Printng.rpt","True","6304d2cc3468a0f0ae1992b6a84e0add2cf77662","57344","QRCODE Printng.rpt","False","","False","False","","2","IGroup/Reports/QRCODE Printng.rpt","Canonical copy retained for exact duplicate group","Retain"
"IGroup/Reports/QrCodeTest.rpt","True","6c13f257a228a3d151672f3d70bf4db39e8f1611","19456","QrCodeTest.rpt","True","Archive-style filename","False","False","","2","IGroup/Reports/QrCodeTest.rpt","Canonical copy retained for exact duplicate group","Retain"
"IGroup/Reports/Radiology Tests Done for a given Period Per Doctor.rpt","True","c69b189c4c9de9699fd3cd1b284453b056a74f78","70144","Radiology Tests Done for a given Period Per Doctor.rpt","False","","False","False","","1","","No static reference found; retained because reports are loaded dynamically","Retain"
"IGroup/Reports/Radiology Tests Done for a given Period.rpt","True","d16f3572f787ae82eb09f43f84b760628e56456a","65024","Radiology Tests Done for a given Period.rpt","False","","False","False","","1","","No static reference found; retained because reports are loaded dynamically","Retain"
"IGroup/Reports/Report1.rpt","True","ddb19f2c536990dbaa469fcdc03cc37d7467f378","81920","Report1.rpt","False","","False","False","","1","","No static reference found; retained because reports are loaded dynamically","Retain"
"IGroup/Reports/Report2.rpt","True","ee5250b12c2fcedb192b3703e021554c3c854079","52736","Report2.rpt","False","","False","False","","2","IGroup/Reports/Report2.rpt","Canonical copy retained for exact duplicate group","Retain"
"IGroup/Reports/RevenuePosting/Combined Total Income per Company Cost Center.rpt","True","26821f01373962ff67d46727fb3d047f9168680a","54784","Combined Total Income per Company Cost Center.rpt","False","","False","False","","1","","No static reference found; retained because reports are loaded dynamically","Retain"
"IGroup/Reports/RevenuePosting/Combined Total Income per Cost Center Cash New.rpt","True","42b133d77ec13ff8b51b4615b4dc680cf4c1bd46","53760","Combined Total Income per Cost Center Cash New.rpt","False","","False","False","","2","IGroup/Reports/RevenuePosting/Combined Total Income per Cost Center Cash New.rpt","Canonical copy retained for exact duplicate group","Retain"
"IGroup/Reports/RevenuePosting/Combined Total Income per Cost Center Cash Only.rpt","True","887aa99ed046646c095e2817221b10c454a9d5bd","54784","Combined Total Income per Cost Center Cash Only.rpt","False","","False","False","","2","IGroup/Reports/RevenuePosting/Combined Total Income per Cost Center Cash Only.rpt","Canonical copy retained for exact duplicate group","Retain"
"IGroup/Reports/RevenuePosting/Combined Total Income per Cost Center.rpt","True","03409a64f3a828478124d9788ac00441ae34fb03","53760","Combined Total Income per Cost Center.rpt","False","","False","False","","2","IGroup/Reports/RevenuePosting/Combined Total Income per Cost Center.rpt","Canonical copy retained for exact duplicate group","Retain"
"IGroup/Reports/RevenuePosting/Pharmacy Total Income per Company Cost Center.rpt","True","6f268116b26fca8fc4c7a37e85c319542f6e014f","56832","Pharmacy Total Income per Company Cost Center.rpt","False","","False","False","","2","IGroup/Reports/RevenuePosting/Pharmacy Total Income per Company Cost Center.rpt","Canonical copy retained for exact duplicate group","Retain"
"IGroup/Reports/RevenuePosting/Pharmacy Total Income per Cost Center.rpt","True","6f932bdfa84f1bc329615d2f4b6e2bf66c1a19ab","53760","Pharmacy Total Income per Cost Center.rpt","False","","False","False","","2","IGroup/Reports/RevenuePosting/Pharmacy Total Income per Cost Center.rpt","Canonical copy retained for exact duplicate group","Retain"
"IGroup/Reports/RevenuePosting/test.rpt","True","f3a66f18a1e79d470f79737ef560eee155fc9030","56832","test.rpt","True","Archive-style filename","False","False","","2","IGroup/Reports/RevenuePosting/test.rpt","Canonical copy retained for exact duplicate group","Retain"
"IGroup/Reports/RevenueReportDoctorWiseCombined.rpt","True","ec9c75cd3da75cc7c49eaa935d49080172c4c66f","54784","RevenueReportDoctorWiseCombined.rpt","False","","False","False","","2","IGroup/Reports/RevenueReportDoctorWiseCombined.rpt","Canonical copy retained for exact duplicate group","Retain"
"IGroup/Reports/RevenueReportDoctorWisePatients.rpt","True","89f4903b5803decfa2a1b762f3decc44a6abc407","54784","RevenueReportDoctorWisePatients.rpt","False","","False","False","","3","IGroup/Reports/RevenueReportDoctorWisePatients.rpt","Canonical copy retained for exact duplicate group","Retain"
"IGroup/Reports/SaleProfitabilityDateWise.rpt","True","e873142f9618bda8d425f70bdc65c66ea6e0e01a","19456","SaleProfitabilityDateWise.rpt","False","","False","False","","5","IGroup/Reports/SaleProfitabilityDateWise.rpt","Canonical copy retained for exact duplicate group","Retain"
"IGroup/Reports/SaleProfitabilityInvoiceWise.rpt","True","5ea7e1600f682c5c70a9b80cd89c199869e7024c","17920","SaleProfitabilityInvoiceWise.rpt","False","","False","False","","5","IGroup/Reports/SaleProfitabilityInvoiceWise.rpt","Canonical copy retained for exact duplicate group","Retain"
"IGroup/Reports/SaleProfitabilityItemWise.rpt","True","7b0b61799c93f78c76db548885e0ffc2d351d19b","16384","SaleProfitabilityItemWise.rpt","False","","False","False","","5","IGroup/Reports/SaleProfitabilityItemWise.rpt","Canonical copy retained for exact duplicate group","Retain"
"IGroup/Reports/SamplePrintingLab/BarcodeLabSamplePrinting.rpt","True","9a5b083f35656c0ad045ca43bea9327098a37e33","17408","BarcodeLabSamplePrinting.rpt","False","","False","False","","2","IGroup/Reports/SamplePrintingLab/BarcodeLabSamplePrinting.rpt","Canonical copy retained for exact duplicate group","Retain"
"IGroup/Reports/Stock Consumption Average Cost Method.rpt","True","bbce83a259fc832d2d42f016728d79d55f8b566d","62464","Stock Consumption Average Cost Method.rpt","False","","False","False","","1","","No static reference found; retained because reports are loaded dynamically","Retain"
"IGroup/Reports/Stock Consumption AverageCost.rpt","True","fed2e7cbeeb1d925edb30289ba1b958730c97771","63488","Stock Consumption AverageCost.rpt","False","","False","False","","1","","No static reference found; retained because reports are loaded dynamically","Retain"
"IGroup/Reports/Stock Consumption Final.rpt","True","0cdd7250a0f60d8882429b39a4b5bfb67e06991a","64000","Stock Consumption Final.rpt","False","","False","False","","1","","No static reference found; retained because reports are loaded dynamically","Retain"
"IGroup/Reports/Stock Consumption Injections (itemized).rpt","True","33f18409f47bf424ccb4e6afc28d0bb48f1e884a","76288","Stock Consumption Injections (itemized).rpt","False","","False","False","","2","IGroup/Reports/Stock Consumption Injections (itemized).rpt","Canonical copy retained for exact duplicate group","Retain"
"IGroup/Reports/Stock Consumption Injections (Summarized).rpt","True","19f370b1ed7a43ce27cd0ec30664be7dc9df7fb8","61440","Stock Consumption Injections (Summarized).rpt","False","","False","False","","2","IGroup/Reports/Stock Consumption Injections (Summarized).rpt","Canonical copy retained for exact duplicate group","Retain"
"IGroup/Reports/Stock Consumption Meds Only.rpt","True","d179042f232e24eed13e78b4d3b59beb7080ea1d","58880","Stock Consumption Meds Only.rpt","False","","False","False","","2","IGroup/Reports/Stock Consumption Meds Only.rpt","Canonical copy retained for exact duplicate group","Retain"
"IGroup/Reports/Stock Consumption New Test.rpt","True","d0834cc05fa227b4e8028b55351e0fe8763a2b56","70656","Stock Consumption New Test.rpt","True","Archive-style filename","False","False","","1","","Archive-style filename retained pending runtime validation","Retain"
"IGroup/Reports/Stock Consumption New.rpt","True","55bba7bf30d968b6d63c2ab70a21d2c578253681","63488","Stock Consumption New.rpt","False","","False","False","","1","","No static reference found; retained because reports are loaded dynamically","Retain"
"IGroup/Reports/Stock Consumption Per Clinic excluding Injections & Cleaning Items (itemized).rpt","True","e0d23e2dca26d5ee37e6cc92eab353bbcc033b05","75264","Stock Consumption Per Clinic excluding Injections & Cleaning Items (itemized).rpt","False","","False","False","","2","IGroup/Reports/Stock Consumption Per Clinic excluding Injections & Cleaning Items (itemized).rpt","Canonical copy retained for exact duplicate group","Retain"
"IGroup/Reports/Stock Consumption Per Clinic excluding Injections & Cleaning Items (Summarized).rpt","True","2f3cfd9530dacaa27942fdb6a502bbd166473de7","58880","Stock Consumption Per Clinic excluding Injections & Cleaning Items (Summarized).rpt","False","","False","False","","2","IGroup/Reports/Stock Consumption Per Clinic excluding Injections & Cleaning Items (Summarized).rpt","Canonical copy retained for exact duplicate group","Retain"
"IGroup/Reports/Stock Consumption Per Clinic excluding Injections & Cleaning Items (Summary).rpt","True","c5483a3c78392b370118940452329d62c2490b88","61440","Stock Consumption Per Clinic excluding Injections & Cleaning Items (Summary).rpt","False","","False","False","","2","IGroup/Reports/Stock Consumption Per Clinic excluding Injections & Cleaning Items (Summary).rpt","Canonical copy retained for exact duplicate group","Retain"
"IGroup/Reports/Stock Consumption Report for a specified Ending Date.rpt","True","0a7df05c3b92c09c2f62a8dbf928905f55b87beb","82944","Stock Consumption Report for a specified Ending Date.rpt","False","","False","False","","2","IGroup/Reports/Stock Consumption Report for a specified Ending Date.rpt","Canonical copy retained for exact duplicate group","Retain"
"IGroup/Reports/Stock Consumption Report for a specified Ending Date2.rpt","True","5f5052a4fbab1272d386bf4765c7631d538bd0cc","82944","Stock Consumption Report for a specified Ending Date2.rpt","False","","False","False","","2","IGroup/Reports/Stock Consumption Report for a specified Ending Date2.rpt","Canonical copy retained for exact duplicate group","Retain"
"IGroup/Reports/Stock Consumption with Parameters.rpt","True","a3fd4645c4e625c7844a26fbfa678a4f8bd6a1f1","56320","Stock Consumption with Parameters.rpt","False","","False","False","","2","IGroup/Reports/Stock Consumption with Parameters.rpt","Canonical copy retained for exact duplicate group","Retain"
"IGroup/Reports/Stock Consumption.rpt","True","e1e7c9af85221e1cc56e42eaa3e854b94f10e7a0","58880","Stock Consumption.rpt","False","","False","False","","2","IGroup/Reports/Stock Consumption.rpt","Canonical copy retained for exact duplicate group","Retain"
"IGroup/Reports/Stock Consumption2.rpt","True","8d336b3c1955ff9fdedf56cabab89c170ed6663e","56320","Stock Consumption2.rpt","False","","False","False","","2","IGroup/Reports/Stock Consumption2.rpt","Canonical copy retained for exact duplicate group","Retain"
"IGroup/Reports/StockAdjustment.rpt","True","ef8d9cc85a310b14bb0be7408c911c00febdafea","15872","StockAdjustment.rpt","False","","False","False","","5","IGroup/Reports/StockAdjustment.rpt","Canonical copy retained for exact duplicate group","Retain"
"IGroup/Reports/StockRegister Summary.rpt","True","cd0ebb6bd0eb623ca9301ad10498b86c2761bd57","17408","StockRegister Summary.rpt","False","","False","False","","3","IGroup/Reports/StockRegister Summary.rpt","Canonical copy retained for exact duplicate group","Retain"
"IGroup/Reports/StockRegister.rpt","True","8d5fecbdeaefa10aead6aa4694a18017a643651d","51200","StockRegister.rpt","False","","False","False","","2","IGroup/Reports/StockRegister.rpt","Canonical copy retained for exact duplicate group","Retain"
"IGroup/Reports/StockRegisterClinic.rpt","True","5a968bf9d08a73497d82efe58b9797f267f4bcfd","21504","StockRegisterClinic.rpt","False","","False","False","","3","IGroup/Reports/StockRegisterClinic.rpt","Canonical copy retained for exact duplicate group","Retain"
"IGroup/Reports/StockRegisterClinicNew.rpt","True","1a25529a4f21440e689119108d28b23690cc17d2","21504","StockRegisterClinicNew.rpt","False","","False","False","","3","IGroup/Reports/StockRegisterClinicNew.rpt","Canonical copy retained for exact duplicate group","Retain"
"IGroup/Reports/StockRegisterNew.rpt","True","20e0519c59ec8f156b26675d43c1c229ca6741fe","17408","StockRegisterNew.rpt","False","","False","False","","3","IGroup/Reports/StockRegisterNew.rpt","Canonical copy retained for exact duplicate group","Retain"
"IGroup/Reports/StockRegisterPharmacy.rpt","True","93308d451ca0eed455dd4091722a98b71988fdaa","21504","StockRegisterPharmacy.rpt","False","","False","False","","3","IGroup/Reports/StockRegisterPharmacy.rpt","Canonical copy retained for exact duplicate group","Retain"
"IGroup/Reports/StockRegisterWithBarCodes.rpt","True","73ec0bd2bf918aef5fda6af4e89fc32f308bcabc","21504","StockRegisterWithBarCodes.rpt","False","","False","False","","3","IGroup/Reports/StockRegisterWithBarCodes.rpt","Canonical copy retained for exact duplicate group","Retain"
"IGroup/Reports/SupplierWisePurchaseHistory.rpt","True","72b0bdd847a7c600d49d88fea39b860b1ba0d52c","49152","SupplierWisePurchaseHistory.rpt","False","","False","False","","2","IGroup/Reports/SupplierWisePurchaseHistory.rpt","Canonical copy retained for exact duplicate group","Retain"
"IGroup/Reports/TestChartOfAccounts.rpt","True","a2ed36d02dd25ccf0eb2a09dab07d347f858d8c6","48128","TestChartOfAccounts.rpt","False","","False","False","","3","IGroup/Reports/TestChartOfAccounts.rpt","Canonical copy retained for exact duplicate group","Retain"
"IGroup/Reports/Total Cash Income & Vat Summary Report All.rpt","True","7e1f0b7fe8c05dfa74898805c35def98628e7b0a","53248","Total Cash Income & Vat Summary Report All.rpt","False","","False","False","","2","IGroup/Reports/Total Cash Income & Vat Summary Report All.rpt","Canonical copy retained for exact duplicate group","Retain"
"IGroup/Reports/Total Cash Income & Vat Summary Report Per Department.rpt","True","fed5f4381625c29c0b5ec427de43655b7b121794","53248","Total Cash Income & Vat Summary Report Per Department.rpt","False","","False","False","","2","IGroup/Reports/Total Cash Income & Vat Summary Report Per Department.rpt","Canonical copy retained for exact duplicate group","Retain"
"IGroup/Reports/Total Diagnostic Center Cash Income & Vat Summary Report Per Department.rpt","True","35d7d0daab6fc14d47697299dc9ab4b62a7d6463","53248","Total Diagnostic Center Cash Income & Vat Summary Report Per Department.rpt","False","","False","False","","2","IGroup/Reports/Total Diagnostic Center Cash Income & Vat Summary Report Per Department.rpt","Canonical copy retained for exact duplicate group","Retain"
"IGroup/Reports/Transfer2BranchStockReport.rpt","True","cf30a6e6e15822403f8629584d309a697c0dfe16","16384","Transfer2BranchStockReport.rpt","False","","False","False","","3","IGroup/Reports/Transfer2BranchStockReport.rpt","Canonical copy retained for exact duplicate group","Retain"
"IGroup/Reports/TransferStockItemWiseReport.rpt","True","159f5f074d86572de46ebe6b804a7be2a5e85658","89600","TransferStockItemWiseReport.rpt","False","","False","False","","5","IGroup/Reports/TransferStockItemWiseReport.rpt","Canonical copy retained for exact duplicate group","Retain"
"IGroup/Reports/TransferStockReport.rpt","True","4b3fef0e9e22f99a3a0562fd6730895902efb8c6","50176","TransferStockReport.rpt","False","","False","False","","3","IGroup/Reports/TransferStockReport.rpt","Canonical copy retained for exact duplicate group","Retain"
"IGroup/Reports/UltrasoundTests Done for a given Period per Unknown Nationality.rpt","True","4b23d78ef24aa3b92fba800e91c599d6cb23c4e0","64000","UltrasoundTests Done for a given Period per Unknown Nationality.rpt","False","","False","False","","2","IGroup/Reports/UltrasoundTests Done for a given Period per Unknown Nationality.rpt","Canonical copy retained for exact duplicate group","Retain"
"IGroup/Reports/UnpostedPayables.rpt","True","9875b650aa9ac4a32130fb3aff684b846750e28c","14336","UnpostedPayables.rpt","False","","False","False","","5","IGroup/Reports/UnpostedPayables.rpt","Canonical copy retained for exact duplicate group","Retain"
"IGroup/Reports/Vaccines Done for a given Period per Nationality Diagnosis Center Only New.rpt","True","9205b911f2aaec0560f98c27e564c0bed671efd7","70144","Vaccines Done for a given Period per Nationality Diagnosis Center Only New.rpt","False","","False","False","","2","IGroup/Reports/Vaccines Done for a given Period per Nationality Diagnosis Center Only New.rpt","Canonical copy retained for exact duplicate group","Retain"
"IGroup/Reports/Vaccines Done for a given Period per Nationality Diagnosis Center Only.rpt","True","dcad48b6cc07bce81b5105f8ce28af2461e70891","75776","Vaccines Done for a given Period per Nationality Diagnosis Center Only.rpt","False","","False","False","","2","IGroup/Reports/Vaccines Done for a given Period per Nationality Diagnosis Center Only.rpt","Canonical copy retained for exact duplicate group","Retain"
"IGroup/Reports/Vaccines Done for a given Period per Nationality per doctor.rpt","True","ceb36e3c6fd0fb1fce5c76b81c084764bec170ac","60416","Vaccines Done for a given Period per Nationality per doctor.rpt","False","","False","False","","2","IGroup/Reports/Vaccines Done for a given Period per Nationality per doctor.rpt","Canonical copy retained for exact duplicate group","Retain"
"IGroup/Reports/Vaccines Done for a given Period per Nationality.rpt","True","db45d02db2a3473dc5191024d424eab4a890c5c7","70144","Vaccines Done for a given Period per Nationality.rpt","False","","False","False","","2","IGroup/Reports/Vaccines Done for a given Period per Nationality.rpt","Canonical copy retained for exact duplicate group","Retain"
"IGroup/Reports/Vaccines Done for a given Period per Unknown Nationality.rpt","True","01bbc5b5f0be5df1779091e1cd0c9cfb39c281dc","65024","Vaccines Done for a given Period per Unknown Nationality.rpt","False","","False","False","","2","IGroup/Reports/Vaccines Done for a given Period per Unknown Nationality.rpt","Canonical copy retained for exact duplicate group","Retain"
"IGroup/Reports/Vat/01-Simplified Combined Total Income & Vat Summary Report All Tester.rpt","True","20bbd2cf6c049e3938de4b18052a7e95696924bc","52224","01-Simplified Combined Total Income & Vat Summary Report All Tester.rpt","False","","False","False","","1","","No static reference found; retained because reports are loaded dynamically","Retain"
"IGroup/Reports/Vat/01-Simplified Combined Total Income & Vat Summary Report All.rpt","True","3627b1d21a2112bf0cd923beb3b861d72268a298","52224","01-Simplified Combined Total Income & Vat Summary Report All.rpt","False","","False","False","","1","","No static reference found; retained because reports are loaded dynamically","Retain"
"IGroup/Reports/Vat/02-Total Output VAT Report Detailed.rpt","True","f90c5b4728e3ef13d0a92d5c6f3d8a8cd94422b3","1652224","02-Total Output VAT Report Detailed.rpt","False","","False","False","","1","","No static reference found; retained because reports are loaded dynamically","Retain"
"IGroup/Reports/Vat/02-Total Output VAT Report Summary.rpt","True","6a4a42befb574b15af2dd1fe378d99ffd9c9765b","1652224","02-Total Output VAT Report Summary.rpt","False","","False","False","","1","","No static reference found; retained because reports are loaded dynamically","Retain"
"IGroup/Reports/Vat/03-Total Purchases Report Detailed.rpt","True","3b783862c343b206239e05b7bbc50da8a6a091d7","1655808","03-Total Purchases Report Detailed.rpt","False","","False","False","","1","","No static reference found; retained because reports are loaded dynamically","Retain"
"IGroup/Reports/Vat/03-Total Purchases Report Summary.rpt","True","0739575bf8d111607cb6d6a22f8e85c86d509798","1671680","03-Total Purchases Report Summary.rpt","False","","False","False","","1","","No static reference found; retained because reports are loaded dynamically","Retain"
"IGroup/Reports/Vat/Vat New/01-Simplified Combined Total Income & Vat Summary Report All.rpt","True","ef1e20dc8c2b1aba1fc2ca29da8f504f78feb250","54272","01-Simplified Combined Total Income & Vat Summary Report All.rpt","False","","False","False","","1","","No static reference found; retained because reports are loaded dynamically","Retain"
"IGroup/Reports/VoucherPrint.rpt","True","b5fccce6780e2d7cb0c27380f358aad975b7c345","43520","VoucherPrint.rpt","False","","False","False","","5","IGroup/Reports/VoucherPrint.rpt","Canonical copy retained for exact duplicate group","Retain"
"IGroup/Reports/X-Ray Tests Done for a given Period per Nationality.rpt","True","6df951bab642cce6e2893dee6a89fcdd3ac8b120","75776","X-Ray Tests Done for a given Period per Nationality.rpt","False","","False","False","","2","IGroup/Reports/X-Ray Tests Done for a given Period per Nationality.rpt","Canonical copy retained for exact duplicate group","Retain"
"IGroup/Reports/X-Ray Tests Done for a given Period per Unknown Nationality.rpt","True","76a7ffd826cc19095e45b30b08a9e9570ec3a481","74752","X-Ray Tests Done for a given Period per Unknown Nationality.rpt","False","","False","False","","2","IGroup/Reports/X-Ray Tests Done for a given Period per Unknown Nationality.rpt","Canonical copy retained for exact duplicate group","Retain"
"IGroup/Reports/XrayPlainReport.rpt","True","ca25ec54f68a00833642e6a4e642a3410dc5dffc","48640","XrayPlainReport.rpt","False","","False","False","","2","IGroup/Reports/XrayPlainReport.rpt","Canonical copy retained for exact duplicate group","Retain"
