"Path","BlobHash","SizeBytes","DuplicateCount","CanonicalPath","Classification","ProposedAction","ProjectIncluded","TextReferenced"
"Accounts/Reports/IGroup/Reports/Backup/ClinicDailyReceptionInvoice (2).rpt","84893737b128216398a919c272ad5c2c595c81a7","54272","1","","Unreferenced report in explicit archive directory","QuarantineBackupVariant","False","False"
"Accounts/Reports/IGroup/Reports/Backup/ClinicDailyReceptionInvoice.rpt","830ce4560bd9f13786f37a8535e7edff8e44d73a","55296","1","","Unreferenced report in explicit archive directory","QuarantineBackupVariant","False","False"
"Accounts/Reports/IGroup/Reports/Backup/ClinicDoctorWiseTimeFrame (2).rpt","f894d150ce47957e0728725582349be1396b86c6","52224","1","","Unreferenced report in explicit archive directory","QuarantineBackupVariant","False","False"
"Accounts/Reports/IGroup/Reports/Backup/ClinicReceptionCollection.rpt","2bd2983a00d93bc09eb4516f72e3553313486653","126464","1","","Unreferenced report in explicit archive directory","QuarantineBackupVariant","False","False"
"Accounts/Reports/IGroup/Reports/Backup/CombinedReportDateWise (2).rpt","bbf5c8db98e8175b6c52705fa1cd0dc2a3bde20f","52224","1","","Unreferenced report in explicit archive directory","QuarantineBackupVariant","False","False"
"Accounts/Reports/IGroup/Reports/Backup/CombinedSummaryStatementDateWise (2).rpt","726e7cfc2b9777b72542b1b1d6d908cb89b3580b","54272","1","","Unreferenced report in explicit archive directory","QuarantineBackupVariant","False","False"
"Accounts/Reports/IGroup/Reports/Backup/CombinedSummaryStatementDateWise Orig.rpt","7f0b71124390df1b19af9d13d8633ceb5fb28cea","51200","1","","Unreferenced report in explicit archive directory","QuarantineBackupVariant","False","False"
"Accounts/Reports/IGroup/Reports/Backup/CreditCoMonthlySubmission (2).rpt","cd6f34cd4ab2269639f289afbc4b648a02884743","52736","1","","Unreferenced report in explicit archive directory","QuarantineBackupVariant","False","False"
"Accounts/Reports/IGroup/Reports/Backup/CreditCoMonthlySubmission.rpt","aeb966615cd02b4e1d294322516a744a82bca67b","52224","1","","Unreferenced report in explicit archive directory","QuarantineBackupVariant","False","False"
"Accounts/Reports/IGroup/Reports/Backup/CreditCoMonthlySubmission01.rpt","83c6620be0a0113187b920f0f33a61bffdded885","52224","1","","Unreferenced report in explicit archive directory","QuarantineBackupVariant","False","False"
"Accounts/Reports/IGroup/Reports/Backup/CreditCoMonthlySubmissionSummary (2).rpt","acc004dfcce09e555f83e708d5fdf8d819e79a95","52736","1","","Unreferenced report in explicit archive directory","QuarantineBackupVariant","False","False"
"Accounts/Reports/IGroup/Reports/Backup/CreditCoMonthlySubmissionSummary.rpt","d9df78b42904fd5ab6c47cad3f7a2f2be43d42dc","52224","1","","Unreferenced report in explicit archive directory","QuarantineBackupVariant","False","False"
"Accounts/Reports/IGroup/Reports/Backup/DailyReportDoctorWisePatients (2).rpt","d3f5d247e78c0e1a22b93ccc05ec42fc8a0e2f18","49664","1","","Unreferenced report in explicit archive directory","QuarantineBackupVariant","False","False"
"Accounts/Reports/IGroup/Reports/Backup/DailyReportDoctorWisePatients.rpt","662b6a9f5a44d17e038211e3a03f3dafe5b1faba","51712","1","","Unreferenced report in explicit archive directory","QuarantineBackupVariant","False","False"
"Accounts/Reports/IGroup/Reports/Backup/DCBillPrint (2).rpt","6a34864f0906e9e2865c6529fdd153bce68c10d5","19456","1","","Unreferenced report in explicit archive directory","QuarantineBackupVariant","False","False"
"Accounts/Reports/IGroup/Reports/Backup/DCBillPrintNew.rpt","551e0d27cd7dc2aa41294989ddd3fe337617e072","17408","1","","Unreferenced report in explicit archive directory","QuarantineBackupVariant","False","False"
"Accounts/Reports/IGroup/Reports/Backup/DCDriverLicenseForm (2).rpt","7b2882c5a4266277871cfe39a93782595d7053e0","16896","1","","Unreferenced report in explicit archive directory","QuarantineBackupVariant","False","False"
"Accounts/Reports/IGroup/Reports/Backup/DCDriverLicenseForm.rpt","27933771405413f4b4d710a17c0e9c98cfea2cd5","16896","1","","Unreferenced report in explicit archive directory","QuarantineBackupVariant","False","False"
"Accounts/Reports/IGroup/Reports/Backup/DCHealthCardForm (2).rpt","3f94ae8311c4bf445e0ee6401a997c0c6a661b95","16384","1","","Unreferenced report in explicit archive directory","QuarantineBackupVariant","False","False"
"Accounts/Reports/IGroup/Reports/Backup/DCHealthCardForm.rpt","ce13cbd3662a77fb38b0bde0c011b890c19667d1","16384","1","","Unreferenced report in explicit archive directory","QuarantineBackupVariant","False","False"
"Accounts/Reports/IGroup/Reports/Backup/DCIqamaForm (2).rpt","a32a13adc667cddf0ae7f90eb853ea8fea4cc795","15360","1","","Unreferenced report in explicit archive directory","QuarantineBackupVariant","False","False"
"Accounts/Reports/IGroup/Reports/Backup/DCIqamaForm.rpt","d507b51bb1bbe8056713352ebfec33a86057bf44","15360","1","","Unreferenced report in explicit archive directory","QuarantineBackupVariant","False","False"
"Accounts/Reports/IGroup/Reports/Backup/IBCombinedUserWiseSummaryStatement (2).rpt","3f4580e55055f73a9ed4003c4ae336bccb5f53f5","52736","1","","Unreferenced report in explicit archive directory","QuarantineBackupVariant","False","False"
"Accounts/Reports/IGroup/Reports/Backup/IBCombinedUserWiseSummaryStatement.rpt","ec40edfe52f83bc34724557a50363b8921c7b90a","52224","1","","Unreferenced report in explicit archive directory","QuarantineBackupVariant","False","False"
"Accounts/Reports/IGroup/Reports/Backup/IBDailyReceptionInvoice (2).rpt","52ca5e2bf72a23ca53ae9816adf424d829bd5ef7","53248","1","","Unreferenced report in explicit archive directory","QuarantineBackupVariant","False","False"
"Accounts/Reports/IGroup/Reports/Backup/IBSalesManSummary.rpt","6a35a2592563310a41a418587718593e57beae6f","51712","1","","Unreferenced report in explicit archive directory","QuarantineBackupVariant","False","False"
"Accounts/Reports/IGroup/Reports/Backup/Inventory Report for a given date.rpt","c81f8077be1287ebc74518ef0a8459c339280711","110080","1","","Unreferenced report in explicit archive directory","QuarantineBackupVariant","False","False"
"Accounts/Reports/IGroup/Reports/Backup/ItemMovementReportPeriodic.rpt","28d7db7d00bb6edc211f0e4a7c5ab166f494abf2","52736","1","","Unreferenced report in explicit archive directory","QuarantineBackupVariant","False","False"
"Accounts/Reports/IGroup/Reports/Backup/ListofDailyPatients (2).rpt","6d0ab11fd102348322413ed7fdd662c3c0bcbee9","50688","1","","Unreferenced report in explicit archive directory","QuarantineBackupVariant","False","False"
"Accounts/Reports/IGroup/Reports/Backup/MOH IB Report.rpt","059f1f88c806d8f2a8d9f05246bc1d670f5d2141","606720","1","","Unreferenced report in explicit archive directory","QuarantineBackupVariant","False","False"
"Accounts/Reports/IGroup/Reports/Backup/MOH Report.rpt","55f4dc6e2d258064e9113809e312693246d1ca94","610816","1","","Unreferenced report in explicit archive directory","QuarantineBackupVariant","False","False"
"Accounts/Reports/IGroup/Reports/Backup/PharmacyDailySalesInvoice (2).rpt","b6bd96843b80a9d8c9bc994f3fc27df5d0c62f58","53760","1","","Unreferenced report in explicit archive directory","QuarantineBackupVariant","False","False"
"Accounts/Reports/IGroup/Reports/Backup/PharmacyDailySalesInvoice.rpt","13152079b7dcb661b29cc45356d0da55e30dfa72","54272","1","","Unreferenced report in explicit archive directory","QuarantineBackupVariant","False","False"
"Accounts/Reports/IGroup/Reports/Backup/PharmacyDailySalesInvoiceSummary.rpt","42ac87f4f1b3b4178f31bb9317ccb4a6d08d2ce2","54272","1","","Unreferenced report in explicit archive directory","QuarantineBackupVariant","False","False"
"Accounts/Reports/IGroup/Reports/Backup/RevenueReportDoctorWiseCombined.rpt","d5e1e119bc60ea2b284edcf25975baff7d34b850","56832","1","","Unreferenced report in explicit archive directory","QuarantineBackupVariant","False","False"
"Accounts/Reports/IGroup/Reports/Backup/RevenueReportDoctorWisePatientsOrig.rpt","401e3f76a4ee6cae0f492f3b4f814cde0dd7c467","56832","1","","Unreferenced report in explicit archive directory","QuarantineBackupVariant","False","False"
"Accounts/Reports/IGroup/Reports/Backup/Stock Consumption.rpt","70a01f2693c67b1b5e2bf5d557574493209c2bc3","54272","1","","Unreferenced report in explicit archive directory","QuarantineBackupVariant","False","False"
"Accounts/Reports/IGroup/Reports/Backup/StockRegister (2).rpt","fe16325ca2caa4174112ce7b96aa8240ef0de189","50688","1","","Unreferenced report in explicit archive directory","QuarantineBackupVariant","False","False"
"Accounts/Reports/IGroup/Reports/Backup/SupplierWisePurchaseHistory.rpt","c110ace83cd237d070d47ab321b482bcf1a8f043","49152","1","","Unreferenced report in explicit archive directory","QuarantineBackupVariant","False","False"
"Accounts/Reports/IGroup/Reports/Backup/test.rpt","c29e3de9156b837b49166b9ffd68c17e5f4d13af","16896","1","","Unreferenced report in explicit archive directory","QuarantineBackupVariant","False","False"
"Accounts/Reports/IGroup/Reports/Trial/1CombinedDetailedStatementDateWise.rpt","28fd3f4d6d2584c3e7b77c9c216e4e7f79b01ffb","54272","1","","Unreferenced report in explicit archive directory","QuarantineBackupVariant","False","False"
"Accounts/Reports/IGroup/Reports/Trial/1CombinedSummaryStatementDateWise.rpt","fa4343244b11df42df807128020ad9ef93687788","52224","1","","Unreferenced report in explicit archive directory","QuarantineBackupVariant","False","False"
"Accounts/Reports/IGroup/Reports/Trial/trial.rpt","db9301314c2c0b85e806861f1dcecca026ed52b7","54784","1","","Unreferenced report in explicit archive directory","QuarantineBackupVariant","False","False"
"Accounts/Reports/IGroup/Lab Barcode/BarcodeLabSamplePrintingOriginal.rpt","7449983bd04af0c65721a338b4e6a56fc086c5b8","17408","2","Accounts/Reports/IGroup/Reports/BarcodeLabSamplePrinting.rpt","Unreferenced exact duplicate with archive-style name/path","QuarantineExactDuplicate","False","False"
"Accounts/Reports/IGroup/PMR Doctors Form - Copy.rpt","eb3395b0b65593eeac51d6926730e41897a35203","143872","2","Accounts/Reports/IGroup/PMR Doctors Form With Printed Details.rpt","Unreferenced exact duplicate with archive-style name/path","QuarantineExactDuplicate","False","False"
"Accounts/Reports/IGroup/Reports/Backup/AccBalanceSheet.rpt","43432b86b74c9d3c9460cd2644a3071050ad5de3","49664","3","IGroup/Reports/AccBalanceSheet.rpt","Unreferenced exact duplicate with archive-style name/path","QuarantineExactDuplicate","False","False"
"Accounts/Reports/IGroup/Reports/Backup/AccountsGroupList (2).rpt","abef2dce3ea86b27292d8243b26ad7e44c190421","48128","5","IGroup/Reports/AccountsGroupList.rpt","Unreferenced exact duplicate with archive-style name/path","QuarantineExactDuplicate","False","False"
"Accounts/Reports/IGroup/Reports/Backup/AccountsGroupList.rpt","abef2dce3ea86b27292d8243b26ad7e44c190421","48128","5","IGroup/Reports/AccountsGroupList.rpt","Unreferenced exact duplicate with archive-style name/path","QuarantineExactDuplicate","False","False"
"Accounts/Reports/IGroup/Reports/Backup/AccountsIncomeExpenses.rpt","906414ec8f6871d63bfa5b60be48a16769ddea41","49152","3","IGroup/Reports/AccountsIncomeExpenses.rpt","Unreferenced exact duplicate with archive-style name/path","QuarantineExactDuplicate","False","False"
"Accounts/Reports/IGroup/Reports/Backup/AccountsJournal (2).rpt","df669bf9b09bf9e04e840ef17f25c31f868080ff","48128","5","IGroup/Reports/AccountsJournal.rpt","Unreferenced exact duplicate with archive-style name/path","QuarantineExactDuplicate","False","False"
"Accounts/Reports/IGroup/Reports/Backup/AccountsJournal.rpt","df669bf9b09bf9e04e840ef17f25c31f868080ff","48128","5","IGroup/Reports/AccountsJournal.rpt","Unreferenced exact duplicate with archive-style name/path","QuarantineExactDuplicate","False","False"
"Accounts/Reports/IGroup/Reports/Backup/AccountsLedger (2).rpt","525ebe75c77839d8d1e1288cd9dbbae3f9d94ddf","49152","5","IGroup/Reports/AccountsLedger.rpt","Unreferenced exact duplicate with archive-style name/path","QuarantineExactDuplicate","False","False"
"Accounts/Reports/IGroup/Reports/Backup/AccountsLedger.rpt","525ebe75c77839d8d1e1288cd9dbbae3f9d94ddf","49152","5","IGroup/Reports/AccountsLedger.rpt","Unreferenced exact duplicate with archive-style name/path","QuarantineExactDuplicate","False","False"
"Accounts/Reports/IGroup/Reports/Backup/AccountsLedgerSummary.rpt","8ca6d3d7c392f4bad56df42d194f20509207fa02","1162240","3","IGroup/Reports/AccountsLedgerSummary.rpt","Unreferenced exact duplicate with archive-style name/path","QuarantineExactDuplicate","False","False"
"Accounts/Reports/IGroup/Reports/Backup/AccountsOpeningBalance (2).rpt","be70947add48649cf9c13d97ba4b722dc5880b3a","48128","5","IGroup/Reports/AccountsOpeningBalance.rpt","Unreferenced exact duplicate with archive-style name/path","QuarantineExactDuplicate","False","False"
"Accounts/Reports/IGroup/Reports/Backup/AccountsOpeningBalance.rpt","be70947add48649cf9c13d97ba4b722dc5880b3a","48128","5","IGroup/Reports/AccountsOpeningBalance.rpt","Unreferenced exact duplicate with archive-style name/path","QuarantineExactDuplicate","False","False"
"Accounts/Reports/IGroup/Reports/Backup/AccountsPnL.rpt","0c582bcd990ab7df138840534427e580669921fc","48128","3","IGroup/Reports/AccountsPnL.rpt","Unreferenced exact duplicate with archive-style name/path","QuarantineExactDuplicate","False","False"
"Accounts/Reports/IGroup/Reports/Backup/AccountsVoucherType (2).rpt","f6ed868bbd67746f96e7b6b4533d2ad23e3a100e","47616","5","IGroup/Reports/AccountsVoucherType.rpt","Unreferenced exact duplicate with archive-style name/path","QuarantineExactDuplicate","False","False"
"Accounts/Reports/IGroup/Reports/Backup/AccountsVoucherType.rpt","f6ed868bbd67746f96e7b6b4533d2ad23e3a100e","47616","5","IGroup/Reports/AccountsVoucherType.rpt","Unreferenced exact duplicate with archive-style name/path","QuarantineExactDuplicate","False","False"
"Accounts/Reports/IGroup/Reports/Backup/ACCTrialBalanceNew (2).rpt","3a12390b748d7626c7c22d39b3fc4b446836610a","51200","5","IGroup/Reports/ACCTrialBalanceNew.rpt","Unreferenced exact duplicate with archive-style name/path","QuarantineExactDuplicate","False","False"
"Accounts/Reports/IGroup/Reports/Backup/ACCTrialBalanceNew.rpt","3a12390b748d7626c7c22d39b3fc4b446836610a","51200","5","IGroup/Reports/ACCTrialBalanceNew.rpt","Unreferenced exact duplicate with archive-style name/path","QuarantineExactDuplicate","False","False"
"Accounts/Reports/IGroup/Reports/Backup/AgeingSummary.rpt","a2b4738a5d313002157d0cb4b10cedfde0e51343","49152","3","IGroup/Reports/AgeingSummary.rpt","Unreferenced exact duplicate with archive-style name/path","QuarantineExactDuplicate","False","False"
"Accounts/Reports/IGroup/Reports/Backup/BarcodePharmacy (2).rpt","5d427795592057000501de7fd02666ad73491a00","15872","3","Accounts/Reports/IGroup/Reports/Report Backups/BarcodePharmacy.rpt","Unreferenced exact duplicate with archive-style name/path","QuarantineExactDuplicate","False","False"
"Accounts/Reports/IGroup/Reports/Backup/BarcodePharmacy2 (2).rpt","94f317c5bda70931f64cb4e18fea4e2d9f5829d7","13312","3","Accounts/Reports/IGroup/Reports/Report Backups/BarcodePharmacy2.rpt","Unreferenced exact duplicate with archive-style name/path","QuarantineExactDuplicate","False","False"
"Accounts/Reports/IGroup/Reports/Backup/BarcodePharmacy2.rpt","94f317c5bda70931f64cb4e18fea4e2d9f5829d7","13312","3","Accounts/Reports/IGroup/Reports/Report Backups/BarcodePharmacy2.rpt","Unreferenced exact duplicate with archive-style name/path","QuarantineExactDuplicate","False","False"
"Accounts/Reports/IGroup/Reports/Backup/BarcodePharmacy3 (2).rpt","4372e2e5ded17e0d59046b3a373a3341aae55f5f","13312","3","Accounts/Reports/IGroup/Reports/Report Backups/BarcodePharmacy3.rpt","Unreferenced exact duplicate with archive-style name/path","QuarantineExactDuplicate","False","False"
"Accounts/Reports/IGroup/Reports/Backup/BarcodePharmacy3.rpt","4372e2e5ded17e0d59046b3a373a3341aae55f5f","13312","3","Accounts/Reports/IGroup/Reports/Report Backups/BarcodePharmacy3.rpt","Unreferenced exact duplicate with archive-style name/path","QuarantineExactDuplicate","False","False"
"Accounts/Reports/IGroup/Reports/Backup/BestInventoryReport (2).rpt","e303e0c0b871a317642aad49cdba5a1b18561220","15872","3","IGroup/Reports/BestInventoryReport.rpt","Unreferenced exact duplicate with archive-style name/path","QuarantineExactDuplicate","False","False"
"Accounts/Reports/IGroup/Reports/Backup/BestInventoryReport.rpt","5aca878ff9b0afb5390f09a3f23a425964051528","14848","2","Accounts/Reports/IGroup/Reports/Report Backups/BestInventoryReport.rpt","Unreferenced exact duplicate with archive-style name/path","QuarantineExactDuplicate","False","False"
"Accounts/Reports/IGroup/Reports/Backup/BestQtySoldPieGraph (2).rpt","785c25c14ffa07e447a546819bfbc1592ee64f95","57856","5","IGroup/Reports/BestQtySoldPieGraph.rpt","Unreferenced exact duplicate with archive-style name/path","QuarantineExactDuplicate","False","False"
"Accounts/Reports/IGroup/Reports/Backup/BestQtySoldPieGraph.rpt","785c25c14ffa07e447a546819bfbc1592ee64f95","57856","5","IGroup/Reports/BestQtySoldPieGraph.rpt","Unreferenced exact duplicate with archive-style name/path","QuarantineExactDuplicate","False","False"
"Accounts/Reports/IGroup/Reports/Backup/ClinicBillPrint - Orig (2).rpt","13482fe3afd8387c33c1deb55e2d22aae9fdb36b","14848","5","Accounts/Reports/IGroup/Reports/ClinicBillPrint - Orig.rpt","Unreferenced exact duplicate with archive-style name/path","QuarantineExactDuplicate","False","False"
"Accounts/Reports/IGroup/Reports/Backup/ClinicBillPrint - Orig.rpt","13482fe3afd8387c33c1deb55e2d22aae9fdb36b","14848","5","Accounts/Reports/IGroup/Reports/ClinicBillPrint - Orig.rpt","Unreferenced exact duplicate with archive-style name/path","QuarantineExactDuplicate","False","False"
"Accounts/Reports/IGroup/Reports/Backup/ClinicBillPrint (2).rpt","3d49b76efd68bd5e36794e32f480d989a9f3c1bc","16896","2","Accounts/Reports/IGroup/Reports/ClinicBillPrintOldInvoice.rpt","Unreferenced exact duplicate with archive-style name/path","QuarantineExactDuplicate","False","False"
"Accounts/Reports/IGroup/Reports/Backup/ClinicBillPrint.rpt","bcc8be23da80b56b705d3b453ac184f4647160b0","14848","5","IGroup/Reports/Mine/ClinicBillPrint.rpt","Unreferenced exact duplicate with archive-style name/path","QuarantineExactDuplicate","False","False"
"Accounts/Reports/IGroup/Reports/Backup/ClinicBillPrint1 (2).rpt","78939beae2a49372eda970867d6fe53abd949b7c","14336","4","Accounts/Reports/IGroup/Reports/ClinicBillPrint1.rpt","Unreferenced exact duplicate with archive-style name/path","QuarantineExactDuplicate","False","False"
"Accounts/Reports/IGroup/Reports/Backup/ClinicBillPrint1.rpt","78939beae2a49372eda970867d6fe53abd949b7c","14336","4","Accounts/Reports/IGroup/Reports/ClinicBillPrint1.rpt","Unreferenced exact duplicate with archive-style name/path","QuarantineExactDuplicate","False","False"
"Accounts/Reports/IGroup/Reports/Backup/ClinicBillPrint2 (2).rpt","8850d9a03354674d58caf5bcc9c83faf95ff65a3","14336","3","Accounts/Reports/IGroup/Reports/Report Backups/ClinicBillPrint2.rpt","Unreferenced exact duplicate with archive-style name/path","QuarantineExactDuplicate","False","False"
"Accounts/Reports/IGroup/Reports/Backup/ClinicBillPrint2.rpt","8850d9a03354674d58caf5bcc9c83faf95ff65a3","14336","3","Accounts/Reports/IGroup/Reports/Report Backups/ClinicBillPrint2.rpt","Unreferenced exact duplicate with archive-style name/path","QuarantineExactDuplicate","False","False"
"Accounts/Reports/IGroup/Reports/Backup/ClinicBillPrint22222.rpt","0492a0fcaef810d388559b7981a749b4f7dab37f","16384","4","Accounts/Reports/IGroup/Reports/ClinicBillPrintOk.rpt","Unreferenced exact duplicate with archive-style name/path","QuarantineExactDuplicate","False","False"
"Accounts/Reports/IGroup/Reports/Backup/ClinicBillPrint4.rpt","bcc8be23da80b56b705d3b453ac184f4647160b0","14848","5","IGroup/Reports/Mine/ClinicBillPrint.rpt","Unreferenced exact duplicate with archive-style name/path","QuarantineExactDuplicate","False","False"
"Accounts/Reports/IGroup/Reports/Backup/ClinicBillPrintNewer.rpt","766d9d8f4df9ad87cb300a07f517b63b9855144b","16384","2","Accounts/Reports/IGroup/Reports/ClinicBillPrintNewer.rpt","Unreferenced exact duplicate with archive-style name/path","QuarantineExactDuplicate","False","False"
"Accounts/Reports/IGroup/Reports/Backup/ClinicBillPrintOk.rpt","0492a0fcaef810d388559b7981a749b4f7dab37f","16384","4","Accounts/Reports/IGroup/Reports/ClinicBillPrintOk.rpt","Unreferenced exact duplicate with archive-style name/path","QuarantineExactDuplicate","False","False"
"Accounts/Reports/IGroup/Reports/Backup/ClinicBillPrintoK3.rpt","3c355b6abb931b669e7170f219e213b4cbc27b5e","16384","2","Accounts/Reports/IGroup/Reports/ClinicBillPrintoK3.rpt","Unreferenced exact duplicate with archive-style name/path","QuarantineExactDuplicate","False","False"
"Accounts/Reports/IGroup/Reports/Backup/ClinicBillPrintOld.rpt","0e262cb2b0083f61c15b793ab89d6caa2557c63e","16384","5","IGroup/Reports/ClinicBillPrintxxxx.rpt","Unreferenced exact duplicate with archive-style name/path","QuarantineExactDuplicate","False","False"
"Accounts/Reports/IGroup/Reports/Backup/ClinicBillPrintx (2).rpt","91c7077b92980bd5d4bbd3438bff4042ed1b8f37","14848","6","IGroup/Reports/ClinicBillPrintx.rpt","Unreferenced exact duplicate with archive-style name/path","QuarantineExactDuplicate","False","False"
"Accounts/Reports/IGroup/Reports/Backup/ClinicBillPrintx.rpt","91c7077b92980bd5d4bbd3438bff4042ed1b8f37","14848","6","IGroup/Reports/ClinicBillPrintx.rpt","Unreferenced exact duplicate with archive-style name/path","QuarantineExactDuplicate","False","False"
"Accounts/Reports/IGroup/Reports/Backup/ClinicBillPrintxxxx.rpt","0e262cb2b0083f61c15b793ab89d6caa2557c63e","16384","5","IGroup/Reports/ClinicBillPrintxxxx.rpt","Unreferenced exact duplicate with archive-style name/path","QuarantineExactDuplicate","False","False"
"Accounts/Reports/IGroup/Reports/Backup/ClinicCreditStatement (2).rpt","f8a0d5bb1cf5937cf3a92bfb06157c3b9b0808c6","50176","6","Accounts/Reports/IGroup/Reports/ClinicCreditStatementOrig.rpt","Unreferenced exact duplicate with archive-style name/path","QuarantineExactDuplicate","False","False"
"Accounts/Reports/IGroup/Reports/Backup/ClinicCreditStatement.rpt","f8a0d5bb1cf5937cf3a92bfb06157c3b9b0808c6","50176","6","Accounts/Reports/IGroup/Reports/ClinicCreditStatementOrig.rpt","Unreferenced exact duplicate with archive-style name/path","QuarantineExactDuplicate","False","False"
"Accounts/Reports/IGroup/Reports/Backup/ClinicDailyInvoiceSummaryDoctorWise (2).rpt","0174425d7d13c25c7e890c69d0e53bf8fc3155d1","16896","5","IGroup/Reports/ClinicDailyInvoiceSummaryDoctorWise.rpt","Unreferenced exact duplicate with archive-style name/path","QuarantineExactDuplicate","False","False"
"Accounts/Reports/IGroup/Reports/Backup/ClinicDailyInvoiceSummaryDoctorWise.rpt","0174425d7d13c25c7e890c69d0e53bf8fc3155d1","16896","5","IGroup/Reports/ClinicDailyInvoiceSummaryDoctorWise.rpt","Unreferenced exact duplicate with archive-style name/path","QuarantineExactDuplicate","False","False"
"Accounts/Reports/IGroup/Reports/Backup/ClinicDailyReceptionDoctorWise (2).rpt","e65a7cf009ca7be8ee9f105f15875477c1ccc8fb","51200","7","IGroup/Reports/ClinicDailyReceptionDoctorWise.rpt","Unreferenced exact duplicate with archive-style name/path","QuarantineExactDuplicate","False","False"
"Accounts/Reports/IGroup/Reports/Backup/ClinicDailyReceptionDoctorWise.rpt","e65a7cf009ca7be8ee9f105f15875477c1ccc8fb","51200","7","IGroup/Reports/ClinicDailyReceptionDoctorWise.rpt","Unreferenced exact duplicate with archive-style name/path","QuarantineExactDuplicate","False","False"
"Accounts/Reports/IGroup/Reports/Backup/ClinicDailyReceptionInvoiceIQAMA (2).rpt","05c7de88d51adad7644b19563e94ff251fe32078","19456","5","IGroup/Reports/ClinicDailyReceptionInvoiceIQAMA.rpt","Unreferenced exact duplicate with archive-style name/path","QuarantineExactDuplicate","False","False"
"Accounts/Reports/IGroup/Reports/Backup/ClinicDailyReceptionInvoiceIQAMA.rpt","05c7de88d51adad7644b19563e94ff251fe32078","19456","5","IGroup/Reports/ClinicDailyReceptionInvoiceIQAMA.rpt","Unreferenced exact duplicate with archive-style name/path","QuarantineExactDuplicate","False","False"
"Accounts/Reports/IGroup/Reports/Backup/ClinicDailyReceptionInvoiceNew.rpt","e13bccbb64781e4c1fef496d5cc8f6e061113afa","55808","3","IGroup/Reports/ClinicDailyReceptionInvoiceNew.rpt","Unreferenced exact duplicate with archive-style name/path","QuarantineExactDuplicate","False","False"
"Accounts/Reports/IGroup/Reports/Backup/ClinicDailyReceptionInvoiceOld.rpt","0b87796f5d5b370b10aa4f1086c2f0a30a170864","53760","3","IGroup/Reports/ClinicDailyReceptionInvoiceOld.rpt","Unreferenced exact duplicate with archive-style name/path","QuarantineExactDuplicate","False","False"
"Accounts/Reports/IGroup/Reports/Backup/ClinicDailyReceptionInvoicePerDay (2).rpt","70c2d1e527f307e2eff7a0617cdd6b9d8835a483","53760","3","IGroup/Reports/ClinicDailyReceptionInvoicePerDay.rpt","Unreferenced exact duplicate with archive-style name/path","QuarantineExactDuplicate","False","False"
"Accounts/Reports/IGroup/Reports/Backup/ClinicDailyReceptionInvoicePerDay.rpt","5ff1b20c686728d641799ceac848a108abe62bb8","53760","4","IGroup/Reports/Mine/ClinicDailyReceptionInvoicePerDate.rpt","Unreferenced exact duplicate with archive-style name/path","QuarantineExactDuplicate","False","False"
"Accounts/Reports/IGroup/Reports/Backup/ClinicDailyReceptionInvoiceSummary.rpt","e9f3a43575ec66b3f30f0cef4568f6629424fb7b","56832","3","IGroup/Reports/ClinicDailyReceptionInvoiceSummary.rpt","Unreferenced exact duplicate with archive-style name/path","QuarantineExactDuplicate","False","False"
"Accounts/Reports/IGroup/Reports/Backup/ClinicDailyReceptionUserWise (2).rpt","3fe6377f182453034dbc32db30db98a0a94536ae","52736","6","IGroup/Reports/ClinicDailyReceptionUserWise.rpt","Unreferenced exact duplicate with archive-style name/path","QuarantineExactDuplicate","False","False"
"Accounts/Reports/IGroup/Reports/Backup/ClinicDailyReceptionUserWise.rpt","3fe6377f182453034dbc32db30db98a0a94536ae","52736","6","IGroup/Reports/ClinicDailyReceptionUserWise.rpt","Unreferenced exact duplicate with archive-style name/path","QuarantineExactDuplicate","False","False"
"Accounts/Reports/IGroup/Reports/Backup/ClinicDailyReceptionUserWise111 (2).rpt","8d849ace9ccc803278721c17e7893dd951237b97","51712","6","IGroup/Reports/ISP/ATM-ClinicDailyReceptionUserWise111.rpt","Unreferenced exact duplicate with archive-style name/path","QuarantineExactDuplicate","False","False"
"Accounts/Reports/IGroup/Reports/Backup/ClinicDailyReceptionUserWise111.rpt","8d849ace9ccc803278721c17e7893dd951237b97","51712","6","IGroup/Reports/ISP/ATM-ClinicDailyReceptionUserWise111.rpt","Unreferenced exact duplicate with archive-style name/path","QuarantineExactDuplicate","False","False"
"Accounts/Reports/IGroup/Reports/Backup/ClinicDailyReceptionUserWise3 (2).rpt","94c6292fcbea32fda99ad37401ebcf9ed7350c1e","54784","7","IGroup/Reports/ClinicDailyReceptionUserWise3.rpt","Unreferenced exact duplicate with archive-style name/path","QuarantineExactDuplicate","False","False"
"Accounts/Reports/IGroup/Reports/Backup/ClinicDailyReceptionUserWise3.rpt","94c6292fcbea32fda99ad37401ebcf9ed7350c1e","54784","7","IGroup/Reports/ClinicDailyReceptionUserWise3.rpt","Unreferenced exact duplicate with archive-style name/path","QuarantineExactDuplicate","False","False"
"Accounts/Reports/IGroup/Reports/Backup/ClinicDailyReceptionUserWiseNew (2).rpt","dc390381632b268fa60e4331b87775df10257fa3","51200","4","IGroup/Reports/ClinicDailyReceptionUserWiseNew.rpt","Unreferenced exact duplicate with archive-style name/path","QuarantineExactDuplicate","False","False"
"Accounts/Reports/IGroup/Reports/Backup/ClinicDailyReceptionUserWiseNew.rpt","dc390381632b268fa60e4331b87775df10257fa3","51200","4","IGroup/Reports/ClinicDailyReceptionUserWiseNew.rpt","Unreferenced exact duplicate with archive-style name/path","QuarantineExactDuplicate","False","False"
"Accounts/Reports/IGroup/Reports/Backup/ClinicDateWiseSummaryStatement (2).rpt","e3dfaba698f48c70a3913ef889d4325b233fc10e","49664","6","IGroup/Reports/ClinicDateWiseSummaryStatement.rpt","Unreferenced exact duplicate with archive-style name/path","QuarantineExactDuplicate","False","False"
"Accounts/Reports/IGroup/Reports/Backup/ClinicDateWiseSummaryStatement.rpt","e3dfaba698f48c70a3913ef889d4325b233fc10e","49664","6","IGroup/Reports/ClinicDateWiseSummaryStatement.rpt","Unreferenced exact duplicate with archive-style name/path","QuarantineExactDuplicate","False","False"
"Accounts/Reports/IGroup/Reports/Backup/ClinicDoctorWiseTimeFrame.rpt","72e5bb1e877c17778c3e80c5872c466539aacab9","16384","2","Accounts/Reports/IGroup/Reports/Report Backups/ClinicDoctorWiseTimeFrame.rpt","Unreferenced exact duplicate with archive-style name/path","QuarantineExactDuplicate","False","False"
"Accounts/Reports/IGroup/Reports/Backup/ClinicIBCombinedUserWiseDetailedStatement.rpt","93fb07cb522dcef5570d3371d1bac5bd5528f5ce","52224","3","IGroup/Reports/ClinicIBCombinedUserWiseDetailedStatement.rpt","Unreferenced exact duplicate with archive-style name/path","QuarantineExactDuplicate","False","False"
"Accounts/Reports/IGroup/Reports/Backup/ClinicIBCombinedUserWiseSummary.rpt","3058756bd91b3c69673bb1c63b00df0248dc3d2a","52224","3","IGroup/Reports/ClinicIBCombinedUserWiseSummary.rpt","Unreferenced exact duplicate with archive-style name/path","QuarantineExactDuplicate","False","False"
"Accounts/Reports/IGroup/Reports/Backup/ClinicPatientProfile (2).rpt","447184ffcf01ea733c730163a80ddfefaf855f6a","52224","2","Accounts/Reports/IGroup/Reports/ClinicPatientProfile.rpt","Unreferenced exact duplicate with archive-style name/path","QuarantineExactDuplicate","False","False"
"Accounts/Reports/IGroup/Reports/Backup/ClinicPatientProfile.rpt","29a2b3eac32a020585d8c26b1c4e36315b252e31","1165312","2","Accounts/Reports/IGroup/Reports/Report Backups/ClinicPatientProfile.rpt","Unreferenced exact duplicate with archive-style name/path","QuarantineExactDuplicate","False","False"
"Accounts/Reports/IGroup/Reports/Backup/ClinicReceptionCollection (2).rpt","8d6a00486004acfdfdb3d2857ee2426094f24ed7","53760","5","IGroup/Reports/ClinicReceptionCollection.rpt","Unreferenced exact duplicate with archive-style name/path","QuarantineExactDuplicate","False","False"
"Accounts/Reports/IGroup/Reports/Backup/ClinicReceptionCollectionxxx.rpt","8d6a00486004acfdfdb3d2857ee2426094f24ed7","53760","5","IGroup/Reports/ClinicReceptionCollection.rpt","Unreferenced exact duplicate with archive-style name/path","QuarantineExactDuplicate","False","False"
"Accounts/Reports/IGroup/Reports/Backup/ClinicServiceWiseSalesHistory (2).rpt","894a5242276ecfc0b8fab3e2357ff97abcb2c7d4","89600","4","Accounts/Reports/IGroup/Reports/ClinicServiceWiseSalesHistory.rpt","Unreferenced exact duplicate with archive-style name/path","QuarantineExactDuplicate","False","False"
"Accounts/Reports/IGroup/Reports/Backup/ClinicServiceWiseSalesHistory.rpt","894a5242276ecfc0b8fab3e2357ff97abcb2c7d4","89600","4","Accounts/Reports/IGroup/Reports/ClinicServiceWiseSalesHistory.rpt","Unreferenced exact duplicate with archive-style name/path","QuarantineExactDuplicate","False","False"
"Accounts/Reports/IGroup/Reports/Backup/ClinicServiceWiseSummary (2).rpt","3d91d078858fb3aecf4a5104b18f0c3f9234063f","15360","5","IGroup/Reports/ClinicServiceWiseSummary.rpt","Unreferenced exact duplicate with archive-style name/path","QuarantineExactDuplicate","False","False"
"Accounts/Reports/IGroup/Reports/Backup/ClinicServiceWiseSummary.rpt","3d91d078858fb3aecf4a5104b18f0c3f9234063f","15360","5","IGroup/Reports/ClinicServiceWiseSummary.rpt","Unreferenced exact duplicate with archive-style name/path","QuarantineExactDuplicate","False","False"
"Accounts/Reports/IGroup/Reports/Backup/Combined Income Report.rpt","5d1ea86c08ebb2433d395bde7d1feaddf99409f0","91136","3","IGroup/Reports/Combined Income Report.rpt","Unreferenced exact duplicate with archive-style name/path","QuarantineExactDuplicate","False","False"
"Accounts/Reports/IGroup/Reports/Backup/CombinedISByDoctor (2).rpt","90431d5b7343ff7a21dd740745a6c47ee2f5e3fb","87552","5","IGroup/Reports/CombinedISByDoctor.rpt","Unreferenced exact duplicate with archive-style name/path","QuarantineExactDuplicate","False","False"
"Accounts/Reports/IGroup/Reports/Backup/CombinedISByDoctor.rpt","90431d5b7343ff7a21dd740745a6c47ee2f5e3fb","87552","5","IGroup/Reports/CombinedISByDoctor.rpt","Unreferenced exact duplicate with archive-style name/path","QuarantineExactDuplicate","False","False"
"Accounts/Reports/IGroup/Reports/Backup/CombinedSummaryStatementDateWise.rpt","9d706acc4278e48ff79eca1be8d1b387bacad32f","52224","4","IGroup/Reports/CombinedSummaryStatementDateWiseOld.rpt","Unreferenced exact duplicate with archive-style name/path","QuarantineExactDuplicate","False","False"
"Accounts/Reports/IGroup/Reports/Backup/CombinedSummaryStatementDateWiseOld.rpt","9d706acc4278e48ff79eca1be8d1b387bacad32f","52224","4","IGroup/Reports/CombinedSummaryStatementDateWiseOld.rpt","Unreferenced exact duplicate with archive-style name/path","QuarantineExactDuplicate","False","False"
"Accounts/Reports/IGroup/Reports/Backup/CompanyStatement (2).rpt","512939f408a7ae9a86c95d8583af10cde866b5df","19456","3","Accounts/Reports/IGroup/Reports/Report Backups/CompanyStatement.rpt","Unreferenced exact duplicate with archive-style name/path","QuarantineExactDuplicate","False","False"
"Accounts/Reports/IGroup/Reports/Backup/CompanyStatement.rpt","512939f408a7ae9a86c95d8583af10cde866b5df","19456","3","Accounts/Reports/IGroup/Reports/Report Backups/CompanyStatement.rpt","Unreferenced exact duplicate with archive-style name/path","QuarantineExactDuplicate","False","False"
"Accounts/Reports/IGroup/Reports/Backup/Copy of ClinicBillPrint (2).rpt","c5b50b539c4bc22961c22a8e97cbe45fe576a8f9","14336","10","IGroup/Reports/InsClinicBillPrint.rpt","Unreferenced exact duplicate with archive-style name/path","QuarantineExactDuplicate","False","False"
"Accounts/Reports/IGroup/Reports/Backup/Copy of ClinicBillPrint.rpt","c5b50b539c4bc22961c22a8e97cbe45fe576a8f9","14336","10","IGroup/Reports/InsClinicBillPrint.rpt","Unreferenced exact duplicate with archive-style name/path","QuarantineExactDuplicate","False","False"
"Accounts/Reports/IGroup/Reports/Backup/CreditCoMonthlySubmissionOrig.rpt","103d2fb2f57dbd7352c99c8fa62dc6158c9a84b1","52736","3","IGroup/Reports/CreditCoMonthlySubmissionOrig.rpt","Unreferenced exact duplicate with archive-style name/path","QuarantineExactDuplicate","False","False"
"Accounts/Reports/IGroup/Reports/Backup/Daily Income Report.rpt","aa258953d4720e89a4dabe235fe3d46cfac863db","53248","3","IGroup/Reports/Daily Income Report.rpt","Unreferenced exact duplicate with archive-style name/path","QuarantineExactDuplicate","False","False"
"Accounts/Reports/IGroup/Reports/Backup/DateWiseDutyDone (2).rpt","1cf72c4bc72937293e2dc3603ee891edc4d75182","18432","5","IGroup/Reports/DateWiseDutyDone.rpt","Unreferenced exact duplicate with archive-style name/path","QuarantineExactDuplicate","False","False"
"Accounts/Reports/IGroup/Reports/Backup/DateWiseDutyDone.rpt","1cf72c4bc72937293e2dc3603ee891edc4d75182","18432","5","IGroup/Reports/DateWiseDutyDone.rpt","Unreferenced exact duplicate with archive-style name/path","QuarantineExactDuplicate","False","False"
"Accounts/Reports/IGroup/Reports/Backup/DateWiseDutyDone1 (2).rpt","2682118585eef82c7d52f8c6b67f4d5f5ebb70b0","17920","5","IGroup/Reports/DateWiseDutyDone1.rpt","Unreferenced exact duplicate with archive-style name/path","QuarantineExactDuplicate","False","False"
"Accounts/Reports/IGroup/Reports/Backup/DateWiseDutyDone1.rpt","2682118585eef82c7d52f8c6b67f4d5f5ebb70b0","17920","5","IGroup/Reports/DateWiseDutyDone1.rpt","Unreferenced exact duplicate with archive-style name/path","QuarantineExactDuplicate","False","False"
"Accounts/Reports/IGroup/Reports/Backup/DCBillPrint - Copy (2).rpt","4450b08c34d2015a7d16c2d50059589c50ce017c","17408","2","Accounts/Reports/IGroup/Reports/DCBillPrint - Copy.rpt","Unreferenced exact duplicate with archive-style name/path","QuarantineExactDuplicate","False","False"
"Accounts/Reports/IGroup/Reports/Backup/DCBillPrint - Copy.rpt","f65aa703e8c772773db3f0f95bae881bfedc67dd","14336","3","Accounts/Reports/IGroup/Reports/Report Backups/DCBillPrint.rpt","Unreferenced exact duplicate with archive-style name/path","QuarantineExactDuplicate","False","False"
"Accounts/Reports/IGroup/Reports/Backup/DCBillPrint2.rpt","7ad89b5fb7f756399d5da36b740b3166c9702e2e","15360","2","Accounts/Reports/IGroup/Reports/DCBillPrint2.rpt","Unreferenced exact duplicate with archive-style name/path","QuarantineExactDuplicate","False","False"
"Accounts/Reports/IGroup/Reports/Backup/DCBillPrintOK.rpt","dbcf2b3c253f7a26cb0945b6e0f6ddc78d81d0ff","18432","2","Accounts/Reports/IGroup/Reports/DCBillPrintOK.rpt","Unreferenced exact duplicate with archive-style name/path","QuarantineExactDuplicate","False","False"
"Accounts/Reports/IGroup/Reports/Backup/DCBillPrintOK2.rpt","0c5c28a1d73479ed8aaff3097b6f507c8980527d","18432","2","Accounts/Reports/IGroup/Reports/DCBillPrintOK2.rpt","Unreferenced exact duplicate with archive-style name/path","QuarantineExactDuplicate","False","False"
"Accounts/Reports/IGroup/Reports/Backup/DCBillPrintoK3.rpt","56640329625dccd29f92e87d96b2589e9cbc15a6","16384","2","Accounts/Reports/IGroup/Reports/DCBillPrintoK3.rpt","Unreferenced exact duplicate with archive-style name/path","QuarantineExactDuplicate","False","False"
"Accounts/Reports/IGroup/Reports/Backup/DCBillPrintOrig.rpt","061b5153fac9a1c5446585486c86b0d00713e6d0","15872","2","Accounts/Reports/IGroup/Reports/DCBillPrintOrig.rpt","Unreferenced exact duplicate with archive-style name/path","QuarantineExactDuplicate","False","False"
"Accounts/Reports/IGroup/Reports/Backup/DCBillPrintTest.rpt","eaa68c5fe1f208b2516d9bcfe1a3b5af2a1c0c3e","18432","2","Accounts/Reports/IGroup/Reports/DCBillPrintTest.rpt","Unreferenced exact duplicate with archive-style name/path","QuarantineExactDuplicate","False","False"
"Accounts/Reports/IGroup/Reports/Backup/DCMedicalReportForm (2).rpt","6677876562ae4de725b806de6becb4e1a3c25e4e","46592","2","Accounts/Reports/IGroup/Reports/Backup/DCMedicalReportForm.rpt","Unreferenced exact duplicate with archive-style name/path","QuarantineExactDuplicate","False","False"
"Accounts/Reports/IGroup/Reports/Backup/DCR (2).rpt","430bcc917974ca9880a07c6d9dbfb436e05cc267","18432","5","IGroup/Reports/DCR.rpt","Unreferenced exact duplicate with archive-style name/path","QuarantineExactDuplicate","False","False"
"Accounts/Reports/IGroup/Reports/Backup/DCR.rpt","430bcc917974ca9880a07c6d9dbfb436e05cc267","18432","5","IGroup/Reports/DCR.rpt","Unreferenced exact duplicate with archive-style name/path","QuarantineExactDuplicate","False","False"
"Accounts/Reports/IGroup/Reports/Backup/DiagnosisCenter (2).rpt","f58cd5ab490f913cc6fbfcb941c54b2cf56ea442","11776","5","IGroup/Reports/DiagnosisCenter.rpt","Unreferenced exact duplicate with archive-style name/path","QuarantineExactDuplicate","False","False"
"Accounts/Reports/IGroup/Reports/Backup/DiagnosisCenter.rpt","f58cd5ab490f913cc6fbfcb941c54b2cf56ea442","11776","5","IGroup/Reports/DiagnosisCenter.rpt","Unreferenced exact duplicate with archive-style name/path","QuarantineExactDuplicate","False","False"
"Accounts/Reports/IGroup/Reports/Backup/DisplayChartOfAccount (2).rpt","596b916bb3ed3bc664546fdbce7fa125cecf1c08","48128","3","IGroup/Reports/DisplayChartOfAccount.rpt","Unreferenced exact duplicate with archive-style name/path","QuarantineExactDuplicate","False","False"
"Accounts/Reports/IGroup/Reports/Backup/DisplayChartOfAccount.rpt","cd74fdf9e775601399772d4f644020e568575ebe","15872","2","Accounts/Reports/IGroup/Reports/Report Backups/DisplayChartOfAccount.rpt","Unreferenced exact duplicate with archive-style name/path","QuarantineExactDuplicate","False","False"
"Accounts/Reports/IGroup/Reports/Backup/DisplayChartOfAccount1.rpt","c3bf2bdae6c275fdcdbff1ecb77f26ebade7dfe7","13824","4","IGroup/Reports/DisplayChartOfAccount1.rpt","Unreferenced exact duplicate with archive-style name/path","QuarantineExactDuplicate","False","False"
"Accounts/Reports/IGroup/Reports/Backup/DisplayChartOfAccount2.rpt","9536899c93e2307579fb8f1af2e446f7169b55e8","14848","3","IGroup/Reports/DisplayChartOfAccount2.rpt","Unreferenced exact duplicate with archive-style name/path","QuarantineExactDuplicate","False","False"
"Accounts/Reports/IGroup/Reports/Backup/DisplayChartOfAccount3.rpt","d596bd6b44ec4ea46eda874d686e90d0c2a4373d","48128","3","IGroup/Reports/DisplayChartOfAccount3.rpt","Unreferenced exact duplicate with archive-style name/path","QuarantineExactDuplicate","False","False"
"Accounts/Reports/IGroup/Reports/Backup/estInventoryReport (2).rpt","9f69a07609460ea4a6cbf638b5602f64d353a566","14336","5","IGroup/Reports/estInventoryReport.rpt","Unreferenced exact duplicate with archive-style name/path","QuarantineExactDuplicate","False","False"
"Accounts/Reports/IGroup/Reports/Backup/estInventoryReport.rpt","9f69a07609460ea4a6cbf638b5602f64d353a566","14336","5","IGroup/Reports/estInventoryReport.rpt","Unreferenced exact duplicate with archive-style name/path","QuarantineExactDuplicate","False","False"
"Accounts/Reports/IGroup/Reports/Backup/ExpiryList (2).rpt","930950a2185a097c5679f3e770e51de28027be2e","49664","3","IGroup/Reports/ExpiryList.rpt","Unreferenced exact duplicate with archive-style name/path","QuarantineExactDuplicate","False","False"
"Accounts/Reports/IGroup/Reports/Backup/ExpiryList.rpt","a615dc3a2c2814ad46d5aa966697afe0e927341b","14848","2","Accounts/Reports/IGroup/Reports/Report Backups/ExpiryList.rpt","Unreferenced exact duplicate with archive-style name/path","QuarantineExactDuplicate","False","False"
"Accounts/Reports/IGroup/Reports/Backup/ExpiryListOriginal.rpt","b8f2838f7c26fc5b6c8c1a5fd82aeff2d0bcdd4b","51200","3","IGroup/Reports/ExpiryListOriginal.rpt","Unreferenced exact duplicate with archive-style name/path","QuarantineExactDuplicate","False","False"
"Accounts/Reports/IGroup/Reports/Backup/ExpiryListPeriodic.rpt","b3a9e4ad549ae3e4b0bd593ec67b41168abbde17","51200","3","IGroup/Reports/ExpiryListPeriodic.rpt","Unreferenced exact duplicate with archive-style name/path","QuarantineExactDuplicate","False","False"
"Accounts/Reports/IGroup/Reports/Backup/ExpiryListPeriodicOriginal.rpt","0f61691e82bc91af252aef2448e958b5a2d90333","51200","3","IGroup/Reports/ExpiryListPeriodicOriginal.rpt","Unreferenced exact duplicate with archive-style name/path","QuarantineExactDuplicate","False","False"
"Accounts/Reports/IGroup/Reports/Backup/GraphicalPharmacyDailySalesInvoice (2).rpt","1c43c098dff63c3ff876d6706942eb0b08af7afa","1360896","5","IGroup/Reports/GraphicalPharmacyDailySalesInvoice.rpt","Unreferenced exact duplicate with archive-style name/path","QuarantineExactDuplicate","False","False"
"Accounts/Reports/IGroup/Reports/Backup/GraphicalPharmacyDailySalesInvoice.rpt","1c43c098dff63c3ff876d6706942eb0b08af7afa","1360896","5","IGroup/Reports/GraphicalPharmacyDailySalesInvoice.rpt","Unreferenced exact duplicate with archive-style name/path","QuarantineExactDuplicate","False","False"
"Accounts/Reports/IGroup/Reports/Backup/HREmployeeList (2).rpt","154792f26c289618840fde66902a3e016e05cbd2","10752","3","Accounts/Reports/IGroup/Reports/Report Backups/HREmployeeList.rpt","Unreferenced exact duplicate with archive-style name/path","QuarantineExactDuplicate","False","False"
"Accounts/Reports/IGroup/Reports/Backup/HREmployeeList.rpt","154792f26c289618840fde66902a3e016e05cbd2","10752","3","Accounts/Reports/IGroup/Reports/Report Backups/HREmployeeList.rpt","Unreferenced exact duplicate with archive-style name/path","QuarantineExactDuplicate","False","False"
"Accounts/Reports/IGroup/Reports/Backup/HREmployeeSalaryDescription (2).rpt","2031291dc74f732f773f48a6e2d0cb2816d7ede1","15360","5","IGroup/Reports/HREmployeeSalaryDescription.rpt","Unreferenced exact duplicate with archive-style name/path","QuarantineExactDuplicate","False","False"
"Accounts/Reports/IGroup/Reports/Backup/HREmployeeSalaryDescription.rpt","2031291dc74f732f773f48a6e2d0cb2816d7ede1","15360","5","IGroup/Reports/HREmployeeSalaryDescription.rpt","Unreferenced exact duplicate with archive-style name/path","QuarantineExactDuplicate","False","False"
"Accounts/Reports/IGroup/Reports/Backup/HREmployeeShiftDetails (2).rpt","e07b32a3ef560a319c6d8835ba20bfac4b75e99c","14848","5","IGroup/Reports/HREmployeeShiftDetails.rpt","Unreferenced exact duplicate with archive-style name/path","QuarantineExactDuplicate","False","False"
"Accounts/Reports/IGroup/Reports/Backup/HREmployeeShiftDetails.rpt","e07b32a3ef560a319c6d8835ba20bfac4b75e99c","14848","5","IGroup/Reports/HREmployeeShiftDetails.rpt","Unreferenced exact duplicate with archive-style name/path","QuarantineExactDuplicate","False","False"
"Accounts/Reports/IGroup/Reports/Backup/HRMonthlyAttendence (2).rpt","741247c44d2ce6143bcc5cb81777b3ce386f4818","17408","5","IGroup/Reports/HRMonthlyAttendence.rpt","Unreferenced exact duplicate with archive-style name/path","QuarantineExactDuplicate","False","False"
"Accounts/Reports/IGroup/Reports/Backup/HRMonthlyAttendence.rpt","741247c44d2ce6143bcc5cb81777b3ce386f4818","17408","5","IGroup/Reports/HRMonthlyAttendence.rpt","Unreferenced exact duplicate with archive-style name/path","QuarantineExactDuplicate","False","False"
"Accounts/Reports/IGroup/Reports/Backup/IBDailyReceptionInvoice.rpt","b02a105be5a7d5bb9a9fd93f67a10b3c09156652","53248","2","Accounts/Reports/IGroup/Reports/Report Backups/IBDailyReceptionInvoice.rpt","Unreferenced exact duplicate with archive-style name/path","QuarantineExactDuplicate","False","False"
"Accounts/Reports/IGroup/Reports/Backup/IBDailyReceptionInvoiceSummary.rpt","c41e1e22e64a785439b29b4ac1d62365bdaf27f1","53248","3","IGroup/Reports/IBDailyReceptionInvoiceSummary.rpt","Unreferenced exact duplicate with archive-style name/path","QuarantineExactDuplicate","False","False"
"Accounts/Reports/IGroup/Reports/Backup/IBDrivingLicenseSummary.rpt","71dac6121265fe83173047e5fff7137821e82313","48640","4","IGroup/Reports/IBDrivingLicenseSummary.rpt","Unreferenced exact duplicate with archive-style name/path","QuarantineExactDuplicate","False","False"
"Accounts/Reports/IGroup/Reports/Backup/IBHealthCardSummary.rpt","1d531b54bcdacf7d8b03cc905a55452cd1b2fd99","48640","4","IGroup/Reports/IBHealthCardSummary.rpt","Unreferenced exact duplicate with archive-style name/path","QuarantineExactDuplicate","False","False"
"Accounts/Reports/IGroup/Reports/Backup/IBIqamaSummary.rpt","d129c74497c0dca452491d43f1cbdd90cb6e70a7","48640","4","IGroup/Reports/IBIqamaSummary.rpt","Unreferenced exact duplicate with archive-style name/path","QuarantineExactDuplicate","False","False"
"Accounts/Reports/IGroup/Reports/Backup/IBSalesManSummaryX.rpt","9c4fb8d121d90fdc87988fa4ea680a2592b7faec","50688","3","IGroup/Reports/IBSalesManSummaryX.rpt","Unreferenced exact duplicate with archive-style name/path","QuarantineExactDuplicate","False","False"
"Accounts/Reports/IGroup/Reports/Backup/InsClinicBillPrint (2).rpt","c5b50b539c4bc22961c22a8e97cbe45fe576a8f9","14336","10","IGroup/Reports/InsClinicBillPrint.rpt","Unreferenced exact duplicate with archive-style name/path","QuarantineExactDuplicate","False","False"
"Accounts/Reports/IGroup/Reports/Backup/InsClinicBillPrint.rpt","c5b50b539c4bc22961c22a8e97cbe45fe576a8f9","14336","10","IGroup/Reports/InsClinicBillPrint.rpt","Unreferenced exact duplicate with archive-style name/path","QuarantineExactDuplicate","False","False"
"Accounts/Reports/IGroup/Reports/Backup/InsClinicBillPrint1 (2).rpt","1ed2d0240e36e9f41870e36d8d419f23189fb6b0","13312","5","IGroup/Reports/InsClinicBillPrint1.rpt","Unreferenced exact duplicate with archive-style name/path","QuarantineExactDuplicate","False","False"
"Accounts/Reports/IGroup/Reports/Backup/InsClinicBillPrint1.rpt","1ed2d0240e36e9f41870e36d8d419f23189fb6b0","13312","5","IGroup/Reports/InsClinicBillPrint1.rpt","Unreferenced exact duplicate with archive-style name/path","QuarantineExactDuplicate","False","False"
"Accounts/Reports/IGroup/Reports/Backup/InsPharmacyInvoicePrint (2).rpt","680f8aa1ab6edc14d3af5c3b8c4a23de558a340b","12288","5","IGroup/Reports/InsPharmacyInvoicePrint.rpt","Unreferenced exact duplicate with archive-style name/path","QuarantineExactDuplicate","False","False"
"Accounts/Reports/IGroup/Reports/Backup/InsPharmacyInvoicePrint.rpt","680f8aa1ab6edc14d3af5c3b8c4a23de558a340b","12288","5","IGroup/Reports/InsPharmacyInvoicePrint.rpt","Unreferenced exact duplicate with archive-style name/path","QuarantineExactDuplicate","False","False"
"Accounts/Reports/IGroup/Reports/Backup/InsPharmacyInvoicePrint1 (2).rpt","7347246662ff9df8419c455b6db91491f7dafd6d","11776","5","IGroup/Reports/InsPharmacyInvoicePrint1.rpt","Unreferenced exact duplicate with archive-style name/path","QuarantineExactDuplicate","False","False"
"Accounts/Reports/IGroup/Reports/Backup/InsPharmacyInvoicePrint1.rpt","7347246662ff9df8419c455b6db91491f7dafd6d","11776","5","IGroup/Reports/InsPharmacyInvoicePrint1.rpt","Unreferenced exact duplicate with archive-style name/path","QuarantineExactDuplicate","False","False"
"Accounts/Reports/IGroup/Reports/Backup/InsuranceActualSummary (2).rpt","41b64549e45e62638441e6a1381a24f7ab28e950","21504","5","IGroup/Reports/InsuranceActualSummary.rpt","Unreferenced exact duplicate with archive-style name/path","QuarantineExactDuplicate","False","False"
"Accounts/Reports/IGroup/Reports/Backup/InsuranceActualSummary.rpt","41b64549e45e62638441e6a1381a24f7ab28e950","21504","5","IGroup/Reports/InsuranceActualSummary.rpt","Unreferenced exact duplicate with archive-style name/path","QuarantineExactDuplicate","False","False"
"Accounts/Reports/IGroup/Reports/Backup/InsuranceBupaEclaim (2).rpt","03c5e912fb65ef30e175db3ab64304e2e269ab90","17408","5","IGroup/Reports/InsuranceBupaEclaim.rpt","Unreferenced exact duplicate with archive-style name/path","QuarantineExactDuplicate","False","False"
"Accounts/Reports/IGroup/Reports/Backup/InsuranceBupaEclaim.rpt","03c5e912fb65ef30e175db3ab64304e2e269ab90","17408","5","IGroup/Reports/InsuranceBupaEclaim.rpt","Unreferenced exact duplicate with archive-style name/path","QuarantineExactDuplicate","False","False"
"Accounts/Reports/IGroup/Reports/Backup/InsuranceBupaEclaimRep (2).rpt","3cbe177b4ca82339c343af6d46b52b0f3b543353","19456","5","IGroup/Reports/InsuranceBupaEclaimRep.rpt","Unreferenced exact duplicate with archive-style name/path","QuarantineExactDuplicate","False","False"
"Accounts/Reports/IGroup/Reports/Backup/InsuranceBupaEclaimRep.rpt","3cbe177b4ca82339c343af6d46b52b0f3b543353","19456","5","IGroup/Reports/InsuranceBupaEclaimRep.rpt","Unreferenced exact duplicate with archive-style name/path","QuarantineExactDuplicate","False","False"
"Accounts/Reports/IGroup/Reports/Backup/InsuranceCompanyReport (2).rpt","87c12a510762a0177767776bc841e97fb2e61471","32768","5","IGroup/Reports/InsuranceCompanyReport.rpt","Unreferenced exact duplicate with archive-style name/path","QuarantineExactDuplicate","False","False"
"Accounts/Reports/IGroup/Reports/Backup/InsuranceCompanyReport.rpt","87c12a510762a0177767776bc841e97fb2e61471","32768","5","IGroup/Reports/InsuranceCompanyReport.rpt","Unreferenced exact duplicate with archive-style name/path","QuarantineExactDuplicate","False","False"
"Accounts/Reports/IGroup/Reports/Backup/INSURANCEGlobeMedEclaim (2).rpt","270765abe3f384788394af65321803f3f79dff3a","17920","5","IGroup/Reports/INSURANCEGlobeMedEclaim.rpt","Unreferenced exact duplicate with archive-style name/path","QuarantineExactDuplicate","False","False"
"Accounts/Reports/IGroup/Reports/Backup/INSURANCEGlobeMedEclaim.rpt","270765abe3f384788394af65321803f3f79dff3a","17920","5","IGroup/Reports/INSURANCEGlobeMedEclaim.rpt","Unreferenced exact duplicate with archive-style name/path","QuarantineExactDuplicate","False","False"
"Accounts/Reports/IGroup/Reports/Backup/InsuranceMonthlySubmission (2).rpt","88f64e03f348af26a7e738c2583a465cf2d4bc3a","18432","5","IGroup/Reports/InsuranceMonthlySubmission.rpt","Unreferenced exact duplicate with archive-style name/path","QuarantineExactDuplicate","False","False"
"Accounts/Reports/IGroup/Reports/Backup/InsuranceMonthlySubmission.rpt","88f64e03f348af26a7e738c2583a465cf2d4bc3a","18432","5","IGroup/Reports/InsuranceMonthlySubmission.rpt","Unreferenced exact duplicate with archive-style name/path","QuarantineExactDuplicate","False","False"
"Accounts/Reports/IGroup/Reports/Backup/InsurancePriceList (2).rpt","9839d1625e6013bbb2193eb629a1a4fd5cfc0792","87040","5","IGroup/Reports/InsurancePriceList.rpt","Unreferenced exact duplicate with archive-style name/path","QuarantineExactDuplicate","False","False"
"Accounts/Reports/IGroup/Reports/Backup/InsurancePriceList.rpt","9839d1625e6013bbb2193eb629a1a4fd5cfc0792","87040","5","IGroup/Reports/InsurancePriceList.rpt","Unreferenced exact duplicate with archive-style name/path","QuarantineExactDuplicate","False","False"
"Accounts/Reports/IGroup/Reports/Backup/InsuranceStatement (2).rpt","3207cb1f6bac5aae44b2e1a280ba29b07c3ec7c7","21504","5","IGroup/Reports/InsuranceStatement.rpt","Unreferenced exact duplicate with archive-style name/path","QuarantineExactDuplicate","False","False"
"Accounts/Reports/IGroup/Reports/Backup/InsuranceStatement.rpt","3207cb1f6bac5aae44b2e1a280ba29b07c3ec7c7","21504","5","IGroup/Reports/InsuranceStatement.rpt","Unreferenced exact duplicate with archive-style name/path","QuarantineExactDuplicate","False","False"
"Accounts/Reports/IGroup/Reports/Backup/InsuranceSummary (2).rpt","a554147bbb33b63fefcebfec2411060cda138563","20992","5","IGroup/Reports/InsuranceSummary.rpt","Unreferenced exact duplicate with archive-style name/path","QuarantineExactDuplicate","False","False"
"Accounts/Reports/IGroup/Reports/Backup/InsuranceSummary.rpt","a554147bbb33b63fefcebfec2411060cda138563","20992","5","IGroup/Reports/InsuranceSummary.rpt","Unreferenced exact duplicate with archive-style name/path","QuarantineExactDuplicate","False","False"
"Accounts/Reports/IGroup/Reports/Backup/InsuranceSummaryOfAccount (2).rpt","aa459705847b64a13aaffadd709d9afd9cd49fb3","144896","5","IGroup/Reports/InsuranceSummaryOfAccount.rpt","Unreferenced exact duplicate with archive-style name/path","QuarantineExactDuplicate","False","False"
"Accounts/Reports/IGroup/Reports/Backup/InsuranceSummaryOfAccount.rpt","aa459705847b64a13aaffadd709d9afd9cd49fb3","144896","5","IGroup/Reports/InsuranceSummaryOfAccount.rpt","Unreferenced exact duplicate with archive-style name/path","QuarantineExactDuplicate","False","False"
"Accounts/Reports/IGroup/Reports/Backup/Inventory Report for testing.rpt","c2b682693335eecaf5f0f8691d29d3ede04512d4","65024","3","IGroup/Reports/Inventory Report for testing.rpt","Unreferenced exact duplicate with archive-style name/path","QuarantineExactDuplicate","False","False"
"Accounts/Reports/IGroup/Reports/Backup/InvoiceSummaryTimeWiseGraph (2).rpt","6366d78d54bf2f251df1b0f12aa9c1a1b87fd150","31744","5","IGroup/Reports/InvoiceSummaryTimeWiseGraph.rpt","Unreferenced exact duplicate with archive-style name/path","QuarantineExactDuplicate","False","False"
"Accounts/Reports/IGroup/Reports/Backup/InvoiceSummaryTimeWiseGraph.rpt","6366d78d54bf2f251df1b0f12aa9c1a1b87fd150","31744","5","IGroup/Reports/InvoiceSummaryTimeWiseGraph.rpt","Unreferenced exact duplicate with archive-style name/path","QuarantineExactDuplicate","False","False"
"Accounts/Reports/IGroup/Reports/Backup/ItemMovementReport (2).rpt","3ddaf206ec791edbefac13458c55b023ec7e3ba3","15872","5","IGroup/Reports/ItemMovementReport.rpt","Unreferenced exact duplicate with archive-style name/path","QuarantineExactDuplicate","False","False"
"Accounts/Reports/IGroup/Reports/Backup/ItemMovementReport.rpt","3ddaf206ec791edbefac13458c55b023ec7e3ba3","15872","5","IGroup/Reports/ItemMovementReport.rpt","Unreferenced exact duplicate with archive-style name/path","QuarantineExactDuplicate","False","False"
"Accounts/Reports/IGroup/Reports/Backup/ItemMovementReportFromOS (2).rpt","6c7cc393be303777e84bd2572bc4bfac1d79817d","50688","3","IGroup/Reports/ItemMovementReportFromOS.rpt","Unreferenced exact duplicate with archive-style name/path","QuarantineExactDuplicate","False","False"
"Accounts/Reports/IGroup/Reports/Backup/ItemMovementReportFromOS.rpt","0f5ed5adadd5cc1b899367b96b23600dde3cb9f1","16896","2","Accounts/Reports/IGroup/Reports/Report Backups/ItemMovementReportFromOS.rpt","Unreferenced exact duplicate with archive-style name/path","QuarantineExactDuplicate","False","False"
"Accounts/Reports/IGroup/Reports/Backup/ItemMovementReportPeriodic (2).rpt","cde5ae5dbda06b9a9e46ce777433ef22b2253533","51712","3","IGroup/Reports/ItemMovementReportPeriodic.rpt","Unreferenced exact duplicate with archive-style name/path","QuarantineExactDuplicate","False","False"
"Accounts/Reports/IGroup/Reports/Backup/ItemMovementReportPeriodicOrig.rpt","69a483009ccb90e3a4f398d372e8747497d9c341","52736","3","IGroup/Reports/ItemMovementReportPeriodicOrig.rpt","Unreferenced exact duplicate with archive-style name/path","QuarantineExactDuplicate","False","False"
"Accounts/Reports/IGroup/Reports/Backup/ItemPriceList (2).rpt","3f592b37f1a80aee19c19cd6d352c9891505ef2f","1161728","5","IGroup/Reports/ItemPriceList.rpt","Unreferenced exact duplicate with archive-style name/path","QuarantineExactDuplicate","False","False"
"Accounts/Reports/IGroup/Reports/Backup/ItemPriceList.rpt","3f592b37f1a80aee19c19cd6d352c9891505ef2f","1161728","5","IGroup/Reports/ItemPriceList.rpt","Unreferenced exact duplicate with archive-style name/path","QuarantineExactDuplicate","False","False"
"Accounts/Reports/IGroup/Reports/Backup/ItemWisePurchaseHistory (2).rpt","9b2631d46b8356320b08f8387e4747fd441b0ec5","49664","3","IGroup/Reports/ItemWisePurchaseHistory.rpt","Unreferenced exact duplicate with archive-style name/path","QuarantineExactDuplicate","False","False"
"Accounts/Reports/IGroup/Reports/Backup/ItemWisePurchaseHistory.rpt","29f91b0a2cdc201c8a59a9bd8e29f62eca374997","15872","2","Accounts/Reports/IGroup/Reports/Report Backups/ItemWisePurchaseHistory.rpt","Unreferenced exact duplicate with archive-style name/path","QuarantineExactDuplicate","False","False"
"Accounts/Reports/IGroup/Reports/Backup/LabInvp001 (2).rpt","50ed80af1fb867f5aec6a016624f426e9501336d","50688","2","Accounts/Reports/IGroup/Reports/Backup/LabInvp001.rpt","Unreferenced exact duplicate with archive-style name/path","QuarantineExactDuplicate","False","False"
"Accounts/Reports/IGroup/Reports/Backup/LabPlain (2).rpt","e826690ee92691131d10a24756d1a89e506d9ae2","49664","3","Accounts/Reports/IGroup/Reports/Report Backups/LabPlain.rpt","Unreferenced exact duplicate with archive-style name/path","QuarantineExactDuplicate","False","False"
"Accounts/Reports/IGroup/Reports/Backup/LabPlain.rpt","e826690ee92691131d10a24756d1a89e506d9ae2","49664","3","Accounts/Reports/IGroup/Reports/Report Backups/LabPlain.rpt","Unreferenced exact duplicate with archive-style name/path","QuarantineExactDuplicate","False","False"
"Accounts/Reports/IGroup/Reports/Backup/ListofDailyPatients.rpt","3ddae7a95cee180697eb7e4a396ebcce823e7632","74752","2","Accounts/Reports/IGroup/Reports/Report Backups/ListofDailyPatients.rpt","Unreferenced exact duplicate with archive-style name/path","QuarantineExactDuplicate","False","False"
"Accounts/Reports/IGroup/Reports/Backup/ListofDailyPatients2.rpt","1487d7e414c8591ef4c92ecdb1a019fec3367e9e","50176","3","IGroup/Reports/ListofDailyPatients2.rpt","Unreferenced exact duplicate with archive-style name/path","QuarantineExactDuplicate","False","False"
"Accounts/Reports/IGroup/Reports/Backup/ListofDailyPatientsOrig.rpt","e7e332a6c7f063ef9f0f950d32f53ca1bd85c7d4","48640","3","IGroup/Reports/ListofDailyPatients.rpt","Unreferenced exact duplicate with archive-style name/path","QuarantineExactDuplicate","False","False"
"Accounts/Reports/IGroup/Reports/Backup/ListofDailyPatientsPerDoctor.rpt","34d72a0058d79d5896ebc53bad59e33a723edca2","51712","3","IGroup/Reports/ListofDailyPatientsPerDoctor.rpt","Unreferenced exact duplicate with archive-style name/path","QuarantineExactDuplicate","False","False"
"Accounts/Reports/IGroup/Reports/Backup/ListofMonthlyPatients.rpt","f7d6fb7d0315ea0ea3f1d09666ba9f10b0c3e32b","48128","3","IGroup/Reports/ListofMonthlyPatients.rpt","Unreferenced exact duplicate with archive-style name/path","QuarantineExactDuplicate","False","False"
"Accounts/Reports/IGroup/Reports/Backup/MedicalServicePriceList (2).rpt","a12e211b7b5dd44a78a8ea4ad6ccb92d15b65232","119296","5","IGroup/Reports/MedicalServicePriceList.rpt","Unreferenced exact duplicate with archive-style name/path","QuarantineExactDuplicate","False","False"
"Accounts/Reports/IGroup/Reports/Backup/MedicalServicePriceList.rpt","a12e211b7b5dd44a78a8ea4ad6ccb92d15b65232","119296","5","IGroup/Reports/MedicalServicePriceList.rpt","Unreferenced exact duplicate with archive-style name/path","QuarantineExactDuplicate","False","False"
"Accounts/Reports/IGroup/Reports/Backup/MedicalServicePriceListCash (2).rpt","0a9f924915bfb725897b6d02f936d6eddf8dee4e","14848","3","Accounts/Reports/IGroup/Reports/Report Backups/MedicalServicePriceListCash.rpt","Unreferenced exact duplicate with archive-style name/path","QuarantineExactDuplicate","False","False"
"Accounts/Reports/IGroup/Reports/Backup/MedicalServicePriceListCash.rpt","0a9f924915bfb725897b6d02f936d6eddf8dee4e","14848","3","Accounts/Reports/IGroup/Reports/Report Backups/MedicalServicePriceListCash.rpt","Unreferenced exact duplicate with archive-style name/path","QuarantineExactDuplicate","False","False"
"Accounts/Reports/IGroup/Reports/Backup/MedicalServicePriceListCredit (2).rpt","d3cd599d884e5cfb446ff56063034cd01a43184a","118784","5","IGroup/Reports/MedicalServicePriceListCredit.rpt","Unreferenced exact duplicate with archive-style name/path","QuarantineExactDuplicate","False","False"
"Accounts/Reports/IGroup/Reports/Backup/MedicalServicePriceListCredit.rpt","d3cd599d884e5cfb446ff56063034cd01a43184a","118784","5","IGroup/Reports/MedicalServicePriceListCredit.rpt","Unreferenced exact duplicate with archive-style name/path","QuarantineExactDuplicate","False","False"
"Accounts/Reports/IGroup/Reports/Backup/Mine/ClinicBillPrint.rpt","11b23defe0932a34bae764412a29fa10c079ec5f","14848","3","IGroup/Reports/Mine/ClinicBillPrint1.rpt","Unreferenced exact duplicate with archive-style name/path","QuarantineExactDuplicate","False","False"
"Accounts/Reports/IGroup/Reports/Backup/Mine/LabInvp001.rpt","908b90dfa516a5591b46b557a118bccf6b69f09c","52736","4","IGroup/Reports/Mine/LabInvp001.rpt","Unreferenced exact duplicate with archive-style name/path","QuarantineExactDuplicate","False","False"
"Accounts/Reports/IGroup/Reports/Backup/Mine/LabInvp0011.rpt","3fa5f8849373089817a0f27bdc03aa257f05d73b","53248","3","IGroup/Reports/Mine/LabInvp0011.rpt","Unreferenced exact duplicate with archive-style name/path","QuarantineExactDuplicate","False","False"
"Accounts/Reports/IGroup/Reports/Backup/MOH Report per Doctor.rpt","9779d0380a1252365b037334be3109ac36b8422a","113664","5","IGroup/Reports/MOH Report per Doctor.rpt","Unreferenced exact duplicate with archive-style name/path","QuarantineExactDuplicate","False","False"
"Accounts/Reports/IGroup/Reports/Backup/OpeningStock (2).rpt","125fcdb39947ecb4bc277db6a546b21e3910e9b4","15872","5","IGroup/Reports/OpeningStock.rpt","Unreferenced exact duplicate with archive-style name/path","QuarantineExactDuplicate","False","False"
"Accounts/Reports/IGroup/Reports/Backup/OpeningStock.rpt","125fcdb39947ecb4bc277db6a546b21e3910e9b4","15872","5","IGroup/Reports/OpeningStock.rpt","Unreferenced exact duplicate with archive-style name/path","QuarantineExactDuplicate","False","False"
"Accounts/Reports/IGroup/Reports/Backup/OpeningStockDifference (2).rpt","9484a079bc90b2e952331255336d0accb4b7670a","15360","5","IGroup/Reports/OpeningStockDifference.rpt","Unreferenced exact duplicate with archive-style name/path","QuarantineExactDuplicate","False","False"
"Accounts/Reports/IGroup/Reports/Backup/OpeningStockDifference.rpt","9484a079bc90b2e952331255336d0accb4b7670a","15360","5","IGroup/Reports/OpeningStockDifference.rpt","Unreferenced exact duplicate with archive-style name/path","QuarantineExactDuplicate","False","False"
"Accounts/Reports/IGroup/Reports/Backup/Orig/ClinicBillPrint.rpt","3a70aa9f19c34a4fe64a6daa963acfe739581c73","14848","3","Accounts/Reports/IGroup/Reports/Trial/ClinicBillPrint.rpt","Unreferenced exact duplicate with archive-style name/path","QuarantineExactDuplicate","False","False"
"Accounts/Reports/IGroup/Reports/Backup/Orig/IBDailyReceptionInvoice.rpt","1a62f319474bbfe14dddc3a13e3c5618bebcc377","53248","2","Accounts/Reports/IGroup/Reports/Orig/IBDailyReceptionInvoice.rpt","Unreferenced exact duplicate with archive-style name/path","QuarantineExactDuplicate","False","False"
"Accounts/Reports/IGroup/Reports/Backup/PatientBookingSchedule (2).rpt","a3f37a652ac1a83367a9f0ecb37d7d71f28cc5f7","37376","5","IGroup/Reports/PatientBookingSchedule.rpt","Unreferenced exact duplicate with archive-style name/path","QuarantineExactDuplicate","False","False"
"Accounts/Reports/IGroup/Reports/Backup/PatientBookingSchedule.rpt","a3f37a652ac1a83367a9f0ecb37d7d71f28cc5f7","37376","5","IGroup/Reports/PatientBookingSchedule.rpt","Unreferenced exact duplicate with archive-style name/path","QuarantineExactDuplicate","False","False"
"Accounts/Reports/IGroup/Reports/Backup/PatientBookingSchedule1 (2).rpt","09197caf8a25202ba2399470fbcd865947485e93","37376","5","IGroup/Reports/PatientBookingSchedule1.rpt","Unreferenced exact duplicate with archive-style name/path","QuarantineExactDuplicate","False","False"
"Accounts/Reports/IGroup/Reports/Backup/PatientBookingSchedule1.rpt","09197caf8a25202ba2399470fbcd865947485e93","37376","5","IGroup/Reports/PatientBookingSchedule1.rpt","Unreferenced exact duplicate with archive-style name/path","QuarantineExactDuplicate","False","False"
"Accounts/Reports/IGroup/Reports/Backup/PatientCaseSheet (2).rpt","061091d23f5af2b32e2282f66e78d212aa4b7fbd","1158144","4","Accounts/Reports/IGroup/Reports/PatientCaseSheet.rpt","Unreferenced exact duplicate with archive-style name/path","QuarantineExactDuplicate","False","False"
"Accounts/Reports/IGroup/Reports/Backup/PatientCaseSheet.rpt","061091d23f5af2b32e2282f66e78d212aa4b7fbd","1158144","4","Accounts/Reports/IGroup/Reports/PatientCaseSheet.rpt","Unreferenced exact duplicate with archive-style name/path","QuarantineExactDuplicate","False","False"
"Accounts/Reports/IGroup/Reports/Backup/PatientDentalCaseSheet (2).rpt","f20ebe3585c0ecb77a0e9a1a1c738c3f6c913c7b","11776","5","IGroup/Reports/PatientDentalCaseSheet.rpt","Unreferenced exact duplicate with archive-style name/path","QuarantineExactDuplicate","False","False"
"Accounts/Reports/IGroup/Reports/Backup/PatientDentalCaseSheet.rpt","f20ebe3585c0ecb77a0e9a1a1c738c3f6c913c7b","11776","5","IGroup/Reports/PatientDentalCaseSheet.rpt","Unreferenced exact duplicate with archive-style name/path","QuarantineExactDuplicate","False","False"
"Accounts/Reports/IGroup/Reports/Backup/PatientDermoCaseSheet (2).rpt","d94187ec4439cc182871c8d8525ef22aed0bab41","11776","5","IGroup/Reports/PatientDermoCaseSheet.rpt","Unreferenced exact duplicate with archive-style name/path","QuarantineExactDuplicate","False","False"
"Accounts/Reports/IGroup/Reports/Backup/PatientDermoCaseSheet.rpt","d94187ec4439cc182871c8d8525ef22aed0bab41","11776","5","IGroup/Reports/PatientDermoCaseSheet.rpt","Unreferenced exact duplicate with archive-style name/path","QuarantineExactDuplicate","False","False"
"Accounts/Reports/IGroup/Reports/Backup/PatientList (2).rpt","be03a38a4ffb4229fd174608c7a0dba3bb00b61f","10752","5","IGroup/Reports/PatientList.rpt","Unreferenced exact duplicate with archive-style name/path","QuarantineExactDuplicate","False","False"
"Accounts/Reports/IGroup/Reports/Backup/PatientList Range.rpt","ef465ca673b54c26c51d62261620be8015cbc16c","10752","3","IGroup/Reports/PatientList Range.rpt","Unreferenced exact duplicate with archive-style name/path","QuarantineExactDuplicate","False","False"
"Accounts/Reports/IGroup/Reports/Backup/PatientList.rpt","be03a38a4ffb4229fd174608c7a0dba3bb00b61f","10752","5","IGroup/Reports/PatientList.rpt","Unreferenced exact duplicate with archive-style name/path","QuarantineExactDuplicate","False","False"
"Accounts/Reports/IGroup/Reports/Backup/PaySlip (2).rpt","3b2488d72d365170b9df918e83abb67a1f182395","25600","5","IGroup/Reports/PaySlip.rpt","Unreferenced exact duplicate with archive-style name/path","QuarantineExactDuplicate","False","False"
"Accounts/Reports/IGroup/Reports/Backup/PaySlip.rpt","3b2488d72d365170b9df918e83abb67a1f182395","25600","5","IGroup/Reports/PaySlip.rpt","Unreferenced exact duplicate with archive-style name/path","QuarantineExactDuplicate","False","False"
"Accounts/Reports/IGroup/Reports/Backup/Phar_SalesInvoice_DateWiseBar (2).rpt","a98d5d4d7805d999b936771d311b47e9deeea606","20992","5","IGroup/Reports/Phar_SalesInvoice_DateWiseBar.rpt","Unreferenced exact duplicate with archive-style name/path","QuarantineExactDuplicate","False","False"
"Accounts/Reports/IGroup/Reports/Backup/Phar_SalesInvoice_DateWiseBar.rpt","a98d5d4d7805d999b936771d311b47e9deeea606","20992","5","IGroup/Reports/Phar_SalesInvoice_DateWiseBar.rpt","Unreferenced exact duplicate with archive-style name/path","QuarantineExactDuplicate","False","False"
"Accounts/Reports/IGroup/Reports/Backup/Phar_SalesInvoice_Detailed (2).rpt","3aa12a4388aa49ed842a622d655b6a1cf47405f1","18944","5","IGroup/Reports/Phar_SalesInvoice_Detailed.rpt","Unreferenced exact duplicate with archive-style name/path","QuarantineExactDuplicate","False","False"
"Accounts/Reports/IGroup/Reports/Backup/Phar_SalesInvoice_Detailed.rpt","3aa12a4388aa49ed842a622d655b6a1cf47405f1","18944","5","IGroup/Reports/Phar_SalesInvoice_Detailed.rpt","Unreferenced exact duplicate with archive-style name/path","QuarantineExactDuplicate","False","False"
"Accounts/Reports/IGroup/Reports/Backup/Phar_SalesInvoice_DetailedPieChart (2).rpt","4074b6d381a99fa3c240818406135ccddf25747f","18432","5","IGroup/Reports/Phar_SalesInvoice_DetailedPieChart.rpt","Unreferenced exact duplicate with archive-style name/path","QuarantineExactDuplicate","False","False"
"Accounts/Reports/IGroup/Reports/Backup/Phar_SalesInvoice_DetailedPieChart.rpt","4074b6d381a99fa3c240818406135ccddf25747f","18432","5","IGroup/Reports/Phar_SalesInvoice_DetailedPieChart.rpt","Unreferenced exact duplicate with archive-style name/path","QuarantineExactDuplicate","False","False"
"Accounts/Reports/IGroup/Reports/Backup/PharmacyCreditStatement (2).rpt","a881a9a2f352aba963150508cca65dfa150ec6ac","87040","5","IGroup/Reports/PharmacyCreditStatement.rpt","Unreferenced exact duplicate with archive-style name/path","QuarantineExactDuplicate","False","False"
"Accounts/Reports/IGroup/Reports/Backup/PharmacyCreditStatement.rpt","a881a9a2f352aba963150508cca65dfa150ec6ac","87040","5","IGroup/Reports/PharmacyCreditStatement.rpt","Unreferenced exact duplicate with archive-style name/path","QuarantineExactDuplicate","False","False"
"Accounts/Reports/IGroup/Reports/Backup/PharmacyDailySalesInvoice - Copy (2).rpt","d8996cb2cdc80f7a6957ce83a93807e137522a19","173568","5","IGroup/Reports/PharmacyDailySalesInvoice - Copy.rpt","Unreferenced exact duplicate with archive-style name/path","QuarantineExactDuplicate","False","False"
"Accounts/Reports/IGroup/Reports/Backup/PharmacyDailySalesInvoice - Copy.rpt","d8996cb2cdc80f7a6957ce83a93807e137522a19","173568","5","IGroup/Reports/PharmacyDailySalesInvoice - Copy.rpt","Unreferenced exact duplicate with archive-style name/path","QuarantineExactDuplicate","False","False"
"Accounts/Reports/IGroup/Reports/Backup/PharmacyDailySalesInvoice1 (2).rpt","ed9f55773eb22006c3f4f7ad39bed36cd9a7e526","16896","5","IGroup/Reports/PharmacyDailySalesInvoice1.rpt","Unreferenced exact duplicate with archive-style name/path","QuarantineExactDuplicate","False","False"
"Accounts/Reports/IGroup/Reports/Backup/PharmacyDailySalesInvoice1.rpt","ed9f55773eb22006c3f4f7ad39bed36cd9a7e526","16896","5","IGroup/Reports/PharmacyDailySalesInvoice1.rpt","Unreferenced exact duplicate with archive-style name/path","QuarantineExactDuplicate","False","False"
"Accounts/Reports/IGroup/Reports/Backup/PharmacyDailySalesInvoiceSummary (2).rpt","80485714f1ef036b57eb55663726263d51dde9bb","53760","3","IGroup/Reports/PharmacyDailySalesInvoiceSummary.rpt","Unreferenced exact duplicate with archive-style name/path","QuarantineExactDuplicate","False","False"
"Accounts/Reports/IGroup/Reports/Backup/PharmacyDailySalesInvoiceSummaryTimeWise (2).rpt","1ab802961a834213122a1994e8b9c0ec8829dc0e","22016","5","IGroup/Reports/PharmacyDailySalesInvoiceSummaryTimeWise.rpt","Unreferenced exact duplicate with archive-style name/path","QuarantineExactDuplicate","False","False"
"Accounts/Reports/IGroup/Reports/Backup/PharmacyDailySalesInvoiceSummaryTimeWise.rpt","1ab802961a834213122a1994e8b9c0ec8829dc0e","22016","5","IGroup/Reports/PharmacyDailySalesInvoiceSummaryTimeWise.rpt","Unreferenced exact duplicate with archive-style name/path","QuarantineExactDuplicate","False","False"
"Accounts/Reports/IGroup/Reports/Backup/PharmacyDailySalesInvoiceSummaryTimeWise1 (2).rpt","5dc18a621562f23d23394e091e2973378649ac89","20480","5","IGroup/Reports/PharmacyDailySalesInvoiceSummaryTimeWise1.rpt","Unreferenced exact duplicate with archive-style name/path","QuarantineExactDuplicate","False","False"
"Accounts/Reports/IGroup/Reports/Backup/PharmacyDailySalesInvoiceSummaryTimeWise1.rpt","5dc18a621562f23d23394e091e2973378649ac89","20480","5","IGroup/Reports/PharmacyDailySalesInvoiceSummaryTimeWise1.rpt","Unreferenced exact duplicate with archive-style name/path","QuarantineExactDuplicate","False","False"
"Accounts/Reports/IGroup/Reports/Backup/PharmacyDailySalesUserWise (2).rpt","7e5e31049ae377e02c92ca6ac4f92c28050e085f","53248","4","IGroup/Reports/PharmacyDailySalesUserWise.rpt","Unreferenced exact duplicate with archive-style name/path","QuarantineExactDuplicate","False","False"
"Accounts/Reports/IGroup/Reports/Backup/PharmacyDailySalesUserWise.rpt","7e5e31049ae377e02c92ca6ac4f92c28050e085f","53248","4","IGroup/Reports/PharmacyDailySalesUserWise.rpt","Unreferenced exact duplicate with archive-style name/path","QuarantineExactDuplicate","False","False"
"Accounts/Reports/IGroup/Reports/Backup/PharmacyDosageArabic - New.rpt","53f2f6de164d4bddabc6226ff5abfda58a0f9695","8704","5","IGroup/Reports/PharmacyDosageArabicxxx.rpt","Unreferenced exact duplicate with archive-style name/path","QuarantineExactDuplicate","False","False"
"Accounts/Reports/IGroup/Reports/Backup/PharmacyDosageArabic (2).rpt","97f1a1e1a9bd099f1307275638b596127b38bd6f","15360","3","IGroup/Reports/PharmacyDosageArabic.rpt","Unreferenced exact duplicate with archive-style name/path","QuarantineExactDuplicate","False","False"
"Accounts/Reports/IGroup/Reports/Backup/PharmacyDosageArabic 10 x 5.rpt","afbd3b112930694f7a24d5919be66c7ec826fb63","9216","3","IGroup/Reports/PharmacyDosageArabic 10 x 5.rpt","Unreferenced exact duplicate with archive-style name/path","QuarantineExactDuplicate","False","False"
"Accounts/Reports/IGroup/Reports/Backup/PharmacyDosageArabic 6 x 4.rpt","21172fba915b1ca5b7dd439cd408747ae7cdb373","11264","3","IGroup/Reports/PharmacyDosageArabic 6 x 4.rpt","Unreferenced exact duplicate with archive-style name/path","QuarantineExactDuplicate","False","False"
"Accounts/Reports/IGroup/Reports/Backup/PharmacyDosageArabic 9 x 4.rpt","4f2003a579345bbb33554d94a898df8bbd5bc96e","15360","3","IGroup/Reports/PharmacyDosageArabic 9 x 4.rpt","Unreferenced exact duplicate with archive-style name/path","QuarantineExactDuplicate","False","False"
"Accounts/Reports/IGroup/Reports/Backup/PharmacyDosageArabic.rpt","ae11ef4113994f2a8707830066da303b9e88a5e6","8704","3","Accounts/Reports/IGroup/Reports/Orig/PharmacyDosageArabic.rpt","Unreferenced exact duplicate with archive-style name/path","QuarantineExactDuplicate","False","False"
"Accounts/Reports/IGroup/Reports/Backup/PharmacyDosageArabic2.rpt","a6f75907b17b8aca2ef29e0487a7b7f95d13f247","11264","3","IGroup/Reports/PharmacyDosageArabic2.rpt","Unreferenced exact duplicate with archive-style name/path","QuarantineExactDuplicate","False","False"
"Accounts/Reports/IGroup/Reports/Backup/PharmacyDosageArabicxxx.rpt","53f2f6de164d4bddabc6226ff5abfda58a0f9695","8704","5","IGroup/Reports/PharmacyDosageArabicxxx.rpt","Unreferenced exact duplicate with archive-style name/path","QuarantineExactDuplicate","False","False"
"Accounts/Reports/IGroup/Reports/Backup/PharmacyIEDateWise (2).rpt","2a6470c86ac19da7ba5145c43ab6c42bfbee4689","86016","5","IGroup/Reports/PharmacyIEDateWise.rpt","Unreferenced exact duplicate with archive-style name/path","QuarantineExactDuplicate","False","False"
"Accounts/Reports/IGroup/Reports/Backup/PharmacyIEDateWise.rpt","2a6470c86ac19da7ba5145c43ab6c42bfbee4689","86016","5","IGroup/Reports/PharmacyIEDateWise.rpt","Unreferenced exact duplicate with archive-style name/path","QuarantineExactDuplicate","False","False"
"Accounts/Reports/IGroup/Reports/Backup/PharmacyIEDetailed (2).rpt","04d9df63b14eb4a56036a23edda3a0d6091c0a4a","86016","5","IGroup/Reports/PharmacyIEDetailed.rpt","Unreferenced exact duplicate with archive-style name/path","QuarantineExactDuplicate","False","False"
"Accounts/Reports/IGroup/Reports/Backup/PharmacyIEDetailed.rpt","04d9df63b14eb4a56036a23edda3a0d6091c0a4a","86016","5","IGroup/Reports/PharmacyIEDetailed.rpt","Unreferenced exact duplicate with archive-style name/path","QuarantineExactDuplicate","False","False"
"Accounts/Reports/IGroup/Reports/Backup/PharmacyInvoicePrintBig (2).rpt","794388c11fa9135fbd7e4bba5860a3e86bac7dd7","13824","2","Accounts/Reports/IGroup/Reports/PharmacyInvoicePrintBigOld.rpt","Unreferenced exact duplicate with archive-style name/path","QuarantineExactDuplicate","False","False"
"Accounts/Reports/IGroup/Reports/Backup/PharmacyInvoicePrintBig.rpt","8e86bcd3dc4c7546651c2ce894cfa517d100d875","12800","2","Accounts/Reports/IGroup/Reports/Report Backups/PharmacyInvoicePrintBig.rpt","Unreferenced exact duplicate with archive-style name/path","QuarantineExactDuplicate","False","False"
"Accounts/Reports/IGroup/Reports/Backup/PharmacyInvoicePrintSmall (2).rpt","1283c8e3332235022400915bf07fc0f1c3f8ea5c","12288","5","IGroup/Reports/PharmacyInvoicePrintSmall.rpt","Unreferenced exact duplicate with archive-style name/path","QuarantineExactDuplicate","False","False"
"Accounts/Reports/IGroup/Reports/Backup/PharmacyInvoicePrintSmall.rpt","1283c8e3332235022400915bf07fc0f1c3f8ea5c","12288","5","IGroup/Reports/PharmacyInvoicePrintSmall.rpt","Unreferenced exact duplicate with archive-style name/path","QuarantineExactDuplicate","False","False"
"Accounts/Reports/IGroup/Reports/Backup/PharmacyItemWiseSalesHistory (2).rpt","580a8818e567b9b54713b97fb9000eb95a590c9b","52736","3","IGroup/Reports/PharmacyItemWiseSalesHistory.rpt","Unreferenced exact duplicate with archive-style name/path","QuarantineExactDuplicate","False","False"
"Accounts/Reports/IGroup/Reports/Backup/PharmacyItemWiseSalesHistory.rpt","250531dc8afff6d4654b4ed14f10b628e012cfe2","18944","2","Accounts/Reports/IGroup/Reports/Report Backups/PharmacyItemWiseSalesHistory.rpt","Unreferenced exact duplicate with archive-style name/path","QuarantineExactDuplicate","False","False"
"Accounts/Reports/IGroup/Reports/Backup/PharmacyItemWiseSalesHistorySummary.rpt","350ebeca94aad84cd46e0b7541caf5bff0f59063","51200","3","IGroup/Reports/PharmacyItemWiseSalesHistorySummary.rpt","Unreferenced exact duplicate with archive-style name/path","QuarantineExactDuplicate","False","False"
"Accounts/Reports/IGroup/Reports/Backup/PharmacyPatientProfile (2).rpt","481c7a8f988ed1f0854403741036a90b1f07d987","54784","5","IGroup/Reports/PharmacyPatientProfile.rpt","Unreferenced exact duplicate with archive-style name/path","QuarantineExactDuplicate","False","False"
"Accounts/Reports/IGroup/Reports/Backup/PharmacyPatientProfile.rpt","481c7a8f988ed1f0854403741036a90b1f07d987","54784","5","IGroup/Reports/PharmacyPatientProfile.rpt","Unreferenced exact duplicate with archive-style name/path","QuarantineExactDuplicate","False","False"
"Accounts/Reports/IGroup/Reports/Backup/PharmacySummaryStatementDateWise (2).rpt","5c9832a047936832a10e00a8ff9dbb30b1d21daa","54784","2","Accounts/Reports/IGroup/Reports/Backup/PharmacySummaryStatementDateWise.rpt","Unreferenced exact duplicate with archive-style name/path","QuarantineExactDuplicate","False","False"
"Accounts/Reports/IGroup/Reports/Backup/PMRDcafBlank (2).rpt","fe69350d315e52d788e47fe2c4cd8a54c35e34bf","256000","5","IGroup/Reports/PMRDcafBlank.rpt","Unreferenced exact duplicate with archive-style name/path","QuarantineExactDuplicate","False","False"
"Accounts/Reports/IGroup/Reports/Backup/PMRDcafBlank.rpt","fe69350d315e52d788e47fe2c4cd8a54c35e34bf","256000","5","IGroup/Reports/PMRDcafBlank.rpt","Unreferenced exact duplicate with archive-style name/path","QuarantineExactDuplicate","False","False"
"Accounts/Reports/IGroup/Reports/Backup/PMROcaf (2).rpt","fff452cacbc2dff2402598e5c108f86e40667780","779776","5","IGroup/Reports/PMROcaf.rpt","Unreferenced exact duplicate with archive-style name/path","QuarantineExactDuplicate","False","False"
"Accounts/Reports/IGroup/Reports/Backup/PMROcaf.rpt","fff452cacbc2dff2402598e5c108f86e40667780","779776","5","IGroup/Reports/PMROcaf.rpt","Unreferenced exact duplicate with archive-style name/path","QuarantineExactDuplicate","False","False"
"Accounts/Reports/IGroup/Reports/Backup/PMRPatientDentalProfile (2).rpt","0730806025534084c412c6ec90c517901d788924","84992","5","IGroup/Reports/PMRPatientDentalProfile.rpt","Unreferenced exact duplicate with archive-style name/path","QuarantineExactDuplicate","False","False"
"Accounts/Reports/IGroup/Reports/Backup/PMRPatientDentalProfile.rpt","0730806025534084c412c6ec90c517901d788924","84992","5","IGroup/Reports/PMRPatientDentalProfile.rpt","Unreferenced exact duplicate with archive-style name/path","QuarantineExactDuplicate","False","False"
"Accounts/Reports/IGroup/Reports/Backup/PMRPatientProfile (2).rpt","b5709a9c7d71085dae7b954288e252a55c37582b","19456","3","Accounts/Reports/IGroup/Reports/Report Backups/PMRPatientProfile.rpt","Unreferenced exact duplicate with archive-style name/path","QuarantineExactDuplicate","False","False"
"Accounts/Reports/IGroup/Reports/Backup/PMRPatientProfile.rpt","b5709a9c7d71085dae7b954288e252a55c37582b","19456","3","Accounts/Reports/IGroup/Reports/Report Backups/PMRPatientProfile.rpt","Unreferenced exact duplicate with archive-style name/path","QuarantineExactDuplicate","False","False"
"Accounts/Reports/IGroup/Reports/Backup/PMRPharmacyMedicineNCPrescription (2).rpt","89ddaebc24172dd9a8289d68ef7ebecb446fcc48","14336","3","Accounts/Reports/IGroup/Reports/Report Backups/PMRPharmacyMedicineNCPrescription.rpt","Unreferenced exact duplicate with archive-style name/path","QuarantineExactDuplicate","False","False"
"Accounts/Reports/IGroup/Reports/Backup/PMRPharmacyMedicineNCPrescription.rpt","89ddaebc24172dd9a8289d68ef7ebecb446fcc48","14336","3","Accounts/Reports/IGroup/Reports/Report Backups/PMRPharmacyMedicineNCPrescription.rpt","Unreferenced exact duplicate with archive-style name/path","QuarantineExactDuplicate","False","False"
"Accounts/Reports/IGroup/Reports/Backup/PMRPharmacyMedicinePrescription (2).rpt","61e26d44ca106356766bc92deaf0efdc649cf97a","14336","3","Accounts/Reports/IGroup/Reports/Report Backups/PMRPharmacyMedicinePrescription.rpt","Unreferenced exact duplicate with archive-style name/path","QuarantineExactDuplicate","False","False"
"Accounts/Reports/IGroup/Reports/Backup/PMRPharmacyPrescriptionBlank (2).rpt","fd9007679e0e5658cdf9dac160ea1b5f4de739d6","15360","5","IGroup/Reports/PMRPharmacyPrescriptionBlank.rpt","Unreferenced exact duplicate with archive-style name/path","QuarantineExactDuplicate","False","False"
"Accounts/Reports/IGroup/Reports/Backup/PMRPharmacyPrescriptionBlank.rpt","fd9007679e0e5658cdf9dac160ea1b5f4de739d6","15360","5","IGroup/Reports/PMRPharmacyPrescriptionBlank.rpt","Unreferenced exact duplicate with archive-style name/path","QuarantineExactDuplicate","False","False"
"Accounts/Reports/IGroup/Reports/Backup/PMRUcaf (2).rpt","6cefd6745f0064b5762724a9343f9d49fdaf348d","19968","5","IGroup/Reports/PMRUcaf.rpt","Unreferenced exact duplicate with archive-style name/path","QuarantineExactDuplicate","False","False"
"Accounts/Reports/IGroup/Reports/Backup/PMRUcaf.rpt","6cefd6745f0064b5762724a9343f9d49fdaf348d","19968","5","IGroup/Reports/PMRUcaf.rpt","Unreferenced exact duplicate with archive-style name/path","QuarantineExactDuplicate","False","False"
"Accounts/Reports/IGroup/Reports/Backup/PMRUcafBlank (2).rpt","68edc361b7d80a47a573137b16f296d6dc424da5","22016","5","IGroup/Reports/PMRUcafBlank.rpt","Unreferenced exact duplicate with archive-style name/path","QuarantineExactDuplicate","False","False"
"Accounts/Reports/IGroup/Reports/Backup/PMRUcafBlank.rpt","68edc361b7d80a47a573137b16f296d6dc424da5","22016","5","IGroup/Reports/PMRUcafBlank.rpt","Unreferenced exact duplicate with archive-style name/path","QuarantineExactDuplicate","False","False"
"Accounts/Reports/IGroup/Reports/Backup/POAnalysis.rpt","6e030d6a15ca0e417a721917d432d9398296eda8","17920","3","IGroup/Reports/POAnalysis.rpt","Unreferenced exact duplicate with archive-style name/path","QuarantineExactDuplicate","False","False"
"Accounts/Reports/IGroup/Reports/Backup/PurchaseOrder (2).rpt","6be8cfe4f57c3b3babd0ecdabe34b48354307f5a","15872","5","IGroup/Reports/PurchaseOrder.rpt","Unreferenced exact duplicate with archive-style name/path","QuarantineExactDuplicate","False","False"
"Accounts/Reports/IGroup/Reports/Backup/PurchaseOrder.rpt","6be8cfe4f57c3b3babd0ecdabe34b48354307f5a","15872","5","IGroup/Reports/PurchaseOrder.rpt","Unreferenced exact duplicate with archive-style name/path","QuarantineExactDuplicate","False","False"
"Accounts/Reports/IGroup/Reports/Backup/PurchaseOrderAnalysis.rpt","90b12631e00139fd05502b2ffba27aefb8d498a5","51200","3","IGroup/Reports/PurchaseOrderAnalysis.rpt","Unreferenced exact duplicate with archive-style name/path","QuarantineExactDuplicate","False","False"
"Accounts/Reports/IGroup/Reports/Backup/PurchaseReport (2).rpt","b0ed6e595b74a91a3a0d12a861ac6ae4f9872c6d","18944","3","Accounts/Reports/IGroup/Reports/Report Backups/PurchaseReport.rpt","Unreferenced exact duplicate with archive-style name/path","QuarantineExactDuplicate","False","False"
"Accounts/Reports/IGroup/Reports/Backup/PurchaseReport.rpt","b0ed6e595b74a91a3a0d12a861ac6ae4f9872c6d","18944","3","Accounts/Reports/IGroup/Reports/Report Backups/PurchaseReport.rpt","Unreferenced exact duplicate with archive-style name/path","QuarantineExactDuplicate","False","False"
"Accounts/Reports/IGroup/Reports/Backup/PurchaseReturnReport (2).rpt","96d7f97ef12046682c2efd84cbf4d7110bd5f22b","54272","3","IGroup/Reports/PurchaseReturnReport.rpt","Unreferenced exact duplicate with archive-style name/path","QuarantineExactDuplicate","False","False"
"Accounts/Reports/IGroup/Reports/Backup/PurchaseReturnReport.rpt","f826223228a552add514b908b8f6ed80d4fd3536","18944","2","Accounts/Reports/IGroup/Reports/Report Backups/PurchaseReturnReport.rpt","Unreferenced exact duplicate with archive-style name/path","QuarantineExactDuplicate","False","False"
"Accounts/Reports/IGroup/Reports/Backup/PurchaseReturnReport1 (2).rpt","c7422ba77b26254f39f0ce3e30312062a422f1a1","20480","4","Accounts/Reports/IGroup/Reports/PurchaseReturnReport1.rpt","Unreferenced exact duplicate with archive-style name/path","QuarantineExactDuplicate","False","False"
"Accounts/Reports/IGroup/Reports/Backup/PurchaseReturnReport1.rpt","c7422ba77b26254f39f0ce3e30312062a422f1a1","20480","4","Accounts/Reports/IGroup/Reports/PurchaseReturnReport1.rpt","Unreferenced exact duplicate with archive-style name/path","QuarantineExactDuplicate","False","False"
"Accounts/Reports/IGroup/Reports/Backup/PurchaseSummaryReport (2).rpt","f7588cef7e167c4956131e6ca6aaa1504acad222","17408","4","Accounts/Reports/IGroup/Reports/PurchaseSummaryReport.rpt","Unreferenced exact duplicate with archive-style name/path","QuarantineExactDuplicate","False","False"
"Accounts/Reports/IGroup/Reports/Backup/PurchaseSummaryReport.rpt","f7588cef7e167c4956131e6ca6aaa1504acad222","17408","4","Accounts/Reports/IGroup/Reports/PurchaseSummaryReport.rpt","Unreferenced exact duplicate with archive-style name/path","QuarantineExactDuplicate","False","False"
"Accounts/Reports/IGroup/Reports/Backup/RevenueReportDoctorWisePatients (2).rpt","89f4903b5803decfa2a1b762f3decc44a6abc407","54784","3","IGroup/Reports/RevenueReportDoctorWisePatients.rpt","Unreferenced exact duplicate with archive-style name/path","QuarantineExactDuplicate","False","False"
"Accounts/Reports/IGroup/Reports/Backup/RevenueReportDoctorWisePatients.rpt","dd668ad79829db8719bf3757291d4f20699d7e50","1167872","2","Accounts/Reports/IGroup/Reports/Report Backups/RevenueReportDoctorWisePatients.rpt","Unreferenced exact duplicate with archive-style name/path","QuarantineExactDuplicate","False","False"
"Accounts/Reports/IGroup/Reports/Backup/SaleProfitabilityDateWise (2).rpt","e873142f9618bda8d425f70bdc65c66ea6e0e01a","19456","5","IGroup/Reports/SaleProfitabilityDateWise.rpt","Unreferenced exact duplicate with archive-style name/path","QuarantineExactDuplicate","False","False"
"Accounts/Reports/IGroup/Reports/Backup/SaleProfitabilityDateWise.rpt","e873142f9618bda8d425f70bdc65c66ea6e0e01a","19456","5","IGroup/Reports/SaleProfitabilityDateWise.rpt","Unreferenced exact duplicate with archive-style name/path","QuarantineExactDuplicate","False","False"
"Accounts/Reports/IGroup/Reports/Backup/SaleProfitabilityInvoiceWise (2).rpt","5ea7e1600f682c5c70a9b80cd89c199869e7024c","17920","5","IGroup/Reports/SaleProfitabilityInvoiceWise.rpt","Unreferenced exact duplicate with archive-style name/path","QuarantineExactDuplicate","False","False"
"Accounts/Reports/IGroup/Reports/Backup/SaleProfitabilityInvoiceWise.rpt","5ea7e1600f682c5c70a9b80cd89c199869e7024c","17920","5","IGroup/Reports/SaleProfitabilityInvoiceWise.rpt","Unreferenced exact duplicate with archive-style name/path","QuarantineExactDuplicate","False","False"
"Accounts/Reports/IGroup/Reports/Backup/SaleProfitabilityItemWise (2).rpt","7b0b61799c93f78c76db548885e0ffc2d351d19b","16384","5","IGroup/Reports/SaleProfitabilityItemWise.rpt","Unreferenced exact duplicate with archive-style name/path","QuarantineExactDuplicate","False","False"
"Accounts/Reports/IGroup/Reports/Backup/SaleProfitabilityItemWise.rpt","7b0b61799c93f78c76db548885e0ffc2d351d19b","16384","5","IGroup/Reports/SaleProfitabilityItemWise.rpt","Unreferenced exact duplicate with archive-style name/path","QuarantineExactDuplicate","False","False"
"Accounts/Reports/IGroup/Reports/Backup/StockAdjustment (2).rpt","ef8d9cc85a310b14bb0be7408c911c00febdafea","15872","5","IGroup/Reports/StockAdjustment.rpt","Unreferenced exact duplicate with archive-style name/path","QuarantineExactDuplicate","False","False"
"Accounts/Reports/IGroup/Reports/Backup/StockAdjustment.rpt","ef8d9cc85a310b14bb0be7408c911c00febdafea","15872","5","IGroup/Reports/StockAdjustment.rpt","Unreferenced exact duplicate with archive-style name/path","QuarantineExactDuplicate","False","False"
"Accounts/Reports/IGroup/Reports/Backup/StockRegister Summary.rpt","cd0ebb6bd0eb623ca9301ad10498b86c2761bd57","17408","3","IGroup/Reports/StockRegister Summary.rpt","Unreferenced exact duplicate with archive-style name/path","QuarantineExactDuplicate","False","False"
"Accounts/Reports/IGroup/Reports/Backup/StockRegister.rpt","3bc0fecea84994b3fce2f3f56dd789cb43ac8f2e","16384","3","Accounts/Reports/IGroup/Reports/Orig/StockRegister.rpt","Unreferenced exact duplicate with archive-style name/path","QuarantineExactDuplicate","False","False"
"Accounts/Reports/IGroup/Reports/Backup/StockRegister2.rpt","30e3ac8643b052dcf2e6287cd1b35eadff33059b","17920","2","Accounts/Reports/IGroup/Reports/StockRegister2.rpt","Unreferenced exact duplicate with archive-style name/path","QuarantineExactDuplicate","False","False"
"Accounts/Reports/IGroup/Reports/Backup/StockRegister3.rpt","d87477eaecef2b7664bdfdb9c8f56e6685830101","18432","2","Accounts/Reports/IGroup/Reports/StockRegister3.rpt","Unreferenced exact duplicate with archive-style name/path","QuarantineExactDuplicate","False","False"
"Accounts/Reports/IGroup/Reports/Backup/StockRegisterClinic.rpt","5a968bf9d08a73497d82efe58b9797f267f4bcfd","21504","3","IGroup/Reports/StockRegisterClinic.rpt","Unreferenced exact duplicate with archive-style name/path","QuarantineExactDuplicate","False","False"
"Accounts/Reports/IGroup/Reports/Backup/StockRegisterClinicNew.rpt","1a25529a4f21440e689119108d28b23690cc17d2","21504","3","IGroup/Reports/StockRegisterClinicNew.rpt","Unreferenced exact duplicate with archive-style name/path","QuarantineExactDuplicate","False","False"
"Accounts/Reports/IGroup/Reports/Backup/StockRegisterNew.rpt","20e0519c59ec8f156b26675d43c1c229ca6741fe","17408","3","IGroup/Reports/StockRegisterNew.rpt","Unreferenced exact duplicate with archive-style name/path","QuarantineExactDuplicate","False","False"
"Accounts/Reports/IGroup/Reports/Backup/StockRegisterPharmacy.rpt","93308d451ca0eed455dd4091722a98b71988fdaa","21504","3","IGroup/Reports/StockRegisterPharmacy.rpt","Unreferenced exact duplicate with archive-style name/path","QuarantineExactDuplicate","False","False"
"Accounts/Reports/IGroup/Reports/Backup/StockRegisterWithBarCodes.rpt","73ec0bd2bf918aef5fda6af4e89fc32f308bcabc","21504","3","IGroup/Reports/StockRegisterWithBarCodes.rpt","Unreferenced exact duplicate with archive-style name/path","QuarantineExactDuplicate","False","False"
"Accounts/Reports/IGroup/Reports/Backup/TestChartOfAccounts.rpt","a2ed36d02dd25ccf0eb2a09dab07d347f858d8c6","48128","3","IGroup/Reports/TestChartOfAccounts.rpt","Unreferenced exact duplicate with archive-style name/path","QuarantineExactDuplicate","False","False"
"Accounts/Reports/IGroup/Reports/Backup/Transfer2BranchStockReport.rpt","cf30a6e6e15822403f8629584d309a697c0dfe16","16384","3","IGroup/Reports/Transfer2BranchStockReport.rpt","Unreferenced exact duplicate with archive-style name/path","QuarantineExactDuplicate","False","False"
"Accounts/Reports/IGroup/Reports/Backup/TransferStockItemWiseReport (2).rpt","159f5f074d86572de46ebe6b804a7be2a5e85658","89600","5","IGroup/Reports/TransferStockItemWiseReport.rpt","Unreferenced exact duplicate with archive-style name/path","QuarantineExactDuplicate","False","False"
"Accounts/Reports/IGroup/Reports/Backup/TransferStockItemWiseReport.rpt","159f5f074d86572de46ebe6b804a7be2a5e85658","89600","5","IGroup/Reports/TransferStockItemWiseReport.rpt","Unreferenced exact duplicate with archive-style name/path","QuarantineExactDuplicate","False","False"
"Accounts/Reports/IGroup/Reports/Backup/TransferStockReport (2).rpt","4b3fef0e9e22f99a3a0562fd6730895902efb8c6","50176","3","IGroup/Reports/TransferStockReport.rpt","Unreferenced exact duplicate with archive-style name/path","QuarantineExactDuplicate","False","False"
"Accounts/Reports/IGroup/Reports/Backup/TransferStockReport.rpt","96340b0763410709674598af91f065a7a291129e","18432","2","Accounts/Reports/IGroup/Reports/Report Backups/TransferStockReport.rpt","Unreferenced exact duplicate with archive-style name/path","QuarantineExactDuplicate","False","False"
"Accounts/Reports/IGroup/Reports/Backup/Trial/ClinicBillPrint - Copy (2).rpt","2d2ac7ec00ed15a37a679079b51523937b10d80d","14336","2","Accounts/Reports/IGroup/Reports/Trial/ClinicBillPrint - Copy (2).rpt","Unreferenced exact duplicate with archive-style name/path","QuarantineExactDuplicate","False","False"
"Accounts/Reports/IGroup/Reports/Backup/Trial/ClinicBillPrint - Copy.rpt","83c3142a3448d5d1d12e8588bbf2cf04ea1aacb8","14336","2","Accounts/Reports/IGroup/Reports/Trial/ClinicBillPrint - Copy.rpt","Unreferenced exact duplicate with archive-style name/path","QuarantineExactDuplicate","False","False"
"Accounts/Reports/IGroup/Reports/Backup/Trial/ClinicBillPrint.rpt","3a70aa9f19c34a4fe64a6daa963acfe739581c73","14848","3","Accounts/Reports/IGroup/Reports/Trial/ClinicBillPrint.rpt","Unreferenced exact duplicate with archive-style name/path","QuarantineExactDuplicate","False","False"
"Accounts/Reports/IGroup/Reports/Backup/Trial/ClinicBillPrint.rpt2.rpt","36d7db3ba482a4c1cd506bd118079e6e0d86a155","16384","2","Accounts/Reports/IGroup/Reports/Trial/ClinicBillPrint.rpt2.rpt","Unreferenced exact duplicate with archive-style name/path","QuarantineExactDuplicate","False","False"
"Accounts/Reports/IGroup/Reports/Backup/Trial/ClinicBillPrint.rptok.rpt","09927d0d9496ae80abd5b1d8f59e89f71749cbcb","16384","2","Accounts/Reports/IGroup/Reports/Trial/ClinicBillPrint.rptok.rpt","Unreferenced exact duplicate with archive-style name/path","QuarantineExactDuplicate","False","False"
"Accounts/Reports/IGroup/Reports/Backup/Trial/DCBillPrint.rpt2.rpt","3e4a20c0f1c38dfc38cf85560fc67221290bb718","15872","2","Accounts/Reports/IGroup/Reports/Trial/DCBillPrint.rpt2.rpt","Unreferenced exact duplicate with archive-style name/path","QuarantineExactDuplicate","False","False"
"Accounts/Reports/IGroup/Reports/Backup/Trial/DCBillPrint.rpt3.rpt","100d9b93aa5f2e04a79d8a64472b267b6478a864","15872","2","Accounts/Reports/IGroup/Reports/Trial/DCBillPrint.rpt3.rpt","Unreferenced exact duplicate with archive-style name/path","QuarantineExactDuplicate","False","False"
"Accounts/Reports/IGroup/Reports/Backup/Trial/DCBillPrint.rptorig.rpt","fa97d6197a4cef44c3acb65173d0324da24f6445","15872","2","Accounts/Reports/IGroup/Reports/Trial/DCBillPrint.rptorig.rpt","Unreferenced exact duplicate with archive-style name/path","QuarantineExactDuplicate","False","False"
"Accounts/Reports/IGroup/Reports/Backup/Trial/DiagnosisCenter.rpt","a115821a513c05d028b41a2cc80046c812b0f4a8","11776","2","Accounts/Reports/IGroup/Reports/Trial/DiagnosisCenter.rpt","Unreferenced exact duplicate with archive-style name/path","QuarantineExactDuplicate","False","False"
"Accounts/Reports/IGroup/Reports/Backup/Trial/DiagnosisCenter2.rpt","9f52a3aabc81d2a95e27edfbcce31d4af8140ed4","11776","2","Accounts/Reports/IGroup/Reports/Trial/DiagnosisCenter2.rpt","Unreferenced exact duplicate with archive-style name/path","QuarantineExactDuplicate","False","False"
"Accounts/Reports/IGroup/Reports/Backup/Trial/IBDailyReceptionInvoice.rpt","be2207a7ec1b92d65d5c1c79b1e1ba3c3b5bd94a","52736","2","Accounts/Reports/IGroup/Reports/Trial/IBDailyReceptionInvoice.rpt","Unreferenced exact duplicate with archive-style name/path","QuarantineExactDuplicate","False","False"
"Accounts/Reports/IGroup/Reports/Backup/Trial/LabInvp001.orig.rpt","20f61a4ac11b8c04c121a477e7f49c091c5bb2e7","52736","2","Accounts/Reports/IGroup/Reports/Trial/LabInvp001.orig.rpt","Unreferenced exact duplicate with archive-style name/path","QuarantineExactDuplicate","False","False"
"Accounts/Reports/IGroup/Reports/Backup/Trial/LabInvp001.rpt","a82c633df7f7dbf7a5dc56241738efa396a749ae","50688","2","Accounts/Reports/IGroup/Reports/Trial/LabInvp001.rpt","Unreferenced exact duplicate with archive-style name/path","QuarantineExactDuplicate","False","False"
"Accounts/Reports/IGroup/Reports/Backup/Trial/LabInvp002.rpt","4180dd33b8908d4c630cad8cb09b6e457858f2b1","52736","2","Accounts/Reports/IGroup/Reports/Trial/LabInvp002.rpt","Unreferenced exact duplicate with archive-style name/path","QuarantineExactDuplicate","False","False"
"Accounts/Reports/IGroup/Reports/Backup/Trial/XDCDriverLicenseForm.rpt","a70f1bb0f052703bc846682a3754d19da119581f","16896","2","Accounts/Reports/IGroup/Reports/Trial/XDCDriverLicenseForm.rpt","Unreferenced exact duplicate with archive-style name/path","QuarantineExactDuplicate","False","False"
"Accounts/Reports/IGroup/Reports/Backup/Trial/XDCHealthCardForm.rpt","f5bd8a89c02ac011fa266d1e9f2f3a46ad3168a6","15360","2","Accounts/Reports/IGroup/Reports/Trial/XDCHealthCardForm.rpt","Unreferenced exact duplicate with archive-style name/path","QuarantineExactDuplicate","False","False"
"Accounts/Reports/IGroup/Reports/Backup/Trial/XDCIqamaForm.rpt","0b8e70027d46146e1a15afda15316dd56e3c680f","15360","2","Accounts/Reports/IGroup/Reports/Trial/XDCIqamaForm.rpt","Unreferenced exact duplicate with archive-style name/path","QuarantineExactDuplicate","False","False"
"Accounts/Reports/IGroup/Reports/Backup/Trial/XDCMedicalReportForm.rpt","fe689a08cfca9b8fad0f2f0b841e6ce2eaa0fa73","46080","3","Accounts/Reports/IGroup/Reports/Report Backups/DCMedicalReportForm.rpt","Unreferenced exact duplicate with archive-style name/path","QuarantineExactDuplicate","False","False"
"Accounts/Reports/IGroup/Reports/Backup/UnpostedPayables (2).rpt","9875b650aa9ac4a32130fb3aff684b846750e28c","14336","5","IGroup/Reports/UnpostedPayables.rpt","Unreferenced exact duplicate with archive-style name/path","QuarantineExactDuplicate","False","False"
"Accounts/Reports/IGroup/Reports/Backup/UnpostedPayables.rpt","9875b650aa9ac4a32130fb3aff684b846750e28c","14336","5","IGroup/Reports/UnpostedPayables.rpt","Unreferenced exact duplicate with archive-style name/path","QuarantineExactDuplicate","False","False"
"Accounts/Reports/IGroup/Reports/Backup/VoucherPrint (2).rpt","b5fccce6780e2d7cb0c27380f358aad975b7c345","43520","5","IGroup/Reports/VoucherPrint.rpt","Unreferenced exact duplicate with archive-style name/path","QuarantineExactDuplicate","False","False"
"Accounts/Reports/IGroup/Reports/Backup/VoucherPrint.rpt","b5fccce6780e2d7cb0c27380f358aad975b7c345","43520","5","IGroup/Reports/VoucherPrint.rpt","Unreferenced exact duplicate with archive-style name/path","QuarantineExactDuplicate","False","False"
"Accounts/Reports/IGroup/Reports/Backup/XrayPlainReport (2).rpt","cf86aefdfc484f1eb1dda7807fc2c44f3d3cc576","48640","4","IGroup/Reports/Mine/XrayPlainReport.rpt","Unreferenced exact duplicate with archive-style name/path","QuarantineExactDuplicate","False","False"
"Accounts/Reports/IGroup/Reports/Backup/XrayPlainReport.rpt","cf86aefdfc484f1eb1dda7807fc2c44f3d3cc576","48640","4","IGroup/Reports/Mine/XrayPlainReport.rpt","Unreferenced exact duplicate with archive-style name/path","QuarantineExactDuplicate","False","False"
"Accounts/Reports/IGroup/Reports/BarcodeLabSamplePrinting - Copy.rpt","9a5b083f35656c0ad045ca43bea9327098a37e33","17408","2","IGroup/Reports/SamplePrintingLab/BarcodeLabSamplePrinting.rpt","Unreferenced exact duplicate with archive-style name/path","QuarantineExactDuplicate","False","False"
"Accounts/Reports/IGroup/Reports/BarcodeLabSamplePrintingCode128 - Copy.rpt","8ecf66c99eee21798421b67f938fd872556085a7","17920","2","Accounts/Reports/IGroup/Reports/BarcodeLabSamplePrintingCode128.rpt","Unreferenced exact duplicate with archive-style name/path","QuarantineExactDuplicate","False","False"
"Accounts/Reports/IGroup/Reports/BarcodeLabSamplePrintingOriginal - Copy.rpt","9bd6dd5e007dfc47034dfc4a33c4c0c102fe4e58","19456","3","Accounts/Reports/IGroup/Reports/BarcodeLabSamplePrintingOld (2).rpt","Unreferenced exact duplicate with archive-style name/path","QuarantineExactDuplicate","False","False"
"Accounts/Reports/IGroup/Reports/BarcodeLabSamplePrintingOriginal.rpt","9bd6dd5e007dfc47034dfc4a33c4c0c102fe4e58","19456","3","Accounts/Reports/IGroup/Reports/BarcodeLabSamplePrintingOld (2).rpt","Unreferenced exact duplicate with archive-style name/path","QuarantineExactDuplicate","False","False"
"Accounts/Reports/IGroup/Reports/ClinicBillPrint - Copy.rpt","d557139c8a441b30fdc41997019c1216007e7e81","16384","2","Accounts/Reports/IGroup/Reports/ClinicBillPrint (2).rpt","Unreferenced exact duplicate with archive-style name/path","QuarantineExactDuplicate","False","False"
"Accounts/Reports/IGroup/Reports/ClinicBillPrintOld.rpt","0e262cb2b0083f61c15b793ab89d6caa2557c63e","16384","5","IGroup/Reports/ClinicBillPrintxxxx.rpt","Unreferenced exact duplicate with archive-style name/path","QuarantineExactDuplicate","False","False"
"Accounts/Reports/IGroup/Reports/ClinicBillPrintORIGINAL.rpt","19cedf3a60a4b56d986dacf58ec6192b4163e6ab","16896","2","Accounts/Reports/IGroup/Reports/ClinicBillPrintOLDFORMAT.rpt","Unreferenced exact duplicate with archive-style name/path","QuarantineExactDuplicate","False","False"
"Accounts/Reports/IGroup/Reports/ClinicCreditStatement - Copy.rpt","f8a0d5bb1cf5937cf3a92bfb06157c3b9b0808c6","50176","6","Accounts/Reports/IGroup/Reports/ClinicCreditStatementOrig.rpt","Unreferenced exact duplicate with archive-style name/path","QuarantineExactDuplicate","False","False"
"Accounts/Reports/IGroup/Reports/ClinicDailyReceptionInvoiceOld.rpt","0b87796f5d5b370b10aa4f1086c2f0a30a170864","53760","3","IGroup/Reports/ClinicDailyReceptionInvoiceOld.rpt","Unreferenced exact duplicate with archive-style name/path","QuarantineExactDuplicate","False","False"
"Accounts/Reports/IGroup/Reports/ClinicDoctorWiseTimeFrame Original Copy.rpt","f3ba53fe602280ecc398a569d80e4dd6e4a1c90a","52224","2","IGroup/Reports/ClinicDoctorWiseTimeFrame Original Copy.rpt","Unreferenced exact duplicate with archive-style name/path","QuarantineExactDuplicate","False","False"
"Accounts/Reports/IGroup/Reports/ClinicDoctorWiseTimeFrameTrial.rpt","2f35d31ab3046ab91484666c1bbf25fd0be37e52","51712","2","IGroup/Reports/ClinicDoctorWiseTimeFrameTrial.rpt","Unreferenced exact duplicate with archive-style name/path","QuarantineExactDuplicate","False","False"
"Accounts/Reports/IGroup/Reports/CombinedSummaryStatementDateWise Latest.rpt","56a87b496e14af22c81576ea4dab7f7807194822","57856","2","IGroup/Reports/CombinedSummaryStatementDateWise Latest.rpt","Unreferenced exact duplicate with archive-style name/path","QuarantineExactDuplicate","False","False"
"Accounts/Reports/IGroup/Reports/CombinedSummaryStatementDateWise Old.rpt","06a4933d0528008f871804b8b7b7762794f30b83","51712","2","IGroup/Reports/CombinedSummaryStatementDateWise Old.rpt","Unreferenced exact duplicate with archive-style name/path","QuarantineExactDuplicate","False","False"
"Accounts/Reports/IGroup/Reports/CombinedSummaryStatementDateWise Summary Latest.rpt","97fd9576dd1c89d6592b6fca349f06b538969034","57856","2","IGroup/Reports/CombinedSummaryStatementDateWise Summary Latest.rpt","Unreferenced exact duplicate with archive-style name/path","QuarantineExactDuplicate","False","False"
"Accounts/Reports/IGroup/Reports/CombinedSummaryStatementDateWiseOld.rpt","9d706acc4278e48ff79eca1be8d1b387bacad32f","52224","4","IGroup/Reports/CombinedSummaryStatementDateWiseOld.rpt","Unreferenced exact duplicate with archive-style name/path","QuarantineExactDuplicate","False","False"
"Accounts/Reports/IGroup/Reports/DCMedicalReportFormBackup.rpt","3161871dd31782e8ea56b0de0c5866cf458692a3","46592","4","IGroup/Reports/DCMedicalReportFormBackup.rpt","Unreferenced exact duplicate with archive-style name/path","QuarantineExactDuplicate","False","False"
"Accounts/Reports/IGroup/Reports/DCMedicalReportFormOriginal.rpt","3161871dd31782e8ea56b0de0c5866cf458692a3","46592","4","IGroup/Reports/DCMedicalReportFormBackup.rpt","Unreferenced exact duplicate with archive-style name/path","QuarantineExactDuplicate","False","False"
"Accounts/Reports/IGroup/Reports/DoctorsDailyIncomeReport old.rpt","e1495c146ab9db8a7ce0d3a597551f67ed86144e","51712","2","IGroup/Reports/DoctorsDailyIncomeReport old.rpt","Unreferenced exact duplicate with archive-style name/path","QuarantineExactDuplicate","False","False"
"Accounts/Reports/IGroup/Reports/ExpiryListOriginal.rpt","b8f2838f7c26fc5b6c8c1a5fd82aeff2d0bcdd4b","51200","3","IGroup/Reports/ExpiryListOriginal.rpt","Unreferenced exact duplicate with archive-style name/path","QuarantineExactDuplicate","False","False"
"Accounts/Reports/IGroup/Reports/ExpiryListPeriodicOriginal.rpt","0f61691e82bc91af252aef2448e958b5a2d90333","51200","3","IGroup/Reports/ExpiryListPeriodicOriginal.rpt","Unreferenced exact duplicate with archive-style name/path","QuarantineExactDuplicate","False","False"
"Accounts/Reports/IGroup/Reports/HREmployeeList Old.rpt","0cad0345656f42fb755a4b1f082738270df9b136","16384","2","IGroup/Reports/HREmployeeList Old.rpt","Unreferenced exact duplicate with archive-style name/path","QuarantineExactDuplicate","False","False"
"Accounts/Reports/IGroup/Reports/IBSalesManSummaryTest.rpt","30619d54425e345da055e400473ba69f95e2b767","54272","2","IGroup/Reports/IBSalesManSummaryTest.rpt","Unreferenced exact duplicate with archive-style name/path","QuarantineExactDuplicate","False","False"
"Accounts/Reports/IGroup/Reports/ISP/ATM-Cash Income Summary Statement Per Month Post Final Summary Per Department per ServiceTest.rpt","ab2b0751d84288492cf275d4b7d79433e9e09241","59392","2","IGroup/Reports/ISP/ATM-Cash Income Summary Statement Per Month Post Final Summary Per Department per ServiceTest.rpt","Unreferenced exact duplicate with archive-style name/path","QuarantineExactDuplicate","False","False"
"Accounts/Reports/IGroup/Reports/ISP/ATM-ClinicDailyReceptionInvoiceSummaryTest.rpt","343e34eae46e7222f900d2f0cf4135d5463eacd4","52224","2","IGroup/Reports/ISP/ATM-ClinicDailyReceptionInvoiceSummaryTest.rpt","Unreferenced exact duplicate with archive-style name/path","QuarantineExactDuplicate","False","False"
"Accounts/Reports/IGroup/Reports/ISP/ATM-IBCombinedUserWiseSummaryStatementTest.rpt","f9ffbb1166e73331f604046b267b7e33a5802ae6","51200","2","IGroup/Reports/ISP/ATM-IBCombinedUserWiseSummaryStatementTest.rpt","Unreferenced exact duplicate with archive-style name/path","QuarantineExactDuplicate","False","False"
"Accounts/Reports/IGroup/Reports/ISP/TEST.rpt","287dcee68f9cc4e194f0689901ab08b231e939e0","60416","2","IGroup/Reports/ISP/TEST.rpt","Unreferenced exact duplicate with archive-style name/path","QuarantineExactDuplicate","False","False"
"Accounts/Reports/IGroup/Reports/ISP/test2.rpt","e952676c8835d080950b817de21f5a8d5679e691","60416","2","IGroup/Reports/ISP/test2.rpt","Unreferenced exact duplicate with archive-style name/path","QuarantineExactDuplicate","False","False"
"Accounts/Reports/IGroup/Reports/ISP/trial.rpt","2881f642043ffb277bc3678490f36867c05464b0","52736","2","IGroup/Reports/ISP/trial.rpt","Unreferenced exact duplicate with archive-style name/path","QuarantineExactDuplicate","False","False"
"Accounts/Reports/IGroup/Reports/Mine/ClinicDailyReceptionInvoice (2).rpt","09e6bc3c959a144658b90ec29847a84f3eedee64","56320","2","IGroup/Reports/Mine/ClinicDailyReceptionInvoice (2).rpt","Unreferenced exact duplicate with archive-style name/path","QuarantineExactDuplicate","False","False"
"Accounts/Reports/IGroup/Reports/Mine/PharmacyDailySalesInvoice (2).rpt","e65942539322d2c030cd4f34b5cc72c7a43b3093","54784","2","IGroup/Reports/Mine/PharmacyDailySalesInvoice (2).rpt","Unreferenced exact duplicate with archive-style name/path","QuarantineExactDuplicate","False","False"
"Accounts/Reports/IGroup/Reports/MOH IB Report Final - Copy.rpt","4a72b17f268e75f0c63a7469e492035619d49071","66048","2","IGroup/Reports/MOH IB Report Final - Copy.rpt","Unreferenced exact duplicate with archive-style name/path","QuarantineExactDuplicate","False","False"
"Accounts/Reports/IGroup/Reports/Orig/ClinicBillPrint (2).rpt","bbf2535928ceb63f8972f77ec5ccf8d8e896378e","14848","2","Accounts/Reports/IGroup/Reports/Report Backups/ClinicBillPrint.rpt","Unreferenced exact duplicate with archive-style name/path","QuarantineExactDuplicate","False","False"
"Accounts/Reports/IGroup/Reports/PharmacyDailySalesInvoice - Copy.rpt","d8996cb2cdc80f7a6957ce83a93807e137522a19","173568","5","IGroup/Reports/PharmacyDailySalesInvoice - Copy.rpt","Unreferenced exact duplicate with archive-style name/path","QuarantineExactDuplicate","False","False"
"Accounts/Reports/IGroup/Reports/Posting/Credit Income Summary per Cost Center per Department per Company Small Font Trial.rpt","eabcf546bef7d0eeda55823b3629e74aa7bcaed0","62976","2","IGroup/Reports/Posting/Credit Income Summary per Cost Center per Department per Company Small Font Trial.rpt","Unreferenced exact duplicate with archive-style name/path","QuarantineExactDuplicate","False","False"
"Accounts/Reports/IGroup/Reports/QrCodeTest.rpt","6c13f257a228a3d151672f3d70bf4db39e8f1611","19456","2","IGroup/Reports/QrCodeTest.rpt","Unreferenced exact duplicate with archive-style name/path","QuarantineExactDuplicate","False","False"
"Accounts/Reports/IGroup/Reports/Report Backups/PharmacyDailySalesInvoice - Copy.rpt","d8996cb2cdc80f7a6957ce83a93807e137522a19","173568","5","IGroup/Reports/PharmacyDailySalesInvoice - Copy.rpt","Unreferenced exact duplicate with archive-style name/path","QuarantineExactDuplicate","False","False"
"Accounts/Reports/IGroup/Reports/RevenuePosting/test.rpt","f3a66f18a1e79d470f79737ef560eee155fc9030","56832","2","IGroup/Reports/RevenuePosting/test.rpt","Unreferenced exact duplicate with archive-style name/path","QuarantineExactDuplicate","False","False"
"Accounts/Reports/IGroup/Reports/Trial/1CombinedReportDateWise.rpt","92793c7b1a24fc5da98d2e97140f01e38c4cbdd4","53760","2","Accounts/Reports/IGroup/Reports/Backup/CombinedReportDateWise.rpt","Unreferenced exact duplicate with archive-style name/path","QuarantineExactDuplicate","False","False"
"Accounts/Reports/IGroup/Reports/Trial/1CombinedReportDateWise.rpt.orig.rpt","eb055ed78bb7587a345b9b5158e868aed84fa74c","52224","2","Accounts/Reports/IGroup/Reports/Backup/CombinedReportDateWise.rpt.orig.rpt","Unreferenced exact duplicate with archive-style name/path","QuarantineExactDuplicate","False","False"
"Accounts/Reports/IGroup/Reports/Trial/XDCMedicalReportForm.rpt","fe689a08cfca9b8fad0f2f0b841e6ce2eaa0fa73","46080","3","Accounts/Reports/IGroup/Reports/Report Backups/DCMedicalReportForm.rpt","Unreferenced exact duplicate with archive-style name/path","QuarantineExactDuplicate","False","False"
"Accounts/Reports/VAT/01-Revenue Sale Vat Report Summary Old.rpt","17129e1ed4a788927660b6120b598760575f37b8","12272128","2","Accounts/Reports/VAT/01-Revenue Sale Vat Report Summary.rpt","Unreferenced exact duplicate with archive-style name/path","QuarantineExactDuplicate","False","False"
"IGroup/Reports/DCMedicalReportFormOriginal.rpt","3161871dd31782e8ea56b0de0c5866cf458692a3","46592","4","IGroup/Reports/DCMedicalReportFormBackup.rpt","Unreferenced exact duplicate with archive-style name/path","QuarantineExactDuplicate","False","False"
"IGroup/Reports/IBLabSamplePrintingOriginal - Copy.rpt","dc9665c2bc2a280afc0b074dfb925ee8bc0cc4b8","18432","2","IGroup/Reports/IBLabSamplePrintingOriginal.rpt","Unreferenced exact duplicate with archive-style name/path","QuarantineExactDuplicate","False","False"
